"CONTA_SUPERIOR","CLASSE_CONTABIL","BK_CONTA11","BK_CONTA10","BK_CONTA9","BK_CONTA8","BK_CONTA7","BK_CONTA6","BK_CONTA5","BK_CONTA4","BK_CONTA3","BK_CONTA2","BK_CONTA1","CT1_DESC01_11","CT1_DESC01_10","CT1_DESC01_9","CT1_DESC01_8","CT1_DESC01_7","CT1_DESC01_6","CT1_DESC01_5","CT1_DESC01_4","CT1_DESC01_3","CT1_DESC01_2","CT1_DESC01_1","CT1_CONTA_11","CT1_CONTA_10","CT1_CONTA_9","CT1_CONTA_8","CT1_CONTA_7","CT1_CONTA_6","CT1_CONTA_5","CT1_CONTA_4","CT1_CONTA_3","CT1_CONTA_2","CT1_CONTA_1","BK_AK5_CODIGO5"
"                    ","1","P |01|CT1200||1","P |01|CT1200||1","P |01|CT1200||1","P |01|CT1200||1","P |01|CT1200||1","P |01|CT1200||1","P |01|CT1200||1","P |01|CT1200||1","P |01|CT1200||1","P |01|CT1200||1","P |01|CT1200||1","ATIVO                                   ","ATIVO                                   ","ATIVO                                   ","ATIVO                                   ","ATIVO                                   ","ATIVO                                   ","ATIVO                                   ","ATIVO                                   ","ATIVO                                   ","ATIVO                                   ","ATIVO                                   ","1                   ","1                   ","1                   ","1                   ","1                   ","1                   ","1                   ","1                   ","1                   ","1                   ","1                   ","P |01|AK5200||"
"                    ","1","P |01|CT1200||2","P |01|CT1200||2","P |01|CT1200||2","P |01|CT1200||2","P |01|CT1200||2","P |01|CT1200||2","P |01|CT1200||2","P |01|CT1200||2","P |01|CT1200||2","P |01|CT1200||2","P |01|CT1200||2","PASSIVO                                 ","PASSIVO                                 ","PASSIVO                                 ","PASSIVO                                 ","PASSIVO                                 ","PASSIVO                                 ","PASSIVO                                 ","PASSIVO                                 ","PASSIVO                                 ","PASSIVO                                 ","PASSIVO                                 ","2                   ","2                   ","2                   ","2                   ","2                   ","2                   ","2                   ","2                   ","2                   ","2                   ","2                   ","P |01|AK5200||"
"                    ","1","P |01|CT1200||3","P |01|CT1200||3","P |01|CT1200||3","P |01|CT1200||3","P |01|CT1200||3","P |01|CT1200||3","P |01|CT1200||3","P |01|CT1200||3","P |01|CT1200||3","P |01|CT1200||3","P |01|CT1200||3","RECEITAS OPERACIONAIS                   ","RECEITAS OPERACIONAIS                   ","RECEITAS OPERACIONAIS                   ","RECEITAS OPERACIONAIS                   ","RECEITAS OPERACIONAIS                   ","RECEITAS OPERACIONAIS                   ","RECEITAS OPERACIONAIS                   ","RECEITAS OPERACIONAIS                   ","RECEITAS OPERACIONAIS                   ","RECEITAS OPERACIONAIS                   ","RECEITAS OPERACIONAIS                   ","3                   ","3                   ","3                   ","3                   ","3                   ","3                   ","3                   ","3                   ","3                   ","3                   ","3                   ","P |01|AK5200||"
"                    ","1","P |01|CT1200||4","P |01|CT1200||4","P |01|CT1200||4","P |01|CT1200||4","P |01|CT1200||4","P |01|CT1200||4","P |01|CT1200||4","P |01|CT1200||4","P |01|CT1200||4","P |01|CT1200||4","P |01|CT1200||4","DESPESAS                                ","DESPESAS                                ","DESPESAS                                ","DESPESAS                                ","DESPESAS                                ","DESPESAS                                ","DESPESAS                                ","DESPESAS                                ","DESPESAS                                ","DESPESAS                                ","DESPESAS                                ","4                   ","4                   ","4                   ","4                   ","4                   ","4                   ","4                   ","4                   ","4                   ","4                   ","4                   ","P |01|AK5200||"
"                    ","1","P |01|CT1200||5","P |01|CT1200||5","P |01|CT1200||5","P |01|CT1200||5","P |01|CT1200||5","P |01|CT1200||5","P |01|CT1200||5","P |01|CT1200||5","P |01|CT1200||5","P |01|CT1200||5","P |01|CT1200||5","DESPESAS NAO OPERACIONAIS               ","DESPESAS NAO OPERACIONAIS               ","DESPESAS NAO OPERACIONAIS               ","DESPESAS NAO OPERACIONAIS               ","DESPESAS NAO OPERACIONAIS               ","DESPESAS NAO OPERACIONAIS               ","DESPESAS NAO OPERACIONAIS               ","DESPESAS NAO OPERACIONAIS               ","DESPESAS NAO OPERACIONAIS               ","DESPESAS NAO OPERACIONAIS               ","DESPESAS NAO OPERACIONAIS               ","5                   ","5                   ","5                   ","5                   ","5                   ","5                   ","5                   ","5                   ","5                   ","5                   ","5                   ","P |01|AK5200||"
"                    ","1","P |01|CT1200||6","P |01|CT1200||6","P |01|CT1200||6","P |01|CT1200||6","P |01|CT1200||6","P |01|CT1200||6","P |01|CT1200||6","P |01|CT1200||6","P |01|CT1200||6","P |01|CT1200||6","P |01|CT1200||6","RECEITAS FINANCEIRAS                    ","RECEITAS FINANCEIRAS                    ","RECEITAS FINANCEIRAS                    ","RECEITAS FINANCEIRAS                    ","RECEITAS FINANCEIRAS                    ","RECEITAS FINANCEIRAS                    ","RECEITAS FINANCEIRAS                    ","RECEITAS FINANCEIRAS                    ","RECEITAS FINANCEIRAS                    ","RECEITAS FINANCEIRAS                    ","RECEITAS FINANCEIRAS                    ","6                   ","6                   ","6                   ","6                   ","6                   ","6                   ","6                   ","6                   ","6                   ","6                   ","6                   ","P |01|AK5200||"
"                    ","1","P |01|CT1200||7","P |01|CT1200||7","P |01|CT1200||7","P |01|CT1200||7","P |01|CT1200||7","P |01|CT1200||7","P |01|CT1200||7","P |01|CT1200||7","P |01|CT1200||7","P |01|CT1200||7","P |01|CT1200||7","DISTRIBUICAO DE LUCROS                  ","DISTRIBUICAO DE LUCROS                  ","DISTRIBUICAO DE LUCROS                  ","DISTRIBUICAO DE LUCROS                  ","DISTRIBUICAO DE LUCROS                  ","DISTRIBUICAO DE LUCROS                  ","DISTRIBUICAO DE LUCROS                  ","DISTRIBUICAO DE LUCROS                  ","DISTRIBUICAO DE LUCROS                  ","DISTRIBUICAO DE LUCROS                  ","DISTRIBUICAO DE LUCROS                  ","7                   ","7                   ","7                   ","7                   ","7                   ","7                   ","7                   ","7                   ","7                   ","7                   ","7                   ","P |01|AK5200||"
"                    ","1","P |01|CT1200||8","P |01|CT1200||8","P |01|CT1200||8","P |01|CT1200||8","P |01|CT1200||8","P |01|CT1200||8","P |01|CT1200||8","P |01|CT1200||8","P |01|CT1200||8","P |01|CT1200||8","P |01|CT1200||8","PROVISOES IMPOSTOS S/RESULTADO          ","PROVISOES IMPOSTOS S/RESULTADO          ","PROVISOES IMPOSTOS S/RESULTADO          ","PROVISOES IMPOSTOS S/RESULTADO          ","PROVISOES IMPOSTOS S/RESULTADO          ","PROVISOES IMPOSTOS S/RESULTADO          ","PROVISOES IMPOSTOS S/RESULTADO          ","PROVISOES IMPOSTOS S/RESULTADO          ","PROVISOES IMPOSTOS S/RESULTADO          ","PROVISOES IMPOSTOS S/RESULTADO          ","PROVISOES IMPOSTOS S/RESULTADO          ","8                   ","8                   ","8                   ","8                   ","8                   ","8                   ","8                   ","8                   ","8                   ","8                   ","8                   ","P |01|AK5200||"
"                    ","1","P |01|CT1200||9","P |01|CT1200||9","P |01|CT1200||9","P |01|CT1200||9","P |01|CT1200||9","P |01|CT1200||9","P |01|CT1200||9","P |01|CT1200||9","P |01|CT1200||9","P |01|CT1200||9","P |01|CT1200||9","CONTAS TRANSITORIAS                     ","CONTAS TRANSITORIAS                     ","CONTAS TRANSITORIAS                     ","CONTAS TRANSITORIAS                     ","CONTAS TRANSITORIAS                     ","CONTAS TRANSITORIAS                     ","CONTAS TRANSITORIAS                     ","CONTAS TRANSITORIAS                     ","CONTAS TRANSITORIAS                     ","CONTAS TRANSITORIAS                     ","CONTAS TRANSITORIAS                     ","9                   ","9                   ","9                   ","9                   ","9                   ","9                   ","9                   ","9                   ","9                   ","9                   ","9                   ","P |01|AK5200||"
"                    ","2","P |01|CT1200||999999","P |01|CT1200||999999","P |01|CT1200||999999","P |01|CT1200||999999","P |01|CT1200||999999","P |01|CT1200||999999","P |01|CT1200||999999","P |01|CT1200||999999","P |01|CT1200||999999","P |01|CT1200||999999","P |01|CT1200||999999","EXCEDENTE LALUR                         ","EXCEDENTE LALUR                         ","EXCEDENTE LALUR                         ","EXCEDENTE LALUR                         ","EXCEDENTE LALUR                         ","EXCEDENTE LALUR                         ","EXCEDENTE LALUR                         ","EXCEDENTE LALUR                         ","EXCEDENTE LALUR                         ","EXCEDENTE LALUR                         ","EXCEDENTE LALUR                         ","999999              ","999999              ","999999              ","999999              ","999999              ","999999              ","999999              ","999999              ","999999              ","999999              ","999999              ","P |01|AK5200||"
"01 - INDEFINIDO","01 - INDEFINIDO","P |01|CT1200||","P |01|CT1200||","P |01|CT1200||","P |01|CT1200||","P |01|CT1200||","P |01|CT1200||","P |01|CT1200||","P |01|CT1200||","P |01|CT1200||","P |01|CT1200||","P |01|CT1200||","01 - INDEFINIDO","01 - INDEFINIDO","01 - INDEFINIDO","01 - INDEFINIDO","01 - INDEFINIDO","01 - INDEFINIDO","01 - INDEFINIDO","01 - INDEFINIDO","01 - INDEFINIDO","01 - INDEFINIDO","01 - INDEFINIDO","01 - INDEFINIDO","01 - INDEFINIDO","01 - INDEFINIDO","01 - INDEFINIDO","01 - INDEFINIDO","01 - INDEFINIDO","01 - INDEFINIDO","01 - INDEFINIDO","01 - INDEFINIDO","01 - INDEFINIDO","01 - INDEFINIDO","P |01|AK5200||"
"1                   ","1","P |01|CT1200||11","P |01|CT1200||11","P |01|CT1200||11","P |01|CT1200||11","P |01|CT1200||11","P |01|CT1200||11","P |01|CT1200||11","P |01|CT1200||11","P |01|CT1200||11","P |01|CT1200||11","P |01|CT1200||1","ATIVO CIRCULANTE                        ","ATIVO CIRCULANTE                        ","ATIVO CIRCULANTE                        ","ATIVO CIRCULANTE                        ","ATIVO CIRCULANTE                        ","ATIVO CIRCULANTE                        ","ATIVO CIRCULANTE                        ","ATIVO CIRCULANTE                        ","ATIVO CIRCULANTE                        ","ATIVO CIRCULANTE                        ","ATIVO                                   ","11                  ","11                  ","11                  ","11                  ","11                  ","11                  ","11                  ","11                  ","11                  ","11                  ","1                   ","P |01|AK5200||"
"1                   ","1","P |01|CT1200||12","P |01|CT1200||12","P |01|CT1200||12","P |01|CT1200||12","P |01|CT1200||12","P |01|CT1200||12","P |01|CT1200||12","P |01|CT1200||12","P |01|CT1200||12","P |01|CT1200||12","P |01|CT1200||1","ATIVO NAO CIRCULANTE                    ","ATIVO NAO CIRCULANTE                    ","ATIVO NAO CIRCULANTE                    ","ATIVO NAO CIRCULANTE                    ","ATIVO NAO CIRCULANTE                    ","ATIVO NAO CIRCULANTE                    ","ATIVO NAO CIRCULANTE                    ","ATIVO NAO CIRCULANTE                    ","ATIVO NAO CIRCULANTE                    ","ATIVO NAO CIRCULANTE                    ","ATIVO                                   ","12                  ","12                  ","12                  ","12                  ","12                  ","12                  ","12                  ","12                  ","12                  ","12                  ","1                   ","P |01|AK5200||"
"11                  ","1","P |01|CT1200||1101","P |01|CT1200||1101","P |01|CT1200||1101","P |01|CT1200||1101","P |01|CT1200||1101","P |01|CT1200||1101","P |01|CT1200||1101","P |01|CT1200||1101","P |01|CT1200||1101","P |01|CT1200||11","P |01|CT1200||1","DISPONIBILIDADE                         ","DISPONIBILIDADE                         ","DISPONIBILIDADE                         ","DISPONIBILIDADE                         ","DISPONIBILIDADE                         ","DISPONIBILIDADE                         ","DISPONIBILIDADE                         ","DISPONIBILIDADE                         ","DISPONIBILIDADE                         ","ATIVO CIRCULANTE                        ","ATIVO                                   ","1101                ","1101                ","1101                ","1101                ","1101                ","1101                ","1101                ","1101                ","1101                ","11                  ","1                   ","P |01|AK5200||"
"11                  ","1","P |01|CT1200||1102","P |01|CT1200||1102","P |01|CT1200||1102","P |01|CT1200||1102","P |01|CT1200||1102","P |01|CT1200||1102","P |01|CT1200||1102","P |01|CT1200||1102","P |01|CT1200||1102","P |01|CT1200||11","P |01|CT1200||1","REALIZAVEIS DE CURTO PRAZO              ","REALIZAVEIS DE CURTO PRAZO              ","REALIZAVEIS DE CURTO PRAZO              ","REALIZAVEIS DE CURTO PRAZO              ","REALIZAVEIS DE CURTO PRAZO              ","REALIZAVEIS DE CURTO PRAZO              ","REALIZAVEIS DE CURTO PRAZO              ","REALIZAVEIS DE CURTO PRAZO              ","REALIZAVEIS DE CURTO PRAZO              ","ATIVO CIRCULANTE                        ","ATIVO                                   ","1102                ","1102                ","1102                ","1102                ","1102                ","1102                ","1102                ","1102                ","1102                ","11                  ","1                   ","P |01|AK5200||"
"1101                ","1","P |01|CT1200||11011","P |01|CT1200||11011","P |01|CT1200||11011","P |01|CT1200||11011","P |01|CT1200||11011","P |01|CT1200||11011","P |01|CT1200||11011","P |01|CT1200||11011","P |01|CT1200||1101","P |01|CT1200||11","P |01|CT1200||1","CAIXA                                   ","CAIXA                                   ","CAIXA                                   ","CAIXA                                   ","CAIXA                                   ","CAIXA                                   ","CAIXA                                   ","CAIXA                                   ","DISPONIBILIDADE                         ","ATIVO CIRCULANTE                        ","ATIVO                                   ","11011               ","11011               ","11011               ","11011               ","11011               ","11011               ","11011               ","11011               ","1101                ","11                  ","1                   ","P |01|AK5200||"
"1101                ","1","P |01|CT1200||11012","P |01|CT1200||11012","P |01|CT1200||11012","P |01|CT1200||11012","P |01|CT1200||11012","P |01|CT1200||11012","P |01|CT1200||11012","P |01|CT1200||11012","P |01|CT1200||1101","P |01|CT1200||11","P |01|CT1200||1","BANCOS CONTA MOVIMENTO                  ","BANCOS CONTA MOVIMENTO                  ","BANCOS CONTA MOVIMENTO                  ","BANCOS CONTA MOVIMENTO                  ","BANCOS CONTA MOVIMENTO                  ","BANCOS CONTA MOVIMENTO                  ","BANCOS CONTA MOVIMENTO                  ","BANCOS CONTA MOVIMENTO                  ","DISPONIBILIDADE                         ","ATIVO CIRCULANTE                        ","ATIVO                                   ","11012               ","11012               ","11012               ","11012               ","11012               ","11012               ","11012               ","11012               ","1101                ","11                  ","1                   ","P |01|AK5200||"
"1101                ","1","P |01|CT1200||11013","P |01|CT1200||11013","P |01|CT1200||11013","P |01|CT1200||11013","P |01|CT1200||11013","P |01|CT1200||11013","P |01|CT1200||11013","P |01|CT1200||11013","P |01|CT1200||1101","P |01|CT1200||11","P |01|CT1200||1","BANCOS C/ MOVIMENTO INCORPORADAS        ","BANCOS C/ MOVIMENTO INCORPORADAS        ","BANCOS C/ MOVIMENTO INCORPORADAS        ","BANCOS C/ MOVIMENTO INCORPORADAS        ","BANCOS C/ MOVIMENTO INCORPORADAS        ","BANCOS C/ MOVIMENTO INCORPORADAS        ","BANCOS C/ MOVIMENTO INCORPORADAS        ","BANCOS C/ MOVIMENTO INCORPORADAS        ","DISPONIBILIDADE                         ","ATIVO CIRCULANTE                        ","ATIVO                                   ","11013               ","11013               ","11013               ","11013               ","11013               ","11013               ","11013               ","11013               ","1101                ","11                  ","1                   ","P |01|AK5200||"
"1101                ","1","P |01|CT1200||11014","P |01|CT1200||11014","P |01|CT1200||11014","P |01|CT1200||11014","P |01|CT1200||11014","P |01|CT1200||11014","P |01|CT1200||11014","P |01|CT1200||11014","P |01|CT1200||1101","P |01|CT1200||11","P |01|CT1200||1","BANCOS C/APLICACOES                     ","BANCOS C/APLICACOES                     ","BANCOS C/APLICACOES                     ","BANCOS C/APLICACOES                     ","BANCOS C/APLICACOES                     ","BANCOS C/APLICACOES                     ","BANCOS C/APLICACOES                     ","BANCOS C/APLICACOES                     ","DISPONIBILIDADE                         ","ATIVO CIRCULANTE                        ","ATIVO                                   ","11014               ","11014               ","11014               ","11014               ","11014               ","11014               ","11014               ","11014               ","1101                ","11                  ","1                   ","P |01|AK5200||"
"11011               ","2","P |01|CT1200||11011001","P |01|CT1200||11011001","P |01|CT1200||11011001","P |01|CT1200||11011001","P |01|CT1200||11011001","P |01|CT1200||11011001","P |01|CT1200||11011001","P |01|CT1200||11011","P |01|CT1200||1101","P |01|CT1200||11","P |01|CT1200||1","CAIXINHA WAYUP SERVICOS                 ","CAIXINHA WAYUP SERVICOS                 ","CAIXINHA WAYUP SERVICOS                 ","CAIXINHA WAYUP SERVICOS                 ","CAIXINHA WAYUP SERVICOS                 ","CAIXINHA WAYUP SERVICOS                 ","CAIXINHA WAYUP SERVICOS                 ","CAIXA                                   ","DISPONIBILIDADE                         ","ATIVO CIRCULANTE                        ","ATIVO                                   ","11011001            ","11011001            ","11011001            ","11011001            ","11011001            ","11011001            ","11011001            ","11011               ","1101                ","11                  ","1                   ","P |01|AK5200||"
"11011               ","2","P |01|CT1200||11011002","P |01|CT1200||11011002","P |01|CT1200||11011002","P |01|CT1200||11011002","P |01|CT1200||11011002","P |01|CT1200||11011002","P |01|CT1200||11011002","P |01|CT1200||11011","P |01|CT1200||1101","P |01|CT1200||11","P |01|CT1200||1","CAIXINHA-WAYUP SERVICOS - BAURU         ","CAIXINHA-WAYUP SERVICOS - BAURU         ","CAIXINHA-WAYUP SERVICOS - BAURU         ","CAIXINHA-WAYUP SERVICOS - BAURU         ","CAIXINHA-WAYUP SERVICOS - BAURU         ","CAIXINHA-WAYUP SERVICOS - BAURU         ","CAIXINHA-WAYUP SERVICOS - BAURU         ","CAIXA                                   ","DISPONIBILIDADE                         ","ATIVO CIRCULANTE                        ","ATIVO                                   ","11011002            ","11011002            ","11011002            ","11011002            ","11011002            ","11011002            ","11011002            ","11011               ","1101                ","11                  ","1                   ","P |01|AK5200||"
"11011               ","2","P |01|CT1200||11011003","P |01|CT1200||11011003","P |01|CT1200||11011003","P |01|CT1200||11011003","P |01|CT1200||11011003","P |01|CT1200||11011003","P |01|CT1200||11011003","P |01|CT1200||11011","P |01|CT1200||1101","P |01|CT1200||11","P |01|CT1200||1","CAIXINHA-WAYUP SERVICOS- MS             ","CAIXINHA-WAYUP SERVICOS- MS             ","CAIXINHA-WAYUP SERVICOS- MS             ","CAIXINHA-WAYUP SERVICOS- MS             ","CAIXINHA-WAYUP SERVICOS- MS             ","CAIXINHA-WAYUP SERVICOS- MS             ","CAIXINHA-WAYUP SERVICOS- MS             ","CAIXA                                   ","DISPONIBILIDADE                         ","ATIVO CIRCULANTE                        ","ATIVO                                   ","11011003            ","11011003            ","11011003            ","11011003            ","11011003            ","11011003            ","11011003            ","11011               ","1101                ","11                  ","1                   ","P |01|AK5200||"
"11011               ","2","P |01|CT1200||11011004","P |01|CT1200||11011004","P |01|CT1200||11011004","P |01|CT1200||11011004","P |01|CT1200||11011004","P |01|CT1200||11011004","P |01|CT1200||11011004","P |01|CT1200||11011","P |01|CT1200||1101","P |01|CT1200||11","P |01|CT1200||1","CAIXINHA-WAYUP SERVICOS- MARINGA        ","CAIXINHA-WAYUP SERVICOS- MARINGA        ","CAIXINHA-WAYUP SERVICOS- MARINGA        ","CAIXINHA-WAYUP SERVICOS- MARINGA        ","CAIXINHA-WAYUP SERVICOS- MARINGA        ","CAIXINHA-WAYUP SERVICOS- MARINGA        ","CAIXINHA-WAYUP SERVICOS- MARINGA        ","CAIXA                                   ","DISPONIBILIDADE                         ","ATIVO CIRCULANTE                        ","ATIVO                                   ","11011004            ","11011004            ","11011004            ","11011004            ","11011004            ","11011004            ","11011004            ","11011               ","1101                ","11                  ","1                   ","P |01|AK5200||"
"11011               ","2","P |01|CT1200||11011005","P |01|CT1200||11011005","P |01|CT1200||11011005","P |01|CT1200||11011005","P |01|CT1200||11011005","P |01|CT1200||11011005","P |01|CT1200||11011005","P |01|CT1200||11011","P |01|CT1200||1101","P |01|CT1200||11","P |01|CT1200||1","CAIXINHA-WAYUP SERVICOS- LONDRINA       ","CAIXINHA-WAYUP SERVICOS- LONDRINA       ","CAIXINHA-WAYUP SERVICOS- LONDRINA       ","CAIXINHA-WAYUP SERVICOS- LONDRINA       ","CAIXINHA-WAYUP SERVICOS- LONDRINA       ","CAIXINHA-WAYUP SERVICOS- LONDRINA       ","CAIXINHA-WAYUP SERVICOS- LONDRINA       ","CAIXA                                   ","DISPONIBILIDADE                         ","ATIVO CIRCULANTE                        ","ATIVO                                   ","11011005            ","11011005            ","11011005            ","11011005            ","11011005            ","11011005            ","11011005            ","11011               ","1101                ","11                  ","1                   ","P |01|AK5200||"
"11011               ","2","P |01|CT1200||11011006","P |01|CT1200||11011006","P |01|CT1200||11011006","P |01|CT1200||11011006","P |01|CT1200||11011006","P |01|CT1200||11011006","P |01|CT1200||11011006","P |01|CT1200||11011","P |01|CT1200||1101","P |01|CT1200||11","P |01|CT1200||1","CAIXINHA-WAYUP SERVICOS- CASCAVEL       ","CAIXINHA-WAYUP SERVICOS- CASCAVEL       ","CAIXINHA-WAYUP SERVICOS- CASCAVEL       ","CAIXINHA-WAYUP SERVICOS- CASCAVEL       ","CAIXINHA-WAYUP SERVICOS- CASCAVEL       ","CAIXINHA-WAYUP SERVICOS- CASCAVEL       ","CAIXINHA-WAYUP SERVICOS- CASCAVEL       ","CAIXA                                   ","DISPONIBILIDADE                         ","ATIVO CIRCULANTE                        ","ATIVO                                   ","11011006            ","11011006            ","11011006            ","11011006            ","11011006            ","11011006            ","11011006            ","11011               ","1101                ","11                  ","1                   ","P |01|AK5200||"
"11011               ","2","P |01|CT1200||11011007","P |01|CT1200||11011007","P |01|CT1200||11011007","P |01|CT1200||11011007","P |01|CT1200||11011007","P |01|CT1200||11011007","P |01|CT1200||11011007","P |01|CT1200||11011","P |01|CT1200||1101","P |01|CT1200||11","P |01|CT1200||1","CAIXINHA - WAYUP SERVCOS - CASCAVEL II  ","CAIXINHA - WAYUP SERVCOS - CASCAVEL II  ","CAIXINHA - WAYUP SERVCOS - CASCAVEL II  ","CAIXINHA - WAYUP SERVCOS - CASCAVEL II  ","CAIXINHA - WAYUP SERVCOS - CASCAVEL II  ","CAIXINHA - WAYUP SERVCOS - CASCAVEL II  ","CAIXINHA - WAYUP SERVCOS - CASCAVEL II  ","CAIXA                                   ","DISPONIBILIDADE                         ","ATIVO CIRCULANTE                        ","ATIVO                                   ","11011007            ","11011007            ","11011007            ","11011007            ","11011007            ","11011007            ","11011007            ","11011               ","1101                ","11                  ","1                   ","P |01|AK5200||"
"11011               ","2","P |01|CT1200||11011008","P |01|CT1200||11011008","P |01|CT1200||11011008","P |01|CT1200||11011008","P |01|CT1200||11011008","P |01|CT1200||11011008","P |01|CT1200||11011008","P |01|CT1200||11011","P |01|CT1200||1101","P |01|CT1200||11","P |01|CT1200||1","CAIXINHA OBRA- NOVA SEDE                ","CAIXINHA OBRA- NOVA SEDE                ","CAIXINHA OBRA- NOVA SEDE                ","CAIXINHA OBRA- NOVA SEDE                ","CAIXINHA OBRA- NOVA SEDE                ","CAIXINHA OBRA- NOVA SEDE                ","CAIXINHA OBRA- NOVA SEDE                ","CAIXA                                   ","DISPONIBILIDADE                         ","ATIVO CIRCULANTE                        ","ATIVO                                   ","11011008            ","11011008            ","11011008            ","11011008            ","11011008            ","11011008            ","11011008            ","11011               ","1101                ","11                  ","1                   ","P |01|AK5200||"
"11012               ","2","P |01|CT1200||11012001","P |01|CT1200||11012001","P |01|CT1200||11012001","P |01|CT1200||11012001","P |01|CT1200||11012001","P |01|CT1200||11012001","P |01|CT1200||11012001","P |01|CT1200||11012","P |01|CT1200||1101","P |01|CT1200||11","P |01|CT1200||1","ITAU- WAYUP SERVICOS-CC 99896-7         ","ITAU- WAYUP SERVICOS-CC 99896-7         ","ITAU- WAYUP SERVICOS-CC 99896-7         ","ITAU- WAYUP SERVICOS-CC 99896-7         ","ITAU- WAYUP SERVICOS-CC 99896-7         ","ITAU- WAYUP SERVICOS-CC 99896-7         ","ITAU- WAYUP SERVICOS-CC 99896-7         ","BANCOS CONTA MOVIMENTO                  ","DISPONIBILIDADE                         ","ATIVO CIRCULANTE                        ","ATIVO                                   ","11012001            ","11012001            ","11012001            ","11012001            ","11012001            ","11012001            ","11012001            ","11012               ","1101                ","11                  ","1                   ","P |01|AK5200||"
"11012               ","2","P |01|CT1200||11012002","P |01|CT1200||11012002","P |01|CT1200||11012002","P |01|CT1200||11012002","P |01|CT1200||11012002","P |01|CT1200||11012002","P |01|CT1200||11012002","P |01|CT1200||11012","P |01|CT1200||1101","P |01|CT1200||11","P |01|CT1200||1","B.BRASIL-WAYUP SERVICOS CC 23937-2      ","B.BRASIL-WAYUP SERVICOS CC 23937-2      ","B.BRASIL-WAYUP SERVICOS CC 23937-2      ","B.BRASIL-WAYUP SERVICOS CC 23937-2      ","B.BRASIL-WAYUP SERVICOS CC 23937-2      ","B.BRASIL-WAYUP SERVICOS CC 23937-2      ","B.BRASIL-WAYUP SERVICOS CC 23937-2      ","BANCOS CONTA MOVIMENTO                  ","DISPONIBILIDADE                         ","ATIVO CIRCULANTE                        ","ATIVO                                   ","11012002            ","11012002            ","11012002            ","11012002            ","11012002            ","11012002            ","11012002            ","11012               ","1101                ","11                  ","1                   ","P |01|AK5200||"
"11012               ","2","P |01|CT1200||11012003","P |01|CT1200||11012003","P |01|CT1200||11012003","P |01|CT1200||11012003","P |01|CT1200||11012003","P |01|CT1200||11012003","P |01|CT1200||11012003","P |01|CT1200||11012","P |01|CT1200||1101","P |01|CT1200||11","P |01|CT1200||1","ITAU- WAYUP SJRP - CC 24400-8           ","ITAU- WAYUP SJRP - CC 24400-8           ","ITAU- WAYUP SJRP - CC 24400-8           ","ITAU- WAYUP SJRP - CC 24400-8           ","ITAU- WAYUP SJRP - CC 24400-8           ","ITAU- WAYUP SJRP - CC 24400-8           ","ITAU- WAYUP SJRP - CC 24400-8           ","BANCOS CONTA MOVIMENTO                  ","DISPONIBILIDADE                         ","ATIVO CIRCULANTE                        ","ATIVO                                   ","11012003            ","11012003            ","11012003            ","11012003            ","11012003            ","11012003            ","11012003            ","11012               ","1101                ","11                  ","1                   ","P |01|AK5200||"
"11012               ","2","P |01|CT1200||11012004","P |01|CT1200||11012004","P |01|CT1200||11012004","P |01|CT1200||11012004","P |01|CT1200||11012004","P |01|CT1200||11012004","P |01|CT1200||11012004","P |01|CT1200||11012","P |01|CT1200||1101","P |01|CT1200||11","P |01|CT1200||1","B.BRASIL - WAYUP SJRP - CC 23667-5      ","B.BRASIL - WAYUP SJRP - CC 23667-5      ","B.BRASIL - WAYUP SJRP - CC 23667-5      ","B.BRASIL - WAYUP SJRP - CC 23667-5      ","B.BRASIL - WAYUP SJRP - CC 23667-5      ","B.BRASIL - WAYUP SJRP - CC 23667-5      ","B.BRASIL - WAYUP SJRP - CC 23667-5      ","BANCOS CONTA MOVIMENTO                  ","DISPONIBILIDADE                         ","ATIVO CIRCULANTE                        ","ATIVO                                   ","11012004            ","11012004            ","11012004            ","11012004            ","11012004            ","11012004            ","11012004            ","11012               ","1101                ","11                  ","1                   ","P |01|AK5200||"
"11012               ","2","P |01|CT1200||11012005","P |01|CT1200||11012005","P |01|CT1200||11012005","P |01|CT1200||11012005","P |01|CT1200||11012005","P |01|CT1200||11012005","P |01|CT1200||11012005","P |01|CT1200||11012","P |01|CT1200||1101","P |01|CT1200||11","P |01|CT1200||1","BRADESCO - WAYUP SJRP - CC 13000-1      ","BRADESCO - WAYUP SJRP - CC 13000-1      ","BRADESCO - WAYUP SJRP - CC 13000-1      ","BRADESCO - WAYUP SJRP - CC 13000-1      ","BRADESCO - WAYUP SJRP - CC 13000-1      ","BRADESCO - WAYUP SJRP - CC 13000-1      ","BRADESCO - WAYUP SJRP - CC 13000-1      ","BANCOS CONTA MOVIMENTO                  ","DISPONIBILIDADE                         ","ATIVO CIRCULANTE                        ","ATIVO                                   ","11012005            ","11012005            ","11012005            ","11012005            ","11012005            ","11012005            ","11012005            ","11012               ","1101                ","11                  ","1                   ","P |01|AK5200||"
"11012               ","2","P |01|CT1200||11012006","P |01|CT1200||11012006","P |01|CT1200||11012006","P |01|CT1200||11012006","P |01|CT1200||11012006","P |01|CT1200||11012006","P |01|CT1200||11012006","P |01|CT1200||11012","P |01|CT1200||1101","P |01|CT1200||11","P |01|CT1200||1","ITAU SERVICOS- MARINGA CC 99465-0       ","ITAU SERVICOS- MARINGA CC 99465-0       ","ITAU SERVICOS- MARINGA CC 99465-0       ","ITAU SERVICOS- MARINGA CC 99465-0       ","ITAU SERVICOS- MARINGA CC 99465-0       ","ITAU SERVICOS- MARINGA CC 99465-0       ","ITAU SERVICOS- MARINGA CC 99465-0       ","BANCOS CONTA MOVIMENTO                  ","DISPONIBILIDADE                         ","ATIVO CIRCULANTE                        ","ATIVO                                   ","11012006            ","11012006            ","11012006            ","11012006            ","11012006            ","11012006            ","11012006            ","11012               ","1101                ","11                  ","1                   ","P |01|AK5200||"
"11012               ","2","P |01|CT1200||11012007","P |01|CT1200||11012007","P |01|CT1200||11012007","P |01|CT1200||11012007","P |01|CT1200||11012007","P |01|CT1200||11012007","P |01|CT1200||11012007","P |01|CT1200||11012","P |01|CT1200||1101","P |01|CT1200||11","P |01|CT1200||1","ITAU SERVICOS - LONDRINA - CC 99508-8   ","ITAU SERVICOS - LONDRINA - CC 99508-8   ","ITAU SERVICOS - LONDRINA - CC 99508-8   ","ITAU SERVICOS - LONDRINA - CC 99508-8   ","ITAU SERVICOS - LONDRINA - CC 99508-8   ","ITAU SERVICOS - LONDRINA - CC 99508-8   ","ITAU SERVICOS - LONDRINA - CC 99508-8   ","BANCOS CONTA MOVIMENTO                  ","DISPONIBILIDADE                         ","ATIVO CIRCULANTE                        ","ATIVO                                   ","11012007            ","11012007            ","11012007            ","11012007            ","11012007            ","11012007            ","11012007            ","11012               ","1101                ","11                  ","1                   ","P |01|AK5200||"
"11012               ","2","P |01|CT1200||11012008","P |01|CT1200||11012008","P |01|CT1200||11012008","P |01|CT1200||11012008","P |01|CT1200||11012008","P |01|CT1200||11012008","P |01|CT1200||11012008","P |01|CT1200||11012","P |01|CT1200||1101","P |01|CT1200||11","P |01|CT1200||1","ITAU SERVICOS - C.GRANDE- CC 99749-5    ","ITAU SERVICOS - C.GRANDE- CC 99749-5    ","ITAU SERVICOS - C.GRANDE- CC 99749-5    ","ITAU SERVICOS - C.GRANDE- CC 99749-5    ","ITAU SERVICOS - C.GRANDE- CC 99749-5    ","ITAU SERVICOS - C.GRANDE- CC 99749-5    ","ITAU SERVICOS - C.GRANDE- CC 99749-5    ","BANCOS CONTA MOVIMENTO                  ","DISPONIBILIDADE                         ","ATIVO CIRCULANTE                        ","ATIVO                                   ","11012008            ","11012008            ","11012008            ","11012008            ","11012008            ","11012008            ","11012008            ","11012               ","1101                ","11                  ","1                   ","P |01|AK5200||"
"11012               ","2","P |01|CT1200||11012009","P |01|CT1200||11012009","P |01|CT1200||11012009","P |01|CT1200||11012009","P |01|CT1200||11012009","P |01|CT1200||11012009","P |01|CT1200||11012009","P |01|CT1200||11012","P |01|CT1200||1101","P |01|CT1200||11","P |01|CT1200||1","ITAU SERVICOS BAURU - CC 99897-4        ","ITAU SERVICOS BAURU - CC 99897-4        ","ITAU SERVICOS BAURU - CC 99897-4        ","ITAU SERVICOS BAURU - CC 99897-4        ","ITAU SERVICOS BAURU - CC 99897-4        ","ITAU SERVICOS BAURU - CC 99897-4        ","ITAU SERVICOS BAURU - CC 99897-4        ","BANCOS CONTA MOVIMENTO                  ","DISPONIBILIDADE                         ","ATIVO CIRCULANTE                        ","ATIVO                                   ","11012009            ","11012009            ","11012009            ","11012009            ","11012009            ","11012009            ","11012009            ","11012               ","1101                ","11                  ","1                   ","P |01|AK5200||"
"11012               ","2","P |01|CT1200||11012010","P |01|CT1200||11012010","P |01|CT1200||11012010","P |01|CT1200||11012010","P |01|CT1200||11012010","P |01|CT1200||11012010","P |01|CT1200||11012010","P |01|CT1200||11012","P |01|CT1200||1101","P |01|CT1200||11","P |01|CT1200||1","ITAU SJRP - MARINGA - CC 99466-8        ","ITAU SJRP - MARINGA - CC 99466-8        ","ITAU SJRP - MARINGA - CC 99466-8        ","ITAU SJRP - MARINGA - CC 99466-8        ","ITAU SJRP - MARINGA - CC 99466-8        ","ITAU SJRP - MARINGA - CC 99466-8        ","ITAU SJRP - MARINGA - CC 99466-8        ","BANCOS CONTA MOVIMENTO                  ","DISPONIBILIDADE                         ","ATIVO CIRCULANTE                        ","ATIVO                                   ","11012010            ","11012010            ","11012010            ","11012010            ","11012010            ","11012010            ","11012010            ","11012               ","1101                ","11                  ","1                   ","P |01|AK5200||"
"11012               ","2","P |01|CT1200||11012011","P |01|CT1200||11012011","P |01|CT1200||11012011","P |01|CT1200||11012011","P |01|CT1200||11012011","P |01|CT1200||11012011","P |01|CT1200||11012011","P |01|CT1200||11012","P |01|CT1200||1101","P |01|CT1200||11","P |01|CT1200||1","ITAU SJRP- BAURU - CC 99898-2           ","ITAU SJRP- BAURU - CC 99898-2           ","ITAU SJRP- BAURU - CC 99898-2           ","ITAU SJRP- BAURU - CC 99898-2           ","ITAU SJRP- BAURU - CC 99898-2           ","ITAU SJRP- BAURU - CC 99898-2           ","ITAU SJRP- BAURU - CC 99898-2           ","BANCOS CONTA MOVIMENTO                  ","DISPONIBILIDADE                         ","ATIVO CIRCULANTE                        ","ATIVO                                   ","11012011            ","11012011            ","11012011            ","11012011            ","11012011            ","11012011            ","11012011            ","11012               ","1101                ","11                  ","1                   ","P |01|AK5200||"
"11012               ","2","P |01|CT1200||11012012","P |01|CT1200||11012012","P |01|CT1200||11012012","P |01|CT1200||11012012","P |01|CT1200||11012012","P |01|CT1200||11012012","P |01|CT1200||11012012","P |01|CT1200||11012","P |01|CT1200||1101","P |01|CT1200||11","P |01|CT1200||1","BCO BRASIL SERVICOS  MARINGA CC 24197-0 ","BCO BRASIL SERVICOS  MARINGA CC 24197-0 ","BCO BRASIL SERVICOS  MARINGA CC 24197-0 ","BCO BRASIL SERVICOS  MARINGA CC 24197-0 ","BCO BRASIL SERVICOS  MARINGA CC 24197-0 ","BCO BRASIL SERVICOS  MARINGA CC 24197-0 ","BCO BRASIL SERVICOS  MARINGA CC 24197-0 ","BANCOS CONTA MOVIMENTO                  ","DISPONIBILIDADE                         ","ATIVO CIRCULANTE                        ","ATIVO                                   ","11012012            ","11012012            ","11012012            ","11012012            ","11012012            ","11012012            ","11012012            ","11012               ","1101                ","11                  ","1                   ","P |01|AK5200||"
"11012               ","2","P |01|CT1200||11012013","P |01|CT1200||11012013","P |01|CT1200||11012013","P |01|CT1200||11012013","P |01|CT1200||11012013","P |01|CT1200||11012013","P |01|CT1200||11012013","P |01|CT1200||11012","P |01|CT1200||1101","P |01|CT1200||11","P |01|CT1200||1","B BRASIL SJRP MARINGA CC 24200-4        ","B BRASIL SJRP MARINGA CC 24200-4        ","B BRASIL SJRP MARINGA CC 24200-4        ","B BRASIL SJRP MARINGA CC 24200-4        ","B BRASIL SJRP MARINGA CC 24200-4        ","B BRASIL SJRP MARINGA CC 24200-4        ","B BRASIL SJRP MARINGA CC 24200-4        ","BANCOS CONTA MOVIMENTO                  ","DISPONIBILIDADE                         ","ATIVO CIRCULANTE                        ","ATIVO                                   ","11012013            ","11012013            ","11012013            ","11012013            ","11012013            ","11012013            ","11012013            ","11012               ","1101                ","11                  ","1                   ","P |01|AK5200||"
"11012               ","2","P |01|CT1200||11012014","P |01|CT1200||11012014","P |01|CT1200||11012014","P |01|CT1200||11012014","P |01|CT1200||11012014","P |01|CT1200||11012014","P |01|CT1200||11012014","P |01|CT1200||11012","P |01|CT1200||1101","P |01|CT1200||11","P |01|CT1200||1","B BRASIL SERVICOS LONDRINA - CC 24199-7 ","B BRASIL SERVICOS LONDRINA - CC 24199-7 ","B BRASIL SERVICOS LONDRINA - CC 24199-7 ","B BRASIL SERVICOS LONDRINA - CC 24199-7 ","B BRASIL SERVICOS LONDRINA - CC 24199-7 ","B BRASIL SERVICOS LONDRINA - CC 24199-7 ","B BRASIL SERVICOS LONDRINA - CC 24199-7 ","BANCOS CONTA MOVIMENTO                  ","DISPONIBILIDADE                         ","ATIVO CIRCULANTE                        ","ATIVO                                   ","11012014            ","11012014            ","11012014            ","11012014            ","11012014            ","11012014            ","11012014            ","11012               ","1101                ","11                  ","1                   ","P |01|AK5200||"
"11012               ","2","P |01|CT1200||11012015","P |01|CT1200||11012015","P |01|CT1200||11012015","P |01|CT1200||11012015","P |01|CT1200||11012015","P |01|CT1200||11012015","P |01|CT1200||11012015","P |01|CT1200||11012","P |01|CT1200||1101","P |01|CT1200||11","P |01|CT1200||1","B BRASIL SERVICOS-C.GRANDE CC 24196-2   ","B BRASIL SERVICOS-C.GRANDE CC 24196-2   ","B BRASIL SERVICOS-C.GRANDE CC 24196-2   ","B BRASIL SERVICOS-C.GRANDE CC 24196-2   ","B BRASIL SERVICOS-C.GRANDE CC 24196-2   ","B BRASIL SERVICOS-C.GRANDE CC 24196-2   ","B BRASIL SERVICOS-C.GRANDE CC 24196-2   ","BANCOS CONTA MOVIMENTO                  ","DISPONIBILIDADE                         ","ATIVO CIRCULANTE                        ","ATIVO                                   ","11012015            ","11012015            ","11012015            ","11012015            ","11012015            ","11012015            ","11012015            ","11012               ","1101                ","11                  ","1                   ","P |01|AK5200||"
"11012               ","2","P |01|CT1200||11012016","P |01|CT1200||11012016","P |01|CT1200||11012016","P |01|CT1200||11012016","P |01|CT1200||11012016","P |01|CT1200||11012016","P |01|CT1200||11012016","P |01|CT1200||11012","P |01|CT1200||1101","P |01|CT1200||11","P |01|CT1200||1","B BRASIL SERVICOS - BAURU CC 24195-4    ","B BRASIL SERVICOS - BAURU CC 24195-4    ","B BRASIL SERVICOS - BAURU CC 24195-4    ","B BRASIL SERVICOS - BAURU CC 24195-4    ","B BRASIL SERVICOS - BAURU CC 24195-4    ","B BRASIL SERVICOS - BAURU CC 24195-4    ","B BRASIL SERVICOS - BAURU CC 24195-4    ","BANCOS CONTA MOVIMENTO                  ","DISPONIBILIDADE                         ","ATIVO CIRCULANTE                        ","ATIVO                                   ","11012016            ","11012016            ","11012016            ","11012016            ","11012016            ","11012016            ","11012016            ","11012               ","1101                ","11                  ","1                   ","P |01|AK5200||"
"11012               ","2","P |01|CT1200||11012017","P |01|CT1200||11012017","P |01|CT1200||11012017","P |01|CT1200||11012017","P |01|CT1200||11012017","P |01|CT1200||11012017","P |01|CT1200||11012017","P |01|CT1200||11012","P |01|CT1200||1101","P |01|CT1200||11","P |01|CT1200||1","B BRASIL SJRP BAURU - CC 24201-2        ","B BRASIL SJRP BAURU - CC 24201-2        ","B BRASIL SJRP BAURU - CC 24201-2        ","B BRASIL SJRP BAURU - CC 24201-2        ","B BRASIL SJRP BAURU - CC 24201-2        ","B BRASIL SJRP BAURU - CC 24201-2        ","B BRASIL SJRP BAURU - CC 24201-2        ","BANCOS CONTA MOVIMENTO                  ","DISPONIBILIDADE                         ","ATIVO CIRCULANTE                        ","ATIVO                                   ","11012017            ","11012017            ","11012017            ","11012017            ","11012017            ","11012017            ","11012017            ","11012               ","1101                ","11                  ","1                   ","P |01|AK5200||"
"11012               ","2","P |01|CT1200||11012018","P |01|CT1200||11012018","P |01|CT1200||11012018","P |01|CT1200||11012018","P |01|CT1200||11012018","P |01|CT1200||11012018","P |01|CT1200||11012018","P |01|CT1200||11012","P |01|CT1200||1101","P |01|CT1200||11","P |01|CT1200||1","ITAU- FILIAL CASCAVEL-CC 99284-4        ","ITAU- FILIAL CASCAVEL-CC 99284-4        ","ITAU- FILIAL CASCAVEL-CC 99284-4        ","ITAU- FILIAL CASCAVEL-CC 99284-4        ","ITAU- FILIAL CASCAVEL-CC 99284-4        ","ITAU- FILIAL CASCAVEL-CC 99284-4        ","ITAU- FILIAL CASCAVEL-CC 99284-4        ","BANCOS CONTA MOVIMENTO                  ","DISPONIBILIDADE                         ","ATIVO CIRCULANTE                        ","ATIVO                                   ","11012018            ","11012018            ","11012018            ","11012018            ","11012018            ","11012018            ","11012018            ","11012               ","1101                ","11                  ","1                   ","P |01|AK5200||"
"11012               ","2","P |01|CT1200||11012019","P |01|CT1200||11012019","P |01|CT1200||11012019","P |01|CT1200||11012019","P |01|CT1200||11012019","P |01|CT1200||11012019","P |01|CT1200||11012019","P |01|CT1200||11012","P |01|CT1200||1101","P |01|CT1200||11","P |01|CT1200||1","BANCO ITAU 38838-8 RESULTAR             ","BANCO ITAU 38838-8 RESULTAR             ","BANCO ITAU 38838-8 RESULTAR             ","BANCO ITAU 38838-8 RESULTAR             ","BANCO ITAU 38838-8 RESULTAR             ","BANCO ITAU 38838-8 RESULTAR             ","BANCO ITAU 38838-8 RESULTAR             ","BANCOS CONTA MOVIMENTO                  ","DISPONIBILIDADE                         ","ATIVO CIRCULANTE                        ","ATIVO                                   ","11012019            ","11012019            ","11012019            ","11012019            ","11012019            ","11012019            ","11012019            ","11012               ","1101                ","11                  ","1                   ","P |01|AK5200||"
"11012               ","2","P |01|CT1200||11012020","P |01|CT1200||11012020","P |01|CT1200||11012020","P |01|CT1200||11012020","P |01|CT1200||11012020","P |01|CT1200||11012020","P |01|CT1200||11012020","P |01|CT1200||11012","P |01|CT1200||1101","P |01|CT1200||11","P |01|CT1200||1","ITAU-AG 0045- CC 97999-4 WAYUP MODAS    ","ITAU-AG 0045- CC 97999-4 WAYUP MODAS    ","ITAU-AG 0045- CC 97999-4 WAYUP MODAS    ","ITAU-AG 0045- CC 97999-4 WAYUP MODAS    ","ITAU-AG 0045- CC 97999-4 WAYUP MODAS    ","ITAU-AG 0045- CC 97999-4 WAYUP MODAS    ","ITAU-AG 0045- CC 97999-4 WAYUP MODAS    ","BANCOS CONTA MOVIMENTO                  ","DISPONIBILIDADE                         ","ATIVO CIRCULANTE                        ","ATIVO                                   ","11012020            ","11012020            ","11012020            ","11012020            ","11012020            ","11012020            ","11012020            ","11012               ","1101                ","11                  ","1                   ","P |01|AK5200||"
"11012               ","2","P |01|CT1200||11012021","P |01|CT1200||11012021","P |01|CT1200||11012021","P |01|CT1200||11012021","P |01|CT1200||11012021","P |01|CT1200||11012021","P |01|CT1200||11012021","P |01|CT1200||11012","P |01|CT1200||1101","P |01|CT1200||11","P |01|CT1200||1","BANCO ITAU-RESULTAR BR CTA 98107-5      ","BANCO ITAU-RESULTAR BR CTA 98107-5      ","BANCO ITAU-RESULTAR BR CTA 98107-5      ","BANCO ITAU-RESULTAR BR CTA 98107-5      ","BANCO ITAU-RESULTAR BR CTA 98107-5      ","BANCO ITAU-RESULTAR BR CTA 98107-5      ","BANCO ITAU-RESULTAR BR CTA 98107-5      ","BANCOS CONTA MOVIMENTO                  ","DISPONIBILIDADE                         ","ATIVO CIRCULANTE                        ","ATIVO                                   ","11012021            ","11012021            ","11012021            ","11012021            ","11012021            ","11012021            ","11012021            ","11012               ","1101                ","11                  ","1                   ","P |01|AK5200||"
"11012               ","2","P |01|CT1200||11012022","P |01|CT1200||11012022","P |01|CT1200||11012022","P |01|CT1200||11012022","P |01|CT1200||11012022","P |01|CT1200||11012022","P |01|CT1200||11012022","P |01|CT1200||11012","P |01|CT1200||1101","P |01|CT1200||11","P |01|CT1200||1","SICREDI - WAYUP SERVICOS  CC 80175      ","SICREDI - WAYUP SERVICOS  CC 80175      ","SICREDI - WAYUP SERVICOS  CC 80175      ","SICREDI - WAYUP SERVICOS  CC 80175      ","SICREDI - WAYUP SERVICOS  CC 80175      ","SICREDI - WAYUP SERVICOS  CC 80175      ","SICREDI - WAYUP SERVICOS  CC 80175      ","BANCOS CONTA MOVIMENTO                  ","DISPONIBILIDADE                         ","ATIVO CIRCULANTE                        ","ATIVO                                   ","11012022            ","11012022            ","11012022            ","11012022            ","11012022            ","11012022            ","11012022            ","11012               ","1101                ","11                  ","1                   ","P |01|AK5200||"
"11012               ","2","P |01|CT1200||11012023","P |01|CT1200||11012023","P |01|CT1200||11012023","P |01|CT1200||11012023","P |01|CT1200||11012023","P |01|CT1200||11012023","P |01|CT1200||11012023","P |01|CT1200||11012","P |01|CT1200||1101","P |01|CT1200||11","P |01|CT1200||1","SICREDI - WAYUP SIST. CC 80165          ","SICREDI - WAYUP SIST. CC 80165          ","SICREDI - WAYUP SIST. CC 80165          ","SICREDI - WAYUP SIST. CC 80165          ","SICREDI - WAYUP SIST. CC 80165          ","SICREDI - WAYUP SIST. CC 80165          ","SICREDI - WAYUP SIST. CC 80165          ","BANCOS CONTA MOVIMENTO                  ","DISPONIBILIDADE                         ","ATIVO CIRCULANTE                        ","ATIVO                                   ","11012023            ","11012023            ","11012023            ","11012023            ","11012023            ","11012023            ","11012023            ","11012               ","1101                ","11                  ","1                   ","P |01|AK5200||"
"11012               ","2","P |01|CT1200||11012030","P |01|CT1200||11012030","P |01|CT1200||11012030","P |01|CT1200||11012030","P |01|CT1200||11012030","P |01|CT1200||11012030","P |01|CT1200||11012030","P |01|CT1200||11012","P |01|CT1200||1101","P |01|CT1200||11","P |01|CT1200||1","SICREDI - JOBS SPACE - CC 05094-6       ","SICREDI - JOBS SPACE - CC 05094-6       ","SICREDI - JOBS SPACE - CC 05094-6       ","SICREDI - JOBS SPACE - CC 05094-6       ","SICREDI - JOBS SPACE - CC 05094-6       ","SICREDI - JOBS SPACE - CC 05094-6       ","SICREDI - JOBS SPACE - CC 05094-6       ","BANCOS CONTA MOVIMENTO                  ","DISPONIBILIDADE                         ","ATIVO CIRCULANTE                        ","ATIVO                                   ","11012030            ","11012030            ","11012030            ","11012030            ","11012030            ","11012030            ","11012030            ","11012               ","1101                ","11                  ","1                   ","P |01|AK5200||"
"11012               ","2","P |01|CT1200||11012031","P |01|CT1200||11012031","P |01|CT1200||11012031","P |01|CT1200||11012031","P |01|CT1200||11012031","P |01|CT1200||11012031","P |01|CT1200||11012031","P |01|CT1200||11012","P |01|CT1200||1101","P |01|CT1200||11","P |01|CT1200||1","SANTANDER- JOB SPACE-CONTA 13004423-3   ","SANTANDER- JOB SPACE-CONTA 13004423-3   ","SANTANDER- JOB SPACE-CONTA 13004423-3   ","SANTANDER- JOB SPACE-CONTA 13004423-3   ","SANTANDER- JOB SPACE-CONTA 13004423-3   ","SANTANDER- JOB SPACE-CONTA 13004423-3   ","SANTANDER- JOB SPACE-CONTA 13004423-3   ","BANCOS CONTA MOVIMENTO                  ","DISPONIBILIDADE                         ","ATIVO CIRCULANTE                        ","ATIVO                                   ","11012031            ","11012031            ","11012031            ","11012031            ","11012031            ","11012031            ","11012031            ","11012               ","1101                ","11                  ","1                   ","P |01|AK5200||"
"11012               ","2","P |01|CT1200||11012032","P |01|CT1200||11012032","P |01|CT1200||11012032","P |01|CT1200||11012032","P |01|CT1200||11012032","P |01|CT1200||11012032","P |01|CT1200||11012032","P |01|CT1200||11012","P |01|CT1200||1101","P |01|CT1200||11","P |01|CT1200||1","SICRED-JBM - 04494-6                    ","SICRED-JBM - 04494-6                    ","SICRED-JBM - 04494-6                    ","SICRED-JBM - 04494-6                    ","SICRED-JBM - 04494-6                    ","SICRED-JBM - 04494-6                    ","SICRED-JBM - 04494-6                    ","BANCOS CONTA MOVIMENTO                  ","DISPONIBILIDADE                         ","ATIVO CIRCULANTE                        ","ATIVO                                   ","11012032            ","11012032            ","11012032            ","11012032            ","11012032            ","11012032            ","11012032            ","11012               ","1101                ","11                  ","1                   ","P |01|AK5200||"
"11012               ","2","P |01|CT1200||11012033","P |01|CT1200||11012033","P |01|CT1200||11012033","P |01|CT1200||11012033","P |01|CT1200||11012033","P |01|CT1200||11012033","P |01|CT1200||11012033","P |01|CT1200||11012","P |01|CT1200||1101","P |01|CT1200||11","P |01|CT1200||1","SANTANDER- J B M - 13004419-2           ","SANTANDER- J B M - 13004419-2           ","SANTANDER- J B M - 13004419-2           ","SANTANDER- J B M - 13004419-2           ","SANTANDER- J B M - 13004419-2           ","SANTANDER- J B M - 13004419-2           ","SANTANDER- J B M - 13004419-2           ","BANCOS CONTA MOVIMENTO                  ","DISPONIBILIDADE                         ","ATIVO CIRCULANTE                        ","ATIVO                                   ","11012033            ","11012033            ","11012033            ","11012033            ","11012033            ","11012033            ","11012033            ","11012               ","1101                ","11                  ","1                   ","P |01|AK5200||"
"11012               ","2","P |01|CT1200||11012040","P |01|CT1200||11012040","P |01|CT1200||11012040","P |01|CT1200||11012040","P |01|CT1200||11012040","P |01|CT1200||11012040","P |01|CT1200||11012040","P |01|CT1200||11012","P |01|CT1200||1101","P |01|CT1200||11","P |01|CT1200||1","BANCO DO BRASIL- TOP - C/C 60.000.000-1 ","BANCO DO BRASIL- TOP - C/C 60.000.000-1 ","BANCO DO BRASIL- TOP - C/C 60.000.000-1 ","BANCO DO BRASIL- TOP - C/C 60.000.000-1 ","BANCO DO BRASIL- TOP - C/C 60.000.000-1 ","BANCO DO BRASIL- TOP - C/C 60.000.000-1 ","BANCO DO BRASIL- TOP - C/C 60.000.000-1 ","BANCOS CONTA MOVIMENTO                  ","DISPONIBILIDADE                         ","ATIVO CIRCULANTE                        ","ATIVO                                   ","11012040            ","11012040            ","11012040            ","11012040            ","11012040            ","11012040            ","11012040            ","11012               ","1101                ","11                  ","1                   ","P |01|AK5200||"
"11012               ","2","P |01|CT1200||11012041","P |01|CT1200||11012041","P |01|CT1200||11012041","P |01|CT1200||11012041","P |01|CT1200||11012041","P |01|CT1200||11012041","P |01|CT1200||11012041","P |01|CT1200||11012","P |01|CT1200||1101","P |01|CT1200||11","P |01|CT1200||1","BANCO DO BRASIL - TOP - 24208-X         ","BANCO DO BRASIL - TOP - 24208-X         ","BANCO DO BRASIL - TOP - 24208-X         ","BANCO DO BRASIL - TOP - 24208-X         ","BANCO DO BRASIL - TOP - 24208-X         ","BANCO DO BRASIL - TOP - 24208-X         ","BANCO DO BRASIL - TOP - 24208-X         ","BANCOS CONTA MOVIMENTO                  ","DISPONIBILIDADE                         ","ATIVO CIRCULANTE                        ","ATIVO                                   ","11012041            ","11012041            ","11012041            ","11012041            ","11012041            ","11012041            ","11012041            ","11012               ","1101                ","11                  ","1                   ","P |01|AK5200||"
"11012               ","2","P |01|CT1200||11012042","P |01|CT1200||11012042","P |01|CT1200||11012042","P |01|CT1200||11012042","P |01|CT1200||11012042","P |01|CT1200||11012042","P |01|CT1200||11012042","P |01|CT1200||11012","P |01|CT1200||1101","P |01|CT1200||11","P |01|CT1200||1","ITAU-TOP 98845-8                        ","ITAU-TOP 98845-8                        ","ITAU-TOP 98845-8                        ","ITAU-TOP 98845-8                        ","ITAU-TOP 98845-8                        ","ITAU-TOP 98845-8                        ","ITAU-TOP 98845-8                        ","BANCOS CONTA MOVIMENTO                  ","DISPONIBILIDADE                         ","ATIVO CIRCULANTE                        ","ATIVO                                   ","11012042            ","11012042            ","11012042            ","11012042            ","11012042            ","11012042            ","11012042            ","11012               ","1101                ","11                  ","1                   ","P |01|AK5200||"
"11013               ","2","P |01|CT1200||11013001","P |01|CT1200||11013001","P |01|CT1200||11013001","P |01|CT1200||11013001","P |01|CT1200||11013001","P |01|CT1200||11013001","P |01|CT1200||11013001","P |01|CT1200||11013","P |01|CT1200||1101","P |01|CT1200||11","P |01|CT1200||1","BANCO ITAU- DATAMANAGER CC 04375-5      ","BANCO ITAU- DATAMANAGER CC 04375-5      ","BANCO ITAU- DATAMANAGER CC 04375-5      ","BANCO ITAU- DATAMANAGER CC 04375-5      ","BANCO ITAU- DATAMANAGER CC 04375-5      ","BANCO ITAU- DATAMANAGER CC 04375-5      ","BANCO ITAU- DATAMANAGER CC 04375-5      ","BANCOS C/ MOVIMENTO INCORPORADAS        ","DISPONIBILIDADE                         ","ATIVO CIRCULANTE                        ","ATIVO                                   ","11013001            ","11013001            ","11013001            ","11013001            ","11013001            ","11013001            ","11013001            ","11013               ","1101                ","11                  ","1                   ","P |01|AK5200||"
"11013               ","2","P |01|CT1200||11013002","P |01|CT1200||11013002","P |01|CT1200||11013002","P |01|CT1200||11013002","P |01|CT1200||11013002","P |01|CT1200||11013002","P |01|CT1200||11013002","P |01|CT1200||11013","P |01|CT1200||1101","P |01|CT1200||11","P |01|CT1200||1","BANCO ITAU- DM SERVICES - CC 22477-7    ","BANCO ITAU- DM SERVICES - CC 22477-7    ","BANCO ITAU- DM SERVICES - CC 22477-7    ","BANCO ITAU- DM SERVICES - CC 22477-7    ","BANCO ITAU- DM SERVICES - CC 22477-7    ","BANCO ITAU- DM SERVICES - CC 22477-7    ","BANCO ITAU- DM SERVICES - CC 22477-7    ","BANCOS C/ MOVIMENTO INCORPORADAS        ","DISPONIBILIDADE                         ","ATIVO CIRCULANTE                        ","ATIVO                                   ","11013002            ","11013002            ","11013002            ","11013002            ","11013002            ","11013002            ","11013002            ","11013               ","1101                ","11                  ","1                   ","P |01|AK5200||"
"11013               ","2","P |01|CT1200||11013003","P |01|CT1200||11013003","P |01|CT1200||11013003","P |01|CT1200||11013003","P |01|CT1200||11013003","P |01|CT1200||11013003","P |01|CT1200||11013003","P |01|CT1200||11013","P |01|CT1200||1101","P |01|CT1200||11","P |01|CT1200||1","BRADESCO INNOVARE CC 53000-0            ","BRADESCO INNOVARE CC 53000-0            ","BRADESCO INNOVARE CC 53000-0            ","BRADESCO INNOVARE CC 53000-0            ","BRADESCO INNOVARE CC 53000-0            ","BRADESCO INNOVARE CC 53000-0            ","BRADESCO INNOVARE CC 53000-0            ","BANCOS C/ MOVIMENTO INCORPORADAS        ","DISPONIBILIDADE                         ","ATIVO CIRCULANTE                        ","ATIVO                                   ","11013003            ","11013003            ","11013003            ","11013003            ","11013003            ","11013003            ","11013003            ","11013               ","1101                ","11                  ","1                   ","P |01|AK5200||"
"11013               ","2","P |01|CT1200||11013004","P |01|CT1200||11013004","P |01|CT1200||11013004","P |01|CT1200||11013004","P |01|CT1200||11013004","P |01|CT1200||11013004","P |01|CT1200||11013004","P |01|CT1200||11013","P |01|CT1200||1101","P |01|CT1200||11","P |01|CT1200||1","ITAU ML                                 ","ITAU ML                                 ","ITAU ML                                 ","ITAU ML                                 ","ITAU ML                                 ","ITAU ML                                 ","ITAU ML                                 ","BANCOS C/ MOVIMENTO INCORPORADAS        ","DISPONIBILIDADE                         ","ATIVO CIRCULANTE                        ","ATIVO                                   ","11013004            ","11013004            ","11013004            ","11013004            ","11013004            ","11013004            ","11013004            ","11013               ","1101                ","11                  ","1                   ","P |01|AK5200||"
"11013               ","2","P |01|CT1200||11013005","P |01|CT1200||11013005","P |01|CT1200||11013005","P |01|CT1200||11013005","P |01|CT1200||11013005","P |01|CT1200||11013005","P |01|CT1200||11013005","P |01|CT1200||11013","P |01|CT1200||1101","P |01|CT1200||11","P |01|CT1200||1","ITAU INNOVARE                           ","ITAU INNOVARE                           ","ITAU INNOVARE                           ","ITAU INNOVARE                           ","ITAU INNOVARE                           ","ITAU INNOVARE                           ","ITAU INNOVARE                           ","BANCOS C/ MOVIMENTO INCORPORADAS        ","DISPONIBILIDADE                         ","ATIVO CIRCULANTE                        ","ATIVO                                   ","11013005            ","11013005            ","11013005            ","11013005            ","11013005            ","11013005            ","11013005            ","11013               ","1101                ","11                  ","1                   ","P |01|AK5200||"
"11013               ","2","P |01|CT1200||11013006","P |01|CT1200||11013006","P |01|CT1200||11013006","P |01|CT1200||11013006","P |01|CT1200||11013006","P |01|CT1200||11013006","P |01|CT1200||11013006","P |01|CT1200||11013","P |01|CT1200||1101","P |01|CT1200||11","P |01|CT1200||1","ITAU WAYUP TECNOLOGIA                   ","ITAU WAYUP TECNOLOGIA                   ","ITAU WAYUP TECNOLOGIA                   ","ITAU WAYUP TECNOLOGIA                   ","ITAU WAYUP TECNOLOGIA                   ","ITAU WAYUP TECNOLOGIA                   ","ITAU WAYUP TECNOLOGIA                   ","BANCOS C/ MOVIMENTO INCORPORADAS        ","DISPONIBILIDADE                         ","ATIVO CIRCULANTE                        ","ATIVO                                   ","11013006            ","11013006            ","11013006            ","11013006            ","11013006            ","11013006            ","11013006            ","11013               ","1101                ","11                  ","1                   ","P |01|AK5200||"
"11013               ","2","P |01|CT1200||11013007","P |01|CT1200||11013007","P |01|CT1200||11013007","P |01|CT1200||11013007","P |01|CT1200||11013007","P |01|CT1200||11013007","P |01|CT1200||11013007","P |01|CT1200||11013","P |01|CT1200||1101","P |01|CT1200||11","P |01|CT1200||1","SICOB-DM SERVICES- CC 08857             ","SICOB-DM SERVICES- CC 08857             ","SICOB-DM SERVICES- CC 08857             ","SICOB-DM SERVICES- CC 08857             ","SICOB-DM SERVICES- CC 08857             ","SICOB-DM SERVICES- CC 08857             ","SICOB-DM SERVICES- CC 08857             ","BANCOS C/ MOVIMENTO INCORPORADAS        ","DISPONIBILIDADE                         ","ATIVO CIRCULANTE                        ","ATIVO                                   ","11013007            ","11013007            ","11013007            ","11013007            ","11013007            ","11013007            ","11013007            ","11013               ","1101                ","11                  ","1                   ","P |01|AK5200||"
"11013               ","2","P |01|CT1200||11013008","P |01|CT1200||11013008","P |01|CT1200||11013008","P |01|CT1200||11013008","P |01|CT1200||11013008","P |01|CT1200||11013008","P |01|CT1200||11013008","P |01|CT1200||11013","P |01|CT1200||1101","P |01|CT1200||11","P |01|CT1200||1","BANCO BRASIL- INNOVARE - CC23678-0      ","BANCO BRASIL- INNOVARE - CC23678-0      ","BANCO BRASIL- INNOVARE - CC23678-0      ","BANCO BRASIL- INNOVARE - CC23678-0      ","BANCO BRASIL- INNOVARE - CC23678-0      ","BANCO BRASIL- INNOVARE - CC23678-0      ","BANCO BRASIL- INNOVARE - CC23678-0      ","BANCOS C/ MOVIMENTO INCORPORADAS        ","DISPONIBILIDADE                         ","ATIVO CIRCULANTE                        ","ATIVO                                   ","11013008            ","11013008            ","11013008            ","11013008            ","11013008            ","11013008            ","11013008            ","11013               ","1101                ","11                  ","1                   ","P |01|AK5200||"
"11013               ","2","P |01|CT1200||11013009","P |01|CT1200||11013009","P |01|CT1200||11013009","P |01|CT1200||11013009","P |01|CT1200||11013009","P |01|CT1200||11013009","P |01|CT1200||11013009","P |01|CT1200||11013","P |01|CT1200||1101","P |01|CT1200||11","P |01|CT1200||1","SANTANDER - INNOVARE - CC 5087-6        ","SANTANDER - INNOVARE - CC 5087-6        ","SANTANDER - INNOVARE - CC 5087-6        ","SANTANDER - INNOVARE - CC 5087-6        ","SANTANDER - INNOVARE - CC 5087-6        ","SANTANDER - INNOVARE - CC 5087-6        ","SANTANDER - INNOVARE - CC 5087-6        ","BANCOS C/ MOVIMENTO INCORPORADAS        ","DISPONIBILIDADE                         ","ATIVO CIRCULANTE                        ","ATIVO                                   ","11013009            ","11013009            ","11013009            ","11013009            ","11013009            ","11013009            ","11013009            ","11013               ","1101                ","11                  ","1                   ","P |01|AK5200||"
"11013               ","2","P |01|CT1200||11013010","P |01|CT1200||11013010","P |01|CT1200||11013010","P |01|CT1200||11013010","P |01|CT1200||11013010","P |01|CT1200||11013010","P |01|CT1200||11013010","P |01|CT1200||11013","P |01|CT1200||1101","P |01|CT1200||11","P |01|CT1200||1","SANTANDER - DATAMANAGER - CC 5469       ","SANTANDER - DATAMANAGER - CC 5469       ","SANTANDER - DATAMANAGER - CC 5469       ","SANTANDER - DATAMANAGER - CC 5469       ","SANTANDER - DATAMANAGER - CC 5469       ","SANTANDER - DATAMANAGER - CC 5469       ","SANTANDER - DATAMANAGER - CC 5469       ","BANCOS C/ MOVIMENTO INCORPORADAS        ","DISPONIBILIDADE                         ","ATIVO CIRCULANTE                        ","ATIVO                                   ","11013010            ","11013010            ","11013010            ","11013010            ","11013010            ","11013010            ","11013010            ","11013               ","1101                ","11                  ","1                   ","P |01|AK5200||"
"11013               ","2","P |01|CT1200||11013011","P |01|CT1200||11013011","P |01|CT1200||11013011","P |01|CT1200||11013011","P |01|CT1200||11013011","P |01|CT1200||11013011","P |01|CT1200||11013011","P |01|CT1200||11013","P |01|CT1200||1101","P |01|CT1200||11","P |01|CT1200||1","CEF- DATAMANAGER - CC 92                ","CEF- DATAMANAGER - CC 92                ","CEF- DATAMANAGER - CC 92                ","CEF- DATAMANAGER - CC 92                ","CEF- DATAMANAGER - CC 92                ","CEF- DATAMANAGER - CC 92                ","CEF- DATAMANAGER - CC 92                ","BANCOS C/ MOVIMENTO INCORPORADAS        ","DISPONIBILIDADE                         ","ATIVO CIRCULANTE                        ","ATIVO                                   ","11013011            ","11013011            ","11013011            ","11013011            ","11013011            ","11013011            ","11013011            ","11013               ","1101                ","11                  ","1                   ","P |01|AK5200||"
"11013               ","2","P |01|CT1200||11013012","P |01|CT1200||11013012","P |01|CT1200||11013012","P |01|CT1200||11013012","P |01|CT1200||11013012","P |01|CT1200||11013012","P |01|CT1200||11013012","P |01|CT1200||11013","P |01|CT1200||1101","P |01|CT1200||11","P |01|CT1200||1","SANTANDER - WAYUP SJRP - CC 013004746-5 ","SANTANDER - WAYUP SJRP - CC 013004746-5 ","SANTANDER - WAYUP SJRP - CC 013004746-5 ","SANTANDER - WAYUP SJRP - CC 013004746-5 ","SANTANDER - WAYUP SJRP - CC 013004746-5 ","SANTANDER - WAYUP SJRP - CC 013004746-5 ","SANTANDER - WAYUP SJRP - CC 013004746-5 ","BANCOS C/ MOVIMENTO INCORPORADAS        ","DISPONIBILIDADE                         ","ATIVO CIRCULANTE                        ","ATIVO                                   ","11013012            ","11013012            ","11013012            ","11013012            ","11013012            ","11013012            ","11013012            ","11013               ","1101                ","11                  ","1                   ","P |01|AK5200||"
"11014               ","2","P |01|CT1200||11014001","P |01|CT1200||11014001","P |01|CT1200||11014001","P |01|CT1200||11014001","P |01|CT1200||11014001","P |01|CT1200||11014001","P |01|CT1200||11014001","P |01|CT1200||11014","P |01|CT1200||1101","P |01|CT1200||11","P |01|CT1200||1","ITAU ML - APLICACAO CDB                 ","ITAU ML - APLICACAO CDB                 ","ITAU ML - APLICACAO CDB                 ","ITAU ML - APLICACAO CDB                 ","ITAU ML - APLICACAO CDB                 ","ITAU ML - APLICACAO CDB                 ","ITAU ML - APLICACAO CDB                 ","BANCOS C/APLICACOES                     ","DISPONIBILIDADE                         ","ATIVO CIRCULANTE                        ","ATIVO                                   ","11014001            ","11014001            ","11014001            ","11014001            ","11014001            ","11014001            ","11014001            ","11014               ","1101                ","11                  ","1                   ","P |01|AK5200||"
"11014               ","2","P |01|CT1200||11014002","P |01|CT1200||11014002","P |01|CT1200||11014002","P |01|CT1200||11014002","P |01|CT1200||11014002","P |01|CT1200||11014002","P |01|CT1200||11014002","P |01|CT1200||11014","P |01|CT1200||1101","P |01|CT1200||11","P |01|CT1200||1","ITAU-DATAMANAGER- APLICACAO             ","ITAU-DATAMANAGER- APLICACAO             ","ITAU-DATAMANAGER- APLICACAO             ","ITAU-DATAMANAGER- APLICACAO             ","ITAU-DATAMANAGER- APLICACAO             ","ITAU-DATAMANAGER- APLICACAO             ","ITAU-DATAMANAGER- APLICACAO             ","BANCOS C/APLICACOES                     ","DISPONIBILIDADE                         ","ATIVO CIRCULANTE                        ","ATIVO                                   ","11014002            ","11014002            ","11014002            ","11014002            ","11014002            ","11014002            ","11014002            ","11014               ","1101                ","11                  ","1                   ","P |01|AK5200||"
"11014               ","2","P |01|CT1200||11014003","P |01|CT1200||11014003","P |01|CT1200||11014003","P |01|CT1200||11014003","P |01|CT1200||11014003","P |01|CT1200||11014003","P |01|CT1200||11014003","P |01|CT1200||11014","P |01|CT1200||1101","P |01|CT1200||11","P |01|CT1200||1","ITAU SJRP MATRIZ-APLIC.CDB              ","ITAU SJRP MATRIZ-APLIC.CDB              ","ITAU SJRP MATRIZ-APLIC.CDB              ","ITAU SJRP MATRIZ-APLIC.CDB              ","ITAU SJRP MATRIZ-APLIC.CDB              ","ITAU SJRP MATRIZ-APLIC.CDB              ","ITAU SJRP MATRIZ-APLIC.CDB              ","BANCOS C/APLICACOES                     ","DISPONIBILIDADE                         ","ATIVO CIRCULANTE                        ","ATIVO                                   ","11014003            ","11014003            ","11014003            ","11014003            ","11014003            ","11014003            ","11014003            ","11014               ","1101                ","11                  ","1                   ","P |01|AK5200||"
"11014               ","2","P |01|CT1200||11014004","P |01|CT1200||11014004","P |01|CT1200||11014004","P |01|CT1200||11014004","P |01|CT1200||11014004","P |01|CT1200||11014004","P |01|CT1200||11014004","P |01|CT1200||11014","P |01|CT1200||1101","P |01|CT1200||11","P |01|CT1200||1","TITULO CAPITALIZACAO BRADESCO-SJRP      ","TITULO CAPITALIZACAO BRADESCO-SJRP      ","TITULO CAPITALIZACAO BRADESCO-SJRP      ","TITULO CAPITALIZACAO BRADESCO-SJRP      ","TITULO CAPITALIZACAO BRADESCO-SJRP      ","TITULO CAPITALIZACAO BRADESCO-SJRP      ","TITULO CAPITALIZACAO BRADESCO-SJRP      ","BANCOS C/APLICACOES                     ","DISPONIBILIDADE                         ","ATIVO CIRCULANTE                        ","ATIVO                                   ","11014004            ","11014004            ","11014004            ","11014004            ","11014004            ","11014004            ","11014004            ","11014               ","1101                ","11                  ","1                   ","P |01|AK5200||"
"11014               ","2","P |01|CT1200||11014005","P |01|CT1200||11014005","P |01|CT1200||11014005","P |01|CT1200||11014005","P |01|CT1200||11014005","P |01|CT1200||11014005","P |01|CT1200||11014005","P |01|CT1200||11014","P |01|CT1200||1101","P |01|CT1200||11","P |01|CT1200||1","ITAU SERVICOS-LONDRINA-APLICACAO        ","ITAU SERVICOS-LONDRINA-APLICACAO        ","ITAU SERVICOS-LONDRINA-APLICACAO        ","ITAU SERVICOS-LONDRINA-APLICACAO        ","ITAU SERVICOS-LONDRINA-APLICACAO        ","ITAU SERVICOS-LONDRINA-APLICACAO        ","ITAU SERVICOS-LONDRINA-APLICACAO        ","BANCOS C/APLICACOES                     ","DISPONIBILIDADE                         ","ATIVO CIRCULANTE                        ","ATIVO                                   ","11014005            ","11014005            ","11014005            ","11014005            ","11014005            ","11014005            ","11014005            ","11014               ","1101                ","11                  ","1                   ","P |01|AK5200||"
"11014               ","2","P |01|CT1200||11014006","P |01|CT1200||11014006","P |01|CT1200||11014006","P |01|CT1200||11014006","P |01|CT1200||11014006","P |01|CT1200||11014006","P |01|CT1200||11014006","P |01|CT1200||11014","P |01|CT1200||1101","P |01|CT1200||11","P |01|CT1200||1","ITAU IINOVARE APLIC                     ","ITAU IINOVARE APLIC                     ","ITAU IINOVARE APLIC                     ","ITAU IINOVARE APLIC                     ","ITAU IINOVARE APLIC                     ","ITAU IINOVARE APLIC                     ","ITAU IINOVARE APLIC                     ","BANCOS C/APLICACOES                     ","DISPONIBILIDADE                         ","ATIVO CIRCULANTE                        ","ATIVO                                   ","11014006            ","11014006            ","11014006            ","11014006            ","11014006            ","11014006            ","11014006            ","11014               ","1101                ","11                  ","1                   ","P |01|AK5200||"
"11014               ","2","P |01|CT1200||11014007","P |01|CT1200||11014007","P |01|CT1200||11014007","P |01|CT1200||11014007","P |01|CT1200||11014007","P |01|CT1200||11014007","P |01|CT1200||11014007","P |01|CT1200||11014","P |01|CT1200||1101","P |01|CT1200||11","P |01|CT1200||1","ITAU SERVICOS MATRIZ-APLIC CDB          ","ITAU SERVICOS MATRIZ-APLIC CDB          ","ITAU SERVICOS MATRIZ-APLIC CDB          ","ITAU SERVICOS MATRIZ-APLIC CDB          ","ITAU SERVICOS MATRIZ-APLIC CDB          ","ITAU SERVICOS MATRIZ-APLIC CDB          ","ITAU SERVICOS MATRIZ-APLIC CDB          ","BANCOS C/APLICACOES                     ","DISPONIBILIDADE                         ","ATIVO CIRCULANTE                        ","ATIVO                                   ","11014007            ","11014007            ","11014007            ","11014007            ","11014007            ","11014007            ","11014007            ","11014               ","1101                ","11                  ","1                   ","P |01|AK5200||"
"11014               ","2","P |01|CT1200||11014008","P |01|CT1200||11014008","P |01|CT1200||11014008","P |01|CT1200||11014008","P |01|CT1200||11014008","P |01|CT1200||11014008","P |01|CT1200||11014008","P |01|CT1200||11014","P |01|CT1200||1101","P |01|CT1200||11","P |01|CT1200||1","BRADESCO SJRP MATRIZ-APLIC CDB          ","BRADESCO SJRP MATRIZ-APLIC CDB          ","BRADESCO SJRP MATRIZ-APLIC CDB          ","BRADESCO SJRP MATRIZ-APLIC CDB          ","BRADESCO SJRP MATRIZ-APLIC CDB          ","BRADESCO SJRP MATRIZ-APLIC CDB          ","BRADESCO SJRP MATRIZ-APLIC CDB          ","BANCOS C/APLICACOES                     ","DISPONIBILIDADE                         ","ATIVO CIRCULANTE                        ","ATIVO                                   ","11014008            ","11014008            ","11014008            ","11014008            ","11014008            ","11014008            ","11014008            ","11014               ","1101                ","11                  ","1                   ","P |01|AK5200||"
"11014               ","2","P |01|CT1200||11014009","P |01|CT1200||11014009","P |01|CT1200||11014009","P |01|CT1200||11014009","P |01|CT1200||11014009","P |01|CT1200||11014009","P |01|CT1200||11014009","P |01|CT1200||11014","P |01|CT1200||1101","P |01|CT1200||11","P |01|CT1200||1","APLIC. ITAU CDB-CDI RESULTAR            ","APLIC. ITAU CDB-CDI RESULTAR            ","APLIC. ITAU CDB-CDI RESULTAR            ","APLIC. ITAU CDB-CDI RESULTAR            ","APLIC. ITAU CDB-CDI RESULTAR            ","APLIC. ITAU CDB-CDI RESULTAR            ","APLIC. ITAU CDB-CDI RESULTAR            ","BANCOS C/APLICACOES                     ","DISPONIBILIDADE                         ","ATIVO CIRCULANTE                        ","ATIVO                                   ","11014009            ","11014009            ","11014009            ","11014009            ","11014009            ","11014009            ","11014009            ","11014               ","1101                ","11                  ","1                   ","P |01|AK5200||"
"11014               ","2","P |01|CT1200||11014010","P |01|CT1200||11014010","P |01|CT1200||11014010","P |01|CT1200||11014010","P |01|CT1200||11014010","P |01|CT1200||11014010","P |01|CT1200||11014010","P |01|CT1200||11014","P |01|CT1200||1101","P |01|CT1200||11","P |01|CT1200||1","APLIC. AUT. ITAU MATRIZ SERVICOS        ","APLIC. AUT. ITAU MATRIZ SERVICOS        ","APLIC. AUT. ITAU MATRIZ SERVICOS        ","APLIC. AUT. ITAU MATRIZ SERVICOS        ","APLIC. AUT. ITAU MATRIZ SERVICOS        ","APLIC. AUT. ITAU MATRIZ SERVICOS        ","APLIC. AUT. ITAU MATRIZ SERVICOS        ","BANCOS C/APLICACOES                     ","DISPONIBILIDADE                         ","ATIVO CIRCULANTE                        ","ATIVO                                   ","11014010            ","11014010            ","11014010            ","11014010            ","11014010            ","11014010            ","11014010            ","11014               ","1101                ","11                  ","1                   ","P |01|AK5200||"
"11014               ","2","P |01|CT1200||11014011","P |01|CT1200||11014011","P |01|CT1200||11014011","P |01|CT1200||11014011","P |01|CT1200||11014011","P |01|CT1200||11014011","P |01|CT1200||11014011","P |01|CT1200||11014","P |01|CT1200||1101","P |01|CT1200||11","P |01|CT1200||1","APLIC. AUT. ITAU MATRIZ SISTEMAS        ","APLIC. AUT. ITAU MATRIZ SISTEMAS        ","APLIC. AUT. ITAU MATRIZ SISTEMAS        ","APLIC. AUT. ITAU MATRIZ SISTEMAS        ","APLIC. AUT. ITAU MATRIZ SISTEMAS        ","APLIC. AUT. ITAU MATRIZ SISTEMAS        ","APLIC. AUT. ITAU MATRIZ SISTEMAS        ","BANCOS C/APLICACOES                     ","DISPONIBILIDADE                         ","ATIVO CIRCULANTE                        ","ATIVO                                   ","11014011            ","11014011            ","11014011            ","11014011            ","11014011            ","11014011            ","11014011            ","11014               ","1101                ","11                  ","1                   ","P |01|AK5200||"
"1102                ","1","P |01|CT1200||11021","P |01|CT1200||11021","P |01|CT1200||11021","P |01|CT1200||11021","P |01|CT1200||11021","P |01|CT1200||11021","P |01|CT1200||11021","P |01|CT1200||11021","P |01|CT1200||1102","P |01|CT1200||11","P |01|CT1200||1","CLIENTES                                ","CLIENTES                                ","CLIENTES                                ","CLIENTES                                ","CLIENTES                                ","CLIENTES                                ","CLIENTES                                ","CLIENTES                                ","REALIZAVEIS DE CURTO PRAZO              ","ATIVO CIRCULANTE                        ","ATIVO                                   ","11021               ","11021               ","11021               ","11021               ","11021               ","11021               ","11021               ","11021               ","1102                ","11                  ","1                   ","P |01|AK5200||"
"1102                ","1","P |01|CT1200||11022","P |01|CT1200||11022","P |01|CT1200||11022","P |01|CT1200||11022","P |01|CT1200||11022","P |01|CT1200||11022","P |01|CT1200||11022","P |01|CT1200||11022","P |01|CT1200||1102","P |01|CT1200||11","P |01|CT1200||1","ADIANTAMENTOS                           ","ADIANTAMENTOS                           ","ADIANTAMENTOS                           ","ADIANTAMENTOS                           ","ADIANTAMENTOS                           ","ADIANTAMENTOS                           ","ADIANTAMENTOS                           ","ADIANTAMENTOS                           ","REALIZAVEIS DE CURTO PRAZO              ","ATIVO CIRCULANTE                        ","ATIVO                                   ","11022               ","11022               ","11022               ","11022               ","11022               ","11022               ","11022               ","11022               ","1102                ","11                  ","1                   ","P |01|AK5200||"
"1102                ","1","P |01|CT1200||11023","P |01|CT1200||11023","P |01|CT1200||11023","P |01|CT1200||11023","P |01|CT1200||11023","P |01|CT1200||11023","P |01|CT1200||11023","P |01|CT1200||11023","P |01|CT1200||1102","P |01|CT1200||11","P |01|CT1200||1","IMPOSTOS A RECUPERAR                    ","IMPOSTOS A RECUPERAR                    ","IMPOSTOS A RECUPERAR                    ","IMPOSTOS A RECUPERAR                    ","IMPOSTOS A RECUPERAR                    ","IMPOSTOS A RECUPERAR                    ","IMPOSTOS A RECUPERAR                    ","IMPOSTOS A RECUPERAR                    ","REALIZAVEIS DE CURTO PRAZO              ","ATIVO CIRCULANTE                        ","ATIVO                                   ","11023               ","11023               ","11023               ","11023               ","11023               ","11023               ","11023               ","11023               ","1102                ","11                  ","1                   ","P |01|AK5200||"
"1102                ","1","P |01|CT1200||11024","P |01|CT1200||11024","P |01|CT1200||11024","P |01|CT1200||11024","P |01|CT1200||11024","P |01|CT1200||11024","P |01|CT1200||11024","P |01|CT1200||11024","P |01|CT1200||1102","P |01|CT1200||11","P |01|CT1200||1","OUTROS VALORES A RECEBER                ","OUTROS VALORES A RECEBER                ","OUTROS VALORES A RECEBER                ","OUTROS VALORES A RECEBER                ","OUTROS VALORES A RECEBER                ","OUTROS VALORES A RECEBER                ","OUTROS VALORES A RECEBER                ","OUTROS VALORES A RECEBER                ","REALIZAVEIS DE CURTO PRAZO              ","ATIVO CIRCULANTE                        ","ATIVO                                   ","11024               ","11024               ","11024               ","11024               ","11024               ","11024               ","11024               ","11024               ","1102                ","11                  ","1                   ","P |01|AK5200||"
"1102                ","1","P |01|CT1200||11025","P |01|CT1200||11025","P |01|CT1200||11025","P |01|CT1200||11025","P |01|CT1200||11025","P |01|CT1200||11025","P |01|CT1200||11025","P |01|CT1200||11025","P |01|CT1200||1102","P |01|CT1200||11","P |01|CT1200||1","EMPRESTIMOS/OUTROS CREDITOS             ","EMPRESTIMOS/OUTROS CREDITOS             ","EMPRESTIMOS/OUTROS CREDITOS             ","EMPRESTIMOS/OUTROS CREDITOS             ","EMPRESTIMOS/OUTROS CREDITOS             ","EMPRESTIMOS/OUTROS CREDITOS             ","EMPRESTIMOS/OUTROS CREDITOS             ","EMPRESTIMOS/OUTROS CREDITOS             ","REALIZAVEIS DE CURTO PRAZO              ","ATIVO CIRCULANTE                        ","ATIVO                                   ","11025               ","11025               ","11025               ","11025               ","11025               ","11025               ","11025               ","11025               ","1102                ","11                  ","1                   ","P |01|AK5200||"
"1102                ","1","P |01|CT1200||11026","P |01|CT1200||11026","P |01|CT1200||11026","P |01|CT1200||11026","P |01|CT1200||11026","P |01|CT1200||11026","P |01|CT1200||11026","P |01|CT1200||11026","P |01|CT1200||1102","P |01|CT1200||11","P |01|CT1200||1","DESPESAS ANTECIPADAS                    ","DESPESAS ANTECIPADAS                    ","DESPESAS ANTECIPADAS                    ","DESPESAS ANTECIPADAS                    ","DESPESAS ANTECIPADAS                    ","DESPESAS ANTECIPADAS                    ","DESPESAS ANTECIPADAS                    ","DESPESAS ANTECIPADAS                    ","REALIZAVEIS DE CURTO PRAZO              ","ATIVO CIRCULANTE                        ","ATIVO                                   ","11026               ","11026               ","11026               ","11026               ","11026               ","11026               ","11026               ","11026               ","1102                ","11                  ","1                   ","P |01|AK5200||"
"1102                ","1","P |01|CT1200||11027","P |01|CT1200||11027","P |01|CT1200||11027","P |01|CT1200||11027","P |01|CT1200||11027","P |01|CT1200||11027","P |01|CT1200||11027","P |01|CT1200||11027","P |01|CT1200||1102","P |01|CT1200||11","P |01|CT1200||1","CONTAS A RECEBER                        ","CONTAS A RECEBER                        ","CONTAS A RECEBER                        ","CONTAS A RECEBER                        ","CONTAS A RECEBER                        ","CONTAS A RECEBER                        ","CONTAS A RECEBER                        ","CONTAS A RECEBER                        ","REALIZAVEIS DE CURTO PRAZO              ","ATIVO CIRCULANTE                        ","ATIVO                                   ","11027               ","11027               ","11027               ","11027               ","11027               ","11027               ","11027               ","11027               ","1102                ","11                  ","1                   ","P |01|AK5200||"
"1102                ","1","P |01|CT1200||11028","P |01|CT1200||11028","P |01|CT1200||11028","P |01|CT1200||11028","P |01|CT1200||11028","P |01|CT1200||11028","P |01|CT1200||11028","P |01|CT1200||11028","P |01|CT1200||1102","P |01|CT1200||11","P |01|CT1200||1","ADIANTAMENTO DISTRIBUICAO LUCROS        ","ADIANTAMENTO DISTRIBUICAO LUCROS        ","ADIANTAMENTO DISTRIBUICAO LUCROS        ","ADIANTAMENTO DISTRIBUICAO LUCROS        ","ADIANTAMENTO DISTRIBUICAO LUCROS        ","ADIANTAMENTO DISTRIBUICAO LUCROS        ","ADIANTAMENTO DISTRIBUICAO LUCROS        ","ADIANTAMENTO DISTRIBUICAO LUCROS        ","REALIZAVEIS DE CURTO PRAZO              ","ATIVO CIRCULANTE                        ","ATIVO                                   ","11028               ","11028               ","11028               ","11028               ","11028               ","11028               ","11028               ","11028               ","1102                ","11                  ","1                   ","P |01|AK5200||"
"1102                ","1","P |01|CT1200||11029","P |01|CT1200||11029","P |01|CT1200||11029","P |01|CT1200||11029","P |01|CT1200||11029","P |01|CT1200||11029","P |01|CT1200||11029","P |01|CT1200||11029","P |01|CT1200||1102","P |01|CT1200||11","P |01|CT1200||1","CONTAS TRANSITORIAS                     ","CONTAS TRANSITORIAS                     ","CONTAS TRANSITORIAS                     ","CONTAS TRANSITORIAS                     ","CONTAS TRANSITORIAS                     ","CONTAS TRANSITORIAS                     ","CONTAS TRANSITORIAS                     ","CONTAS TRANSITORIAS                     ","REALIZAVEIS DE CURTO PRAZO              ","ATIVO CIRCULANTE                        ","ATIVO                                   ","11029               ","11029               ","11029               ","11029               ","11029               ","11029               ","11029               ","11029               ","1102                ","11                  ","1                   ","P |01|AK5200||"
"11021               ","2","P |01|CT1200||11021001","P |01|CT1200||11021001","P |01|CT1200||11021001","P |01|CT1200||11021001","P |01|CT1200||11021001","P |01|CT1200||11021001","P |01|CT1200||11021001","P |01|CT1200||11021","P |01|CT1200||1102","P |01|CT1200||11","P |01|CT1200||1","DUPLICATAS A RECEBER                    ","DUPLICATAS A RECEBER                    ","DUPLICATAS A RECEBER                    ","DUPLICATAS A RECEBER                    ","DUPLICATAS A RECEBER                    ","DUPLICATAS A RECEBER                    ","DUPLICATAS A RECEBER                    ","CLIENTES                                ","REALIZAVEIS DE CURTO PRAZO              ","ATIVO CIRCULANTE                        ","ATIVO                                   ","11021001            ","11021001            ","11021001            ","11021001            ","11021001            ","11021001            ","11021001            ","11021               ","1102                ","11                  ","1                   ","P |01|AK5200||"
"11021               ","2","P |01|CT1200||11021002","P |01|CT1200||11021002","P |01|CT1200||11021002","P |01|CT1200||11021002","P |01|CT1200||11021002","P |01|CT1200||11021002","P |01|CT1200||11021002","P |01|CT1200||11021","P |01|CT1200||1102","P |01|CT1200||11","P |01|CT1200||1","NOTAS DE DEBITOS A RECEBER              ","NOTAS DE DEBITOS A RECEBER              ","NOTAS DE DEBITOS A RECEBER              ","NOTAS DE DEBITOS A RECEBER              ","NOTAS DE DEBITOS A RECEBER              ","NOTAS DE DEBITOS A RECEBER              ","NOTAS DE DEBITOS A RECEBER              ","CLIENTES                                ","REALIZAVEIS DE CURTO PRAZO              ","ATIVO CIRCULANTE                        ","ATIVO                                   ","11021002            ","11021002            ","11021002            ","11021002            ","11021002            ","11021002            ","11021002            ","11021               ","1102                ","11                  ","1                   ","P |01|AK5200||"
"11021               ","2","P |01|CT1200||11021999","P |01|CT1200||11021999","P |01|CT1200||11021999","P |01|CT1200||11021999","P |01|CT1200||11021999","P |01|CT1200||11021999","P |01|CT1200||11021999","P |01|CT1200||11021","P |01|CT1200||1102","P |01|CT1200||11","P |01|CT1200||1","(-) PROV DEVEDORES DUVIDOSOS            ","(-) PROV DEVEDORES DUVIDOSOS            ","(-) PROV DEVEDORES DUVIDOSOS            ","(-) PROV DEVEDORES DUVIDOSOS            ","(-) PROV DEVEDORES DUVIDOSOS            ","(-) PROV DEVEDORES DUVIDOSOS            ","(-) PROV DEVEDORES DUVIDOSOS            ","CLIENTES                                ","REALIZAVEIS DE CURTO PRAZO              ","ATIVO CIRCULANTE                        ","ATIVO                                   ","11021999            ","11021999            ","11021999            ","11021999            ","11021999            ","11021999            ","11021999            ","11021               ","1102                ","11                  ","1                   ","P |01|AK5200||"
"11022               ","2","P |01|CT1200||11022001","P |01|CT1200||11022001","P |01|CT1200||11022001","P |01|CT1200||11022001","P |01|CT1200||11022001","P |01|CT1200||11022001","P |01|CT1200||11022001","P |01|CT1200||11022","P |01|CT1200||1102","P |01|CT1200||11","P |01|CT1200||1","ADIANTAMENTO DISTRIBUICAO LUCRO TOP     ","ADIANTAMENTO DISTRIBUICAO LUCRO TOP     ","ADIANTAMENTO DISTRIBUICAO LUCRO TOP     ","ADIANTAMENTO DISTRIBUICAO LUCRO TOP     ","ADIANTAMENTO DISTRIBUICAO LUCRO TOP     ","ADIANTAMENTO DISTRIBUICAO LUCRO TOP     ","ADIANTAMENTO DISTRIBUICAO LUCRO TOP     ","ADIANTAMENTOS                           ","REALIZAVEIS DE CURTO PRAZO              ","ATIVO CIRCULANTE                        ","ATIVO                                   ","11022001            ","11022001            ","11022001            ","11022001            ","11022001            ","11022001            ","11022001            ","11022               ","1102                ","11                  ","1                   ","P |01|AK5200||"
"11022               ","2","P |01|CT1200||11022002","P |01|CT1200||11022002","P |01|CT1200||11022002","P |01|CT1200||11022002","P |01|CT1200||11022002","P |01|CT1200||11022002","P |01|CT1200||11022002","P |01|CT1200||11022","P |01|CT1200||1102","P |01|CT1200||11","P |01|CT1200||1","ADIANTAMENTO CONTRATOS PJS              ","ADIANTAMENTO CONTRATOS PJS              ","ADIANTAMENTO CONTRATOS PJS              ","ADIANTAMENTO CONTRATOS PJS              ","ADIANTAMENTO CONTRATOS PJS              ","ADIANTAMENTO CONTRATOS PJS              ","ADIANTAMENTO CONTRATOS PJS              ","ADIANTAMENTOS                           ","REALIZAVEIS DE CURTO PRAZO              ","ATIVO CIRCULANTE                        ","ATIVO                                   ","11022002            ","11022002            ","11022002            ","11022002            ","11022002            ","11022002            ","11022002            ","11022               ","1102                ","11                  ","1                   ","P |01|AK5200||"
"11022               ","2","P |01|CT1200||11022003","P |01|CT1200||11022003","P |01|CT1200||11022003","P |01|CT1200||11022003","P |01|CT1200||11022003","P |01|CT1200||11022003","P |01|CT1200||11022003","P |01|CT1200||11022","P |01|CT1200||1102","P |01|CT1200||11","P |01|CT1200||1","DESPESAS A RESSARCIR                    ","DESPESAS A RESSARCIR                    ","DESPESAS A RESSARCIR                    ","DESPESAS A RESSARCIR                    ","DESPESAS A RESSARCIR                    ","DESPESAS A RESSARCIR                    ","DESPESAS A RESSARCIR                    ","ADIANTAMENTOS                           ","REALIZAVEIS DE CURTO PRAZO              ","ATIVO CIRCULANTE                        ","ATIVO                                   ","11022003            ","11022003            ","11022003            ","11022003            ","11022003            ","11022003            ","11022003            ","11022               ","1102                ","11                  ","1                   ","P |01|AK5200||"
"11022               ","2","P |01|CT1200||11022004","P |01|CT1200||11022004","P |01|CT1200||11022004","P |01|CT1200||11022004","P |01|CT1200||11022004","P |01|CT1200||11022004","P |01|CT1200||11022004","P |01|CT1200||11022","P |01|CT1200||1102","P |01|CT1200||11","P |01|CT1200||1","ADIANTAMENTO DE VIAGEM                  ","ADIANTAMENTO DE VIAGEM                  ","ADIANTAMENTO DE VIAGEM                  ","ADIANTAMENTO DE VIAGEM                  ","ADIANTAMENTO DE VIAGEM                  ","ADIANTAMENTO DE VIAGEM                  ","ADIANTAMENTO DE VIAGEM                  ","ADIANTAMENTOS                           ","REALIZAVEIS DE CURTO PRAZO              ","ATIVO CIRCULANTE                        ","ATIVO                                   ","11022004            ","11022004            ","11022004            ","11022004            ","11022004            ","11022004            ","11022004            ","11022               ","1102                ","11                  ","1                   ","P |01|AK5200||"
"11022               ","2","P |01|CT1200||11022005","P |01|CT1200||11022005","P |01|CT1200||11022005","P |01|CT1200||11022005","P |01|CT1200||11022005","P |01|CT1200||11022005","P |01|CT1200||11022005","P |01|CT1200||11022","P |01|CT1200||1102","P |01|CT1200||11","P |01|CT1200||1","ADIANTAMENTO DIVERSOS                   ","ADIANTAMENTO DIVERSOS                   ","ADIANTAMENTO DIVERSOS                   ","ADIANTAMENTO DIVERSOS                   ","ADIANTAMENTO DIVERSOS                   ","ADIANTAMENTO DIVERSOS                   ","ADIANTAMENTO DIVERSOS                   ","ADIANTAMENTOS                           ","REALIZAVEIS DE CURTO PRAZO              ","ATIVO CIRCULANTE                        ","ATIVO                                   ","11022005            ","11022005            ","11022005            ","11022005            ","11022005            ","11022005            ","11022005            ","11022               ","1102                ","11                  ","1                   ","P |01|AK5200||"
"11022               ","2","P |01|CT1200||11022006","P |01|CT1200||11022006","P |01|CT1200||11022006","P |01|CT1200||11022006","P |01|CT1200||11022006","P |01|CT1200||11022006","P |01|CT1200||11022006","P |01|CT1200||11022","P |01|CT1200||1102","P |01|CT1200||11","P |01|CT1200||1","ADIANTAMENTO A FUNCIONARIOS             ","ADIANTAMENTO A FUNCIONARIOS             ","ADIANTAMENTO A FUNCIONARIOS             ","ADIANTAMENTO A FUNCIONARIOS             ","ADIANTAMENTO A FUNCIONARIOS             ","ADIANTAMENTO A FUNCIONARIOS             ","ADIANTAMENTO A FUNCIONARIOS             ","ADIANTAMENTOS                           ","REALIZAVEIS DE CURTO PRAZO              ","ATIVO CIRCULANTE                        ","ATIVO                                   ","11022006            ","11022006            ","11022006            ","11022006            ","11022006            ","11022006            ","11022006            ","11022               ","1102                ","11                  ","1                   ","P |01|AK5200||"
"11022               ","2","P |01|CT1200||11022007","P |01|CT1200||11022007","P |01|CT1200||11022007","P |01|CT1200||11022007","P |01|CT1200||11022007","P |01|CT1200||11022007","P |01|CT1200||11022007","P |01|CT1200||11022","P |01|CT1200||1102","P |01|CT1200||11","P |01|CT1200||1","ADIANTAMENTO RESCISAO                   ","ADIANTAMENTO RESCISAO                   ","ADIANTAMENTO RESCISAO                   ","ADIANTAMENTO RESCISAO                   ","ADIANTAMENTO RESCISAO                   ","ADIANTAMENTO RESCISAO                   ","ADIANTAMENTO RESCISAO                   ","ADIANTAMENTOS                           ","REALIZAVEIS DE CURTO PRAZO              ","ATIVO CIRCULANTE                        ","ATIVO                                   ","11022007            ","11022007            ","11022007            ","11022007            ","11022007            ","11022007            ","11022007            ","11022               ","1102                ","11                  ","1                   ","P |01|AK5200||"
"11022               ","2","P |01|CT1200||11022008","P |01|CT1200||11022008","P |01|CT1200||11022008","P |01|CT1200||11022008","P |01|CT1200||11022008","P |01|CT1200||11022008","P |01|CT1200||11022008","P |01|CT1200||11022","P |01|CT1200||1102","P |01|CT1200||11","P |01|CT1200||1","ADIANTAMENTO DE FERIAS                  ","ADIANTAMENTO DE FERIAS                  ","ADIANTAMENTO DE FERIAS                  ","ADIANTAMENTO DE FERIAS                  ","ADIANTAMENTO DE FERIAS                  ","ADIANTAMENTO DE FERIAS                  ","ADIANTAMENTO DE FERIAS                  ","ADIANTAMENTOS                           ","REALIZAVEIS DE CURTO PRAZO              ","ATIVO CIRCULANTE                        ","ATIVO                                   ","11022008            ","11022008            ","11022008            ","11022008            ","11022008            ","11022008            ","11022008            ","11022               ","1102                ","11                  ","1                   ","P |01|AK5200||"
"11022               ","2","P |01|CT1200||11022009","P |01|CT1200||11022009","P |01|CT1200||11022009","P |01|CT1200||11022009","P |01|CT1200||11022009","P |01|CT1200||11022009","P |01|CT1200||11022009","P |01|CT1200||11022","P |01|CT1200||1102","P |01|CT1200||11","P |01|CT1200||1","ANTECIPACOES 13 SALARIO                 ","ANTECIPACOES 13 SALARIO                 ","ANTECIPACOES 13 SALARIO                 ","ANTECIPACOES 13 SALARIO                 ","ANTECIPACOES 13 SALARIO                 ","ANTECIPACOES 13 SALARIO                 ","ANTECIPACOES 13 SALARIO                 ","ADIANTAMENTOS                           ","REALIZAVEIS DE CURTO PRAZO              ","ATIVO CIRCULANTE                        ","ATIVO                                   ","11022009            ","11022009            ","11022009            ","11022009            ","11022009            ","11022009            ","11022009            ","11022               ","1102                ","11                  ","1                   ","P |01|AK5200||"
"11022               ","2","P |01|CT1200||11022010","P |01|CT1200||11022010","P |01|CT1200||11022010","P |01|CT1200||11022010","P |01|CT1200||11022010","P |01|CT1200||11022010","P |01|CT1200||11022010","P |01|CT1200||11022","P |01|CT1200||1102","P |01|CT1200||11","P |01|CT1200||1","ADIANTAMENTO A FORNECEDORES             ","ADIANTAMENTO A FORNECEDORES             ","ADIANTAMENTO A FORNECEDORES             ","ADIANTAMENTO A FORNECEDORES             ","ADIANTAMENTO A FORNECEDORES             ","ADIANTAMENTO A FORNECEDORES             ","ADIANTAMENTO A FORNECEDORES             ","ADIANTAMENTOS                           ","REALIZAVEIS DE CURTO PRAZO              ","ATIVO CIRCULANTE                        ","ATIVO                                   ","11022010            ","11022010            ","11022010            ","11022010            ","11022010            ","11022010            ","11022010            ","11022               ","1102                ","11                  ","1                   ","P |01|AK5200||"
"11022               ","2","P |01|CT1200||11022011","P |01|CT1200||11022011","P |01|CT1200||11022011","P |01|CT1200||11022011","P |01|CT1200||11022011","P |01|CT1200||11022011","P |01|CT1200||11022011","P |01|CT1200||11022","P |01|CT1200||1102","P |01|CT1200||11","P |01|CT1200||1","ADIANTAMENTO AVULSO                     ","ADIANTAMENTO AVULSO                     ","ADIANTAMENTO AVULSO                     ","ADIANTAMENTO AVULSO                     ","ADIANTAMENTO AVULSO                     ","ADIANTAMENTO AVULSO                     ","ADIANTAMENTO AVULSO                     ","ADIANTAMENTOS                           ","REALIZAVEIS DE CURTO PRAZO              ","ATIVO CIRCULANTE                        ","ATIVO                                   ","11022011            ","11022011            ","11022011            ","11022011            ","11022011            ","11022011            ","11022011            ","11022               ","1102                ","11                  ","1                   ","P |01|AK5200||"
"11022               ","2","P |01|CT1200||11022012","P |01|CT1200||11022012","P |01|CT1200||11022012","P |01|CT1200||11022012","P |01|CT1200||11022012","P |01|CT1200||11022012","P |01|CT1200||11022012","P |01|CT1200||11022","P |01|CT1200||1102","P |01|CT1200||11","P |01|CT1200||1","ADIANTAMENTO DISTR.LUCRO MATHEUS CESAR M","ADIANTAMENTO DISTR.LUCRO MATHEUS CESAR M","ADIANTAMENTO DISTR.LUCRO MATHEUS CESAR M","ADIANTAMENTO DISTR.LUCRO MATHEUS CESAR M","ADIANTAMENTO DISTR.LUCRO MATHEUS CESAR M","ADIANTAMENTO DISTR.LUCRO MATHEUS CESAR M","ADIANTAMENTO DISTR.LUCRO MATHEUS CESAR M","ADIANTAMENTOS                           ","REALIZAVEIS DE CURTO PRAZO              ","ATIVO CIRCULANTE                        ","ATIVO                                   ","11022012            ","11022012            ","11022012            ","11022012            ","11022012            ","11022012            ","11022012            ","11022               ","1102                ","11                  ","1                   ","P |01|AK5200||"
"11022               ","2","P |01|CT1200||11022013","P |01|CT1200||11022013","P |01|CT1200||11022013","P |01|CT1200||11022013","P |01|CT1200||11022013","P |01|CT1200||11022013","P |01|CT1200||11022013","P |01|CT1200||11022","P |01|CT1200||1102","P |01|CT1200||11","P |01|CT1200||1","ADIANTAMENTOS - GEOTECH FARM            ","ADIANTAMENTOS - GEOTECH FARM            ","ADIANTAMENTOS - GEOTECH FARM            ","ADIANTAMENTOS - GEOTECH FARM            ","ADIANTAMENTOS - GEOTECH FARM            ","ADIANTAMENTOS - GEOTECH FARM            ","ADIANTAMENTOS - GEOTECH FARM            ","ADIANTAMENTOS                           ","REALIZAVEIS DE CURTO PRAZO              ","ATIVO CIRCULANTE                        ","ATIVO                                   ","11022013            ","11022013            ","11022013            ","11022013            ","11022013            ","11022013            ","11022013            ","11022               ","1102                ","11                  ","1                   ","P |01|AK5200||"
"11022               ","2","P |01|CT1200||11022014","P |01|CT1200||11022014","P |01|CT1200||11022014","P |01|CT1200||11022014","P |01|CT1200||11022014","P |01|CT1200||11022014","P |01|CT1200||11022014","P |01|CT1200||11022","P |01|CT1200||1102","P |01|CT1200||11","P |01|CT1200||1","ADIANTAMENTO VALE ALIMENTACAO           ","ADIANTAMENTO VALE ALIMENTACAO           ","ADIANTAMENTO VALE ALIMENTACAO           ","ADIANTAMENTO VALE ALIMENTACAO           ","ADIANTAMENTO VALE ALIMENTACAO           ","ADIANTAMENTO VALE ALIMENTACAO           ","ADIANTAMENTO VALE ALIMENTACAO           ","ADIANTAMENTOS                           ","REALIZAVEIS DE CURTO PRAZO              ","ATIVO CIRCULANTE                        ","ATIVO                                   ","11022014            ","11022014            ","11022014            ","11022014            ","11022014            ","11022014            ","11022014            ","11022               ","1102                ","11                  ","1                   ","P |01|AK5200||"
"11022               ","2","P |01|CT1200||11022015","P |01|CT1200||11022015","P |01|CT1200||11022015","P |01|CT1200||11022015","P |01|CT1200||11022015","P |01|CT1200||11022015","P |01|CT1200||11022015","P |01|CT1200||11022","P |01|CT1200||1102","P |01|CT1200||11","P |01|CT1200||1","DEPOSITO CAUCAO                         ","DEPOSITO CAUCAO                         ","DEPOSITO CAUCAO                         ","DEPOSITO CAUCAO                         ","DEPOSITO CAUCAO                         ","DEPOSITO CAUCAO                         ","DEPOSITO CAUCAO                         ","ADIANTAMENTOS                           ","REALIZAVEIS DE CURTO PRAZO              ","ATIVO CIRCULANTE                        ","ATIVO                                   ","11022015            ","11022015            ","11022015            ","11022015            ","11022015            ","11022015            ","11022015            ","11022               ","1102                ","11                  ","1                   ","P |01|AK5200||"
"11022               ","2","P |01|CT1200||11022016","P |01|CT1200||11022016","P |01|CT1200||11022016","P |01|CT1200||11022016","P |01|CT1200||11022016","P |01|CT1200||11022016","P |01|CT1200||11022016","P |01|CT1200||11022","P |01|CT1200||1102","P |01|CT1200||11","P |01|CT1200||1","R O INVESTIMENTOS E PARTICIPACOES LTDA  ","R O INVESTIMENTOS E PARTICIPACOES LTDA  ","R O INVESTIMENTOS E PARTICIPACOES LTDA  ","R O INVESTIMENTOS E PARTICIPACOES LTDA  ","R O INVESTIMENTOS E PARTICIPACOES LTDA  ","R O INVESTIMENTOS E PARTICIPACOES LTDA  ","R O INVESTIMENTOS E PARTICIPACOES LTDA  ","ADIANTAMENTOS                           ","REALIZAVEIS DE CURTO PRAZO              ","ATIVO CIRCULANTE                        ","ATIVO                                   ","11022016            ","11022016            ","11022016            ","11022016            ","11022016            ","11022016            ","11022016            ","11022               ","1102                ","11                  ","1                   ","P |01|AK5200||"
"11022               ","2","P |01|CT1200||11022017","P |01|CT1200||11022017","P |01|CT1200||11022017","P |01|CT1200||11022017","P |01|CT1200||11022017","P |01|CT1200||11022017","P |01|CT1200||11022017","P |01|CT1200||11022","P |01|CT1200||1102","P |01|CT1200||11","P |01|CT1200||1","ADIANTAMENTO OBRAS NOVA SEDE            ","ADIANTAMENTO OBRAS NOVA SEDE            ","ADIANTAMENTO OBRAS NOVA SEDE            ","ADIANTAMENTO OBRAS NOVA SEDE            ","ADIANTAMENTO OBRAS NOVA SEDE            ","ADIANTAMENTO OBRAS NOVA SEDE            ","ADIANTAMENTO OBRAS NOVA SEDE            ","ADIANTAMENTOS                           ","REALIZAVEIS DE CURTO PRAZO              ","ATIVO CIRCULANTE                        ","ATIVO                                   ","11022017            ","11022017            ","11022017            ","11022017            ","11022017            ","11022017            ","11022017            ","11022               ","1102                ","11                  ","1                   ","P |01|AK5200||"
"11022               ","2","P |01|CT1200||11022018","P |01|CT1200||11022018","P |01|CT1200||11022018","P |01|CT1200||11022018","P |01|CT1200||11022018","P |01|CT1200||11022018","P |01|CT1200||11022018","P |01|CT1200||11022","P |01|CT1200||1102","P |01|CT1200||11","P |01|CT1200||1","ADIANTAMENTO P/  CAP. A INTEGRAL. SBSR2 ","ADIANTAMENTO P/  CAP. A INTEGRAL. SBSR2 ","ADIANTAMENTO P/  CAP. A INTEGRAL. SBSR2 ","ADIANTAMENTO P/  CAP. A INTEGRAL. SBSR2 ","ADIANTAMENTO P/  CAP. A INTEGRAL. SBSR2 ","ADIANTAMENTO P/  CAP. A INTEGRAL. SBSR2 ","ADIANTAMENTO P/  CAP. A INTEGRAL. SBSR2 ","ADIANTAMENTOS                           ","REALIZAVEIS DE CURTO PRAZO              ","ATIVO CIRCULANTE                        ","ATIVO                                   ","11022018            ","11022018            ","11022018            ","11022018            ","11022018            ","11022018            ","11022018            ","11022               ","1102                ","11                  ","1                   ","P |01|AK5200||"
"11022               ","2","P |01|CT1200||11022019","P |01|CT1200||11022019","P |01|CT1200||11022019","P |01|CT1200||11022019","P |01|CT1200||11022019","P |01|CT1200||11022019","P |01|CT1200||11022019","P |01|CT1200||11022","P |01|CT1200||1102","P |01|CT1200||11","P |01|CT1200||1","DEPOSITOS JUDICIAIS                     ","DEPOSITOS JUDICIAIS                     ","DEPOSITOS JUDICIAIS                     ","DEPOSITOS JUDICIAIS                     ","DEPOSITOS JUDICIAIS                     ","DEPOSITOS JUDICIAIS                     ","DEPOSITOS JUDICIAIS                     ","ADIANTAMENTOS                           ","REALIZAVEIS DE CURTO PRAZO              ","ATIVO CIRCULANTE                        ","ATIVO                                   ","11022019            ","11022019            ","11022019            ","11022019            ","11022019            ","11022019            ","11022019            ","11022               ","1102                ","11                  ","1                   ","P |01|AK5200||"
"11022               ","2","P |01|CT1200||11022020","P |01|CT1200||11022020","P |01|CT1200||11022020","P |01|CT1200||11022020","P |01|CT1200||11022020","P |01|CT1200||11022020","P |01|CT1200||11022020","P |01|CT1200||11022","P |01|CT1200||1102","P |01|CT1200||11","P |01|CT1200||1"," AFAC- WAYUP SERVICOS EM TECNOLOGIA LTDA"," AFAC- WAYUP SERVICOS EM TECNOLOGIA LTDA"," AFAC- WAYUP SERVICOS EM TECNOLOGIA LTDA"," AFAC- WAYUP SERVICOS EM TECNOLOGIA LTDA"," AFAC- WAYUP SERVICOS EM TECNOLOGIA LTDA"," AFAC- WAYUP SERVICOS EM TECNOLOGIA LTDA"," AFAC- WAYUP SERVICOS EM TECNOLOGIA LTDA","ADIANTAMENTOS                           ","REALIZAVEIS DE CURTO PRAZO              ","ATIVO CIRCULANTE                        ","ATIVO                                   ","11022020            ","11022020            ","11022020            ","11022020            ","11022020            ","11022020            ","11022020            ","11022               ","1102                ","11                  ","1                   ","P |01|AK5200||"
"11023               ","2","P |01|CT1200||11023001","P |01|CT1200||11023001","P |01|CT1200||11023001","P |01|CT1200||11023001","P |01|CT1200||11023001","P |01|CT1200||11023001","P |01|CT1200||11023001","P |01|CT1200||11023","P |01|CT1200||1102","P |01|CT1200||11","P |01|CT1200||1","IRRF A COMPENSAR                        ","IRRF A COMPENSAR                        ","IRRF A COMPENSAR                        ","IRRF A COMPENSAR                        ","IRRF A COMPENSAR                        ","IRRF A COMPENSAR                        ","IRRF A COMPENSAR                        ","IMPOSTOS A RECUPERAR                    ","REALIZAVEIS DE CURTO PRAZO              ","ATIVO CIRCULANTE                        ","ATIVO                                   ","11023001            ","11023001            ","11023001            ","11023001            ","11023001            ","11023001            ","11023001            ","11023               ","1102                ","11                  ","1                   ","P |01|AK5200||"
"11023               ","2","P |01|CT1200||11023002","P |01|CT1200||11023002","P |01|CT1200||11023002","P |01|CT1200||11023002","P |01|CT1200||11023002","P |01|CT1200||11023002","P |01|CT1200||11023002","P |01|CT1200||11023","P |01|CT1200||1102","P |01|CT1200||11","P |01|CT1200||1","INSS A COMPENSAR                        ","INSS A COMPENSAR                        ","INSS A COMPENSAR                        ","INSS A COMPENSAR                        ","INSS A COMPENSAR                        ","INSS A COMPENSAR                        ","INSS A COMPENSAR                        ","IMPOSTOS A RECUPERAR                    ","REALIZAVEIS DE CURTO PRAZO              ","ATIVO CIRCULANTE                        ","ATIVO                                   ","11023002            ","11023002            ","11023002            ","11023002            ","11023002            ","11023002            ","11023002            ","11023               ","1102                ","11                  ","1                   ","P |01|AK5200||"
"11023               ","2","P |01|CT1200||11023003","P |01|CT1200||11023003","P |01|CT1200||11023003","P |01|CT1200||11023003","P |01|CT1200||11023003","P |01|CT1200||11023003","P |01|CT1200||11023003","P |01|CT1200||11023","P |01|CT1200||1102","P |01|CT1200||11","P |01|CT1200||1","CONTR. SOCIAL A COMPENSAR               ","CONTR. SOCIAL A COMPENSAR               ","CONTR. SOCIAL A COMPENSAR               ","CONTR. SOCIAL A COMPENSAR               ","CONTR. SOCIAL A COMPENSAR               ","CONTR. SOCIAL A COMPENSAR               ","CONTR. SOCIAL A COMPENSAR               ","IMPOSTOS A RECUPERAR                    ","REALIZAVEIS DE CURTO PRAZO              ","ATIVO CIRCULANTE                        ","ATIVO                                   ","11023003            ","11023003            ","11023003            ","11023003            ","11023003            ","11023003            ","11023003            ","11023               ","1102                ","11                  ","1                   ","P |01|AK5200||"
"11023               ","2","P |01|CT1200||11023004","P |01|CT1200||11023004","P |01|CT1200||11023004","P |01|CT1200||11023004","P |01|CT1200||11023004","P |01|CT1200||11023004","P |01|CT1200||11023004","P |01|CT1200||11023","P |01|CT1200||1102","P |01|CT1200||11","P |01|CT1200||1","COFINS RETIDO A COMPENSAR               ","COFINS RETIDO A COMPENSAR               ","COFINS RETIDO A COMPENSAR               ","COFINS RETIDO A COMPENSAR               ","COFINS RETIDO A COMPENSAR               ","COFINS RETIDO A COMPENSAR               ","COFINS RETIDO A COMPENSAR               ","IMPOSTOS A RECUPERAR                    ","REALIZAVEIS DE CURTO PRAZO              ","ATIVO CIRCULANTE                        ","ATIVO                                   ","11023004            ","11023004            ","11023004            ","11023004            ","11023004            ","11023004            ","11023004            ","11023               ","1102                ","11                  ","1                   ","P |01|AK5200||"
"11023               ","2","P |01|CT1200||11023005","P |01|CT1200||11023005","P |01|CT1200||11023005","P |01|CT1200||11023005","P |01|CT1200||11023005","P |01|CT1200||11023005","P |01|CT1200||11023005","P |01|CT1200||11023","P |01|CT1200||1102","P |01|CT1200||11","P |01|CT1200||1","PIS RETIDO A COMPENSAR                  ","PIS RETIDO A COMPENSAR                  ","PIS RETIDO A COMPENSAR                  ","PIS RETIDO A COMPENSAR                  ","PIS RETIDO A COMPENSAR                  ","PIS RETIDO A COMPENSAR                  ","PIS RETIDO A COMPENSAR                  ","IMPOSTOS A RECUPERAR                    ","REALIZAVEIS DE CURTO PRAZO              ","ATIVO CIRCULANTE                        ","ATIVO                                   ","11023005            ","11023005            ","11023005            ","11023005            ","11023005            ","11023005            ","11023005            ","11023               ","1102                ","11                  ","1                   ","P |01|AK5200||"
"11023               ","2","P |01|CT1200||11023006","P |01|CT1200||11023006","P |01|CT1200||11023006","P |01|CT1200||11023006","P |01|CT1200||11023006","P |01|CT1200||11023006","P |01|CT1200||11023006","P |01|CT1200||11023","P |01|CT1200||1102","P |01|CT1200||11","P |01|CT1200||1","ISS RETIDO                              ","ISS RETIDO                              ","ISS RETIDO                              ","ISS RETIDO                              ","ISS RETIDO                              ","ISS RETIDO                              ","ISS RETIDO                              ","IMPOSTOS A RECUPERAR                    ","REALIZAVEIS DE CURTO PRAZO              ","ATIVO CIRCULANTE                        ","ATIVO                                   ","11023006            ","11023006            ","11023006            ","11023006            ","11023006            ","11023006            ","11023006            ","11023               ","1102                ","11                  ","1                   ","P |01|AK5200||"
"11023               ","2","P |01|CT1200||11023007","P |01|CT1200||11023007","P |01|CT1200||11023007","P |01|CT1200||11023007","P |01|CT1200||11023007","P |01|CT1200||11023007","P |01|CT1200||11023007","P |01|CT1200||11023","P |01|CT1200||1102","P |01|CT1200||11","P |01|CT1200||1","IRPJ A COMPENSAR                        ","IRPJ A COMPENSAR                        ","IRPJ A COMPENSAR                        ","IRPJ A COMPENSAR                        ","IRPJ A COMPENSAR                        ","IRPJ A COMPENSAR                        ","IRPJ A COMPENSAR                        ","IMPOSTOS A RECUPERAR                    ","REALIZAVEIS DE CURTO PRAZO              ","ATIVO CIRCULANTE                        ","ATIVO                                   ","11023007            ","11023007            ","11023007            ","11023007            ","11023007            ","11023007            ","11023007            ","11023               ","1102                ","11                  ","1                   ","P |01|AK5200||"
"11023               ","2","P |01|CT1200||11023008","P |01|CT1200||11023008","P |01|CT1200||11023008","P |01|CT1200||11023008","P |01|CT1200||11023008","P |01|CT1200||11023008","P |01|CT1200||11023008","P |01|CT1200||11023","P |01|CT1200||1102","P |01|CT1200||11","P |01|CT1200||1","IR RETIDO S/ APLICACAO                  ","IR RETIDO S/ APLICACAO                  ","IR RETIDO S/ APLICACAO                  ","IR RETIDO S/ APLICACAO                  ","IR RETIDO S/ APLICACAO                  ","IR RETIDO S/ APLICACAO                  ","IR RETIDO S/ APLICACAO                  ","IMPOSTOS A RECUPERAR                    ","REALIZAVEIS DE CURTO PRAZO              ","ATIVO CIRCULANTE                        ","ATIVO                                   ","11023008            ","11023008            ","11023008            ","11023008            ","11023008            ","11023008            ","11023008            ","11023               ","1102                ","11                  ","1                   ","P |01|AK5200||"
"11023               ","2","P |01|CT1200||11023009","P |01|CT1200||11023009","P |01|CT1200||11023009","P |01|CT1200||11023009","P |01|CT1200||11023009","P |01|CT1200||11023009","P |01|CT1200||11023009","P |01|CT1200||11023","P |01|CT1200||1102","P |01|CT1200||11","P |01|CT1200||1","PIS PAGO A MAIOR                        ","PIS PAGO A MAIOR                        ","PIS PAGO A MAIOR                        ","PIS PAGO A MAIOR                        ","PIS PAGO A MAIOR                        ","PIS PAGO A MAIOR                        ","PIS PAGO A MAIOR                        ","IMPOSTOS A RECUPERAR                    ","REALIZAVEIS DE CURTO PRAZO              ","ATIVO CIRCULANTE                        ","ATIVO                                   ","11023009            ","11023009            ","11023009            ","11023009            ","11023009            ","11023009            ","11023009            ","11023               ","1102                ","11                  ","1                   ","P |01|AK5200||"
"11023               ","2","P |01|CT1200||11023010","P |01|CT1200||11023010","P |01|CT1200||11023010","P |01|CT1200||11023010","P |01|CT1200||11023010","P |01|CT1200||11023010","P |01|CT1200||11023010","P |01|CT1200||11023","P |01|CT1200||1102","P |01|CT1200||11","P |01|CT1200||1","COFINS PAGO A MAIOR                     ","COFINS PAGO A MAIOR                     ","COFINS PAGO A MAIOR                     ","COFINS PAGO A MAIOR                     ","COFINS PAGO A MAIOR                     ","COFINS PAGO A MAIOR                     ","COFINS PAGO A MAIOR                     ","IMPOSTOS A RECUPERAR                    ","REALIZAVEIS DE CURTO PRAZO              ","ATIVO CIRCULANTE                        ","ATIVO                                   ","11023010            ","11023010            ","11023010            ","11023010            ","11023010            ","11023010            ","11023010            ","11023               ","1102                ","11                  ","1                   ","P |01|AK5200||"
"11023               ","2","P |01|CT1200||11023011","P |01|CT1200||11023011","P |01|CT1200||11023011","P |01|CT1200||11023011","P |01|CT1200||11023011","P |01|CT1200||11023011","P |01|CT1200||11023011","P |01|CT1200||11023","P |01|CT1200||1102","P |01|CT1200||11","P |01|CT1200||1","COFINS A RECUPERAR - RESULTAR           ","COFINS A RECUPERAR - RESULTAR           ","COFINS A RECUPERAR - RESULTAR           ","COFINS A RECUPERAR - RESULTAR           ","COFINS A RECUPERAR - RESULTAR           ","COFINS A RECUPERAR - RESULTAR           ","COFINS A RECUPERAR - RESULTAR           ","IMPOSTOS A RECUPERAR                    ","REALIZAVEIS DE CURTO PRAZO              ","ATIVO CIRCULANTE                        ","ATIVO                                   ","11023011            ","11023011            ","11023011            ","11023011            ","11023011            ","11023011            ","11023011            ","11023               ","1102                ","11                  ","1                   ","P |01|AK5200||"
"11023               ","2","P |01|CT1200||11023012","P |01|CT1200||11023012","P |01|CT1200||11023012","P |01|CT1200||11023012","P |01|CT1200||11023012","P |01|CT1200||11023012","P |01|CT1200||11023012","P |01|CT1200||11023","P |01|CT1200||1102","P |01|CT1200||11","P |01|CT1200||1","PIS A RECUPERAR - RESULTAR              ","PIS A RECUPERAR - RESULTAR              ","PIS A RECUPERAR - RESULTAR              ","PIS A RECUPERAR - RESULTAR              ","PIS A RECUPERAR - RESULTAR              ","PIS A RECUPERAR - RESULTAR              ","PIS A RECUPERAR - RESULTAR              ","IMPOSTOS A RECUPERAR                    ","REALIZAVEIS DE CURTO PRAZO              ","ATIVO CIRCULANTE                        ","ATIVO                                   ","11023012            ","11023012            ","11023012            ","11023012            ","11023012            ","11023012            ","11023012            ","11023               ","1102                ","11                  ","1                   ","P |01|AK5200||"
"11023               ","2","P |01|CT1200||11023013","P |01|CT1200||11023013","P |01|CT1200||11023013","P |01|CT1200||11023013","P |01|CT1200||11023013","P |01|CT1200||11023013","P |01|CT1200||11023013","P |01|CT1200||11023","P |01|CT1200||1102","P |01|CT1200||11","P |01|CT1200||1","ISSQN A RECUPERAR - RESULTAR            ","ISSQN A RECUPERAR - RESULTAR            ","ISSQN A RECUPERAR - RESULTAR            ","ISSQN A RECUPERAR - RESULTAR            ","ISSQN A RECUPERAR - RESULTAR            ","ISSQN A RECUPERAR - RESULTAR            ","ISSQN A RECUPERAR - RESULTAR            ","IMPOSTOS A RECUPERAR                    ","REALIZAVEIS DE CURTO PRAZO              ","ATIVO CIRCULANTE                        ","ATIVO                                   ","11023013            ","11023013            ","11023013            ","11023013            ","11023013            ","11023013            ","11023013            ","11023               ","1102                ","11                  ","1                   ","P |01|AK5200||"
"11023               ","2","P |01|CT1200||11023014","P |01|CT1200||11023014","P |01|CT1200||11023014","P |01|CT1200||11023014","P |01|CT1200||11023014","P |01|CT1200||11023014","P |01|CT1200||11023014","P |01|CT1200||11023","P |01|CT1200||1102","P |01|CT1200||11","P |01|CT1200||1","ISSQN A RECUPERAR                       ","ISSQN A RECUPERAR                       ","ISSQN A RECUPERAR                       ","ISSQN A RECUPERAR                       ","ISSQN A RECUPERAR                       ","ISSQN A RECUPERAR                       ","ISSQN A RECUPERAR                       ","IMPOSTOS A RECUPERAR                    ","REALIZAVEIS DE CURTO PRAZO              ","ATIVO CIRCULANTE                        ","ATIVO                                   ","11023014            ","11023014            ","11023014            ","11023014            ","11023014            ","11023014            ","11023014            ","11023               ","1102                ","11                  ","1                   ","P |01|AK5200||"
"11024               ","2","P |01|CT1200||11024001","P |01|CT1200||11024001","P |01|CT1200||11024001","P |01|CT1200||11024001","P |01|CT1200||11024001","P |01|CT1200||11024001","P |01|CT1200||11024001","P |01|CT1200||11024","P |01|CT1200||1102","P |01|CT1200||11","P |01|CT1200||1","VALORES A COMPENSAR DE CLIENTES         ","VALORES A COMPENSAR DE CLIENTES         ","VALORES A COMPENSAR DE CLIENTES         ","VALORES A COMPENSAR DE CLIENTES         ","VALORES A COMPENSAR DE CLIENTES         ","VALORES A COMPENSAR DE CLIENTES         ","VALORES A COMPENSAR DE CLIENTES         ","OUTROS VALORES A RECEBER                ","REALIZAVEIS DE CURTO PRAZO              ","ATIVO CIRCULANTE                        ","ATIVO                                   ","11024001            ","11024001            ","11024001            ","11024001            ","11024001            ","11024001            ","11024001            ","11024               ","1102                ","11                  ","1                   ","P |01|AK5200||"
"11024               ","2","P |01|CT1200||11024003","P |01|CT1200||11024003","P |01|CT1200||11024003","P |01|CT1200||11024003","P |01|CT1200||11024003","P |01|CT1200||11024003","P |01|CT1200||11024003","P |01|CT1200||11024","P |01|CT1200||1102","P |01|CT1200||11","P |01|CT1200||1","REPASSES GERENCIAIS ENTRE UNIDADES      ","REPASSES GERENCIAIS ENTRE UNIDADES      ","REPASSES GERENCIAIS ENTRE UNIDADES      ","REPASSES GERENCIAIS ENTRE UNIDADES      ","REPASSES GERENCIAIS ENTRE UNIDADES      ","REPASSES GERENCIAIS ENTRE UNIDADES      ","REPASSES GERENCIAIS ENTRE UNIDADES      ","OUTROS VALORES A RECEBER                ","REALIZAVEIS DE CURTO PRAZO              ","ATIVO CIRCULANTE                        ","ATIVO                                   ","11024003            ","11024003            ","11024003            ","11024003            ","11024003            ","11024003            ","11024003            ","11024               ","1102                ","11                  ","1                   ","P |01|AK5200||"
"11024               ","2","P |01|CT1200||11024004","P |01|CT1200||11024004","P |01|CT1200||11024004","P |01|CT1200||11024004","P |01|CT1200||11024004","P |01|CT1200||11024004","P |01|CT1200||11024004","P |01|CT1200||11024","P |01|CT1200||1102","P |01|CT1200||11","P |01|CT1200||1","RECEITAS FUTURAS DA FRANQUEADORA        ","RECEITAS FUTURAS DA FRANQUEADORA        ","RECEITAS FUTURAS DA FRANQUEADORA        ","RECEITAS FUTURAS DA FRANQUEADORA        ","RECEITAS FUTURAS DA FRANQUEADORA        ","RECEITAS FUTURAS DA FRANQUEADORA        ","RECEITAS FUTURAS DA FRANQUEADORA        ","OUTROS VALORES A RECEBER                ","REALIZAVEIS DE CURTO PRAZO              ","ATIVO CIRCULANTE                        ","ATIVO                                   ","11024004            ","11024004            ","11024004            ","11024004            ","11024004            ","11024004            ","11024004            ","11024               ","1102                ","11                  ","1                   ","P |01|AK5200||"
"11025               ","2","P |01|CT1200||11025001","P |01|CT1200||11025001","P |01|CT1200||11025001","P |01|CT1200||11025001","P |01|CT1200||11025001","P |01|CT1200||11025001","P |01|CT1200||11025001","P |01|CT1200||11025","P |01|CT1200||1102","P |01|CT1200||11","P |01|CT1200||1","J.B.M. AGENCIA DE MARKETING DIGITAL SA/ ","J.B.M. AGENCIA DE MARKETING DIGITAL SA/ ","J.B.M. AGENCIA DE MARKETING DIGITAL SA/ ","J.B.M. AGENCIA DE MARKETING DIGITAL SA/ ","J.B.M. AGENCIA DE MARKETING DIGITAL SA/ ","J.B.M. AGENCIA DE MARKETING DIGITAL SA/ ","J.B.M. AGENCIA DE MARKETING DIGITAL SA/ ","EMPRESTIMOS/OUTROS CREDITOS             ","REALIZAVEIS DE CURTO PRAZO              ","ATIVO CIRCULANTE                        ","ATIVO                                   ","11025001            ","11025001            ","11025001            ","11025001            ","11025001            ","11025001            ","11025001            ","11025               ","1102                ","11                  ","1                   ","P |01|AK5200||"
"11025               ","2","P |01|CT1200||11025002","P |01|CT1200||11025002","P |01|CT1200||11025002","P |01|CT1200||11025002","P |01|CT1200||11025002","P |01|CT1200||11025002","P |01|CT1200||11025002","P |01|CT1200||11025","P |01|CT1200||1102","P |01|CT1200||11","P |01|CT1200||1","CREDITOS A RECEBER FRANQUEADORA         ","CREDITOS A RECEBER FRANQUEADORA         ","CREDITOS A RECEBER FRANQUEADORA         ","CREDITOS A RECEBER FRANQUEADORA         ","CREDITOS A RECEBER FRANQUEADORA         ","CREDITOS A RECEBER FRANQUEADORA         ","CREDITOS A RECEBER FRANQUEADORA         ","EMPRESTIMOS/OUTROS CREDITOS             ","REALIZAVEIS DE CURTO PRAZO              ","ATIVO CIRCULANTE                        ","ATIVO                                   ","11025002            ","11025002            ","11025002            ","11025002            ","11025002            ","11025002            ","11025002            ","11025               ","1102                ","11                  ","1                   ","P |01|AK5200||"
"11025               ","2","P |01|CT1200||11025003","P |01|CT1200||11025003","P |01|CT1200||11025003","P |01|CT1200||11025003","P |01|CT1200||11025003","P |01|CT1200||11025003","P |01|CT1200||11025003","P |01|CT1200||11025","P |01|CT1200||1102","P |01|CT1200||11","P |01|CT1200||1","TOP PARTICIPACOES S/A                   ","TOP PARTICIPACOES S/A                   ","TOP PARTICIPACOES S/A                   ","TOP PARTICIPACOES S/A                   ","TOP PARTICIPACOES S/A                   ","TOP PARTICIPACOES S/A                   ","TOP PARTICIPACOES S/A                   ","EMPRESTIMOS/OUTROS CREDITOS             ","REALIZAVEIS DE CURTO PRAZO              ","ATIVO CIRCULANTE                        ","ATIVO                                   ","11025003            ","11025003            ","11025003            ","11025003            ","11025003            ","11025003            ","11025003            ","11025               ","1102                ","11                  ","1                   ","P |01|AK5200||"
"11026               ","2","P |01|CT1200||11026001","P |01|CT1200||11026001","P |01|CT1200||11026001","P |01|CT1200||11026001","P |01|CT1200||11026001","P |01|CT1200||11026001","P |01|CT1200||11026001","P |01|CT1200||11026","P |01|CT1200||1102","P |01|CT1200||11","P |01|CT1200||1","IPVA A APROPRIAR                        ","IPVA A APROPRIAR                        ","IPVA A APROPRIAR                        ","IPVA A APROPRIAR                        ","IPVA A APROPRIAR                        ","IPVA A APROPRIAR                        ","IPVA A APROPRIAR                        ","DESPESAS ANTECIPADAS                    ","REALIZAVEIS DE CURTO PRAZO              ","ATIVO CIRCULANTE                        ","ATIVO                                   ","11026001            ","11026001            ","11026001            ","11026001            ","11026001            ","11026001            ","11026001            ","11026               ","1102                ","11                  ","1                   ","P |01|AK5200||"
"11026               ","2","P |01|CT1200||11026002","P |01|CT1200||11026002","P |01|CT1200||11026002","P |01|CT1200||11026002","P |01|CT1200||11026002","P |01|CT1200||11026002","P |01|CT1200||11026002","P |01|CT1200||11026","P |01|CT1200||1102","P |01|CT1200||11","P |01|CT1200||1","LICENCIAMENGO DE VEICULOS A APROPRIAR   ","LICENCIAMENGO DE VEICULOS A APROPRIAR   ","LICENCIAMENGO DE VEICULOS A APROPRIAR   ","LICENCIAMENGO DE VEICULOS A APROPRIAR   ","LICENCIAMENGO DE VEICULOS A APROPRIAR   ","LICENCIAMENGO DE VEICULOS A APROPRIAR   ","LICENCIAMENGO DE VEICULOS A APROPRIAR   ","DESPESAS ANTECIPADAS                    ","REALIZAVEIS DE CURTO PRAZO              ","ATIVO CIRCULANTE                        ","ATIVO                                   ","11026002            ","11026002            ","11026002            ","11026002            ","11026002            ","11026002            ","11026002            ","11026               ","1102                ","11                  ","1                   ","P |01|AK5200||"
"11026               ","2","P |01|CT1200||11026003","P |01|CT1200||11026003","P |01|CT1200||11026003","P |01|CT1200||11026003","P |01|CT1200||11026003","P |01|CT1200||11026003","P |01|CT1200||11026003","P |01|CT1200||11026","P |01|CT1200||1102","P |01|CT1200||11","P |01|CT1200||1","SEGUROS A APROPRIAR                     ","SEGUROS A APROPRIAR                     ","SEGUROS A APROPRIAR                     ","SEGUROS A APROPRIAR                     ","SEGUROS A APROPRIAR                     ","SEGUROS A APROPRIAR                     ","SEGUROS A APROPRIAR                     ","DESPESAS ANTECIPADAS                    ","REALIZAVEIS DE CURTO PRAZO              ","ATIVO CIRCULANTE                        ","ATIVO                                   ","11026003            ","11026003            ","11026003            ","11026003            ","11026003            ","11026003            ","11026003            ","11026               ","1102                ","11                  ","1                   ","P |01|AK5200||"
"11026               ","2","P |01|CT1200||11026004","P |01|CT1200||11026004","P |01|CT1200||11026004","P |01|CT1200||11026004","P |01|CT1200||11026004","P |01|CT1200||11026004","P |01|CT1200||11026004","P |01|CT1200||11026","P |01|CT1200||1102","P |01|CT1200||11","P |01|CT1200||1","PAGAMENTOS COM MKT A REEMBOLSAR         ","PAGAMENTOS COM MKT A REEMBOLSAR         ","PAGAMENTOS COM MKT A REEMBOLSAR         ","PAGAMENTOS COM MKT A REEMBOLSAR         ","PAGAMENTOS COM MKT A REEMBOLSAR         ","PAGAMENTOS COM MKT A REEMBOLSAR         ","PAGAMENTOS COM MKT A REEMBOLSAR         ","DESPESAS ANTECIPADAS                    ","REALIZAVEIS DE CURTO PRAZO              ","ATIVO CIRCULANTE                        ","ATIVO                                   ","11026004            ","11026004            ","11026004            ","11026004            ","11026004            ","11026004            ","11026004            ","11026               ","1102                ","11                  ","1                   ","P |01|AK5200||"
"11027               ","2","P |01|CT1200||11027001","P |01|CT1200||11027001","P |01|CT1200||11027001","P |01|CT1200||11027001","P |01|CT1200||11027001","P |01|CT1200||11027001","P |01|CT1200||11027001","P |01|CT1200||11027","P |01|CT1200||1102","P |01|CT1200||11","P |01|CT1200||1","CREDITOS A RECEBER- FRANQUEADORA        ","CREDITOS A RECEBER- FRANQUEADORA        ","CREDITOS A RECEBER- FRANQUEADORA        ","CREDITOS A RECEBER- FRANQUEADORA        ","CREDITOS A RECEBER- FRANQUEADORA        ","CREDITOS A RECEBER- FRANQUEADORA        ","CREDITOS A RECEBER- FRANQUEADORA        ","CONTAS A RECEBER                        ","REALIZAVEIS DE CURTO PRAZO              ","ATIVO CIRCULANTE                        ","ATIVO                                   ","11027001            ","11027001            ","11027001            ","11027001            ","11027001            ","11027001            ","11027001            ","11027               ","1102                ","11                  ","1                   ","P |01|AK5200||"
"11027               ","2","P |01|CT1200||11027001","P |01|CT1200||11027001","P |01|CT1200||11027001","P |01|CT1200||11027001","P |01|CT1200||11027001","P |01|CT1200||11027001","P |01|CT1200||11027001","P |01|CT1200||11027","P |01|CT1200||1102","P |01|CT1200||11","P |01|CT1200||1","CREDITOS A RECEBER- FRANQUEADORA        ","CREDITOS A RECEBER- FRANQUEADORA        ","CREDITOS A RECEBER- FRANQUEADORA        ","CREDITOS A RECEBER- FRANQUEADORA        ","CREDITOS A RECEBER- FRANQUEADORA        ","CREDITOS A RECEBER- FRANQUEADORA        ","CREDITOS A RECEBER- FRANQUEADORA        ","CONTAS TRANSITORIAS                     ","REALIZAVEIS DE CURTO PRAZO              ","ATIVO CIRCULANTE                        ","ATIVO                                   ","11027001            ","11027001            ","11027001            ","11027001            ","11027001            ","11027001            ","11027001            ","11027               ","1102                ","11                  ","1                   ","P |01|AK5200||"
"11027               ","2","P |01|CT1200||11027002","P |01|CT1200||11027002","P |01|CT1200||11027002","P |01|CT1200||11027002","P |01|CT1200||11027002","P |01|CT1200||11027002","P |01|CT1200||11027002","P |01|CT1200||11027","P |01|CT1200||1102","P |01|CT1200||11","P |01|CT1200||1","TOP PARTICIPACOES S/A                   ","TOP PARTICIPACOES S/A                   ","TOP PARTICIPACOES S/A                   ","TOP PARTICIPACOES S/A                   ","TOP PARTICIPACOES S/A                   ","TOP PARTICIPACOES S/A                   ","TOP PARTICIPACOES S/A                   ","CONTAS A RECEBER                        ","REALIZAVEIS DE CURTO PRAZO              ","ATIVO CIRCULANTE                        ","ATIVO                                   ","11027002            ","11027002            ","11027002            ","11027002            ","11027002            ","11027002            ","11027002            ","11027               ","1102                ","11                  ","1                   ","P |01|AK5200||"
"11027               ","2","P |01|CT1200||11027002","P |01|CT1200||11027002","P |01|CT1200||11027002","P |01|CT1200||11027002","P |01|CT1200||11027002","P |01|CT1200||11027002","P |01|CT1200||11027002","P |01|CT1200||11027","P |01|CT1200||1102","P |01|CT1200||11","P |01|CT1200||1","TOP PARTICIPACOES S/A                   ","TOP PARTICIPACOES S/A                   ","TOP PARTICIPACOES S/A                   ","TOP PARTICIPACOES S/A                   ","TOP PARTICIPACOES S/A                   ","TOP PARTICIPACOES S/A                   ","TOP PARTICIPACOES S/A                   ","CONTAS TRANSITORIAS                     ","REALIZAVEIS DE CURTO PRAZO              ","ATIVO CIRCULANTE                        ","ATIVO                                   ","11027002            ","11027002            ","11027002            ","11027002            ","11027002            ","11027002            ","11027002            ","11027               ","1102                ","11                  ","1                   ","P |01|AK5200||"
"11027               ","2","P |01|CT1200||11027003","P |01|CT1200||11027003","P |01|CT1200||11027003","P |01|CT1200||11027003","P |01|CT1200||11027003","P |01|CT1200||11027003","P |01|CT1200||11027003","P |01|CT1200||11027","P |01|CT1200||1102","P |01|CT1200||11","P |01|CT1200||1","WAYUP SERVICOS EM TECNOLOGIA LTDA       ","WAYUP SERVICOS EM TECNOLOGIA LTDA       ","WAYUP SERVICOS EM TECNOLOGIA LTDA       ","WAYUP SERVICOS EM TECNOLOGIA LTDA       ","WAYUP SERVICOS EM TECNOLOGIA LTDA       ","WAYUP SERVICOS EM TECNOLOGIA LTDA       ","WAYUP SERVICOS EM TECNOLOGIA LTDA       ","CONTAS A RECEBER                        ","REALIZAVEIS DE CURTO PRAZO              ","ATIVO CIRCULANTE                        ","ATIVO                                   ","11027003            ","11027003            ","11027003            ","11027003            ","11027003            ","11027003            ","11027003            ","11027               ","1102                ","11                  ","1                   ","P |01|AK5200||"
"11027               ","2","P |01|CT1200||11027003","P |01|CT1200||11027003","P |01|CT1200||11027003","P |01|CT1200||11027003","P |01|CT1200||11027003","P |01|CT1200||11027003","P |01|CT1200||11027003","P |01|CT1200||11027","P |01|CT1200||1102","P |01|CT1200||11","P |01|CT1200||1","WAYUP SERVICOS EM TECNOLOGIA LTDA       ","WAYUP SERVICOS EM TECNOLOGIA LTDA       ","WAYUP SERVICOS EM TECNOLOGIA LTDA       ","WAYUP SERVICOS EM TECNOLOGIA LTDA       ","WAYUP SERVICOS EM TECNOLOGIA LTDA       ","WAYUP SERVICOS EM TECNOLOGIA LTDA       ","WAYUP SERVICOS EM TECNOLOGIA LTDA       ","CONTAS TRANSITORIAS                     ","REALIZAVEIS DE CURTO PRAZO              ","ATIVO CIRCULANTE                        ","ATIVO                                   ","11027003            ","11027003            ","11027003            ","11027003            ","11027003            ","11027003            ","11027003            ","11027               ","1102                ","11                  ","1                   ","P |01|AK5200||"
"11027               ","2","P |01|CT1200||11027004","P |01|CT1200||11027004","P |01|CT1200||11027004","P |01|CT1200||11027004","P |01|CT1200||11027004","P |01|CT1200||11027004","P |01|CT1200||11027004","P |01|CT1200||11027","P |01|CT1200||1102","P |01|CT1200||11","P |01|CT1200||1","JBM AGENCIA DE MARKETING                ","JBM AGENCIA DE MARKETING                ","JBM AGENCIA DE MARKETING                ","JBM AGENCIA DE MARKETING                ","JBM AGENCIA DE MARKETING                ","JBM AGENCIA DE MARKETING                ","JBM AGENCIA DE MARKETING                ","CONTAS A RECEBER                        ","REALIZAVEIS DE CURTO PRAZO              ","ATIVO CIRCULANTE                        ","ATIVO                                   ","11027004            ","11027004            ","11027004            ","11027004            ","11027004            ","11027004            ","11027004            ","11027               ","1102                ","11                  ","1                   ","P |01|AK5200||"
"11027               ","2","P |01|CT1200||11027004","P |01|CT1200||11027004","P |01|CT1200||11027004","P |01|CT1200||11027004","P |01|CT1200||11027004","P |01|CT1200||11027004","P |01|CT1200||11027004","P |01|CT1200||11027","P |01|CT1200||1102","P |01|CT1200||11","P |01|CT1200||1","JBM AGENCIA DE MARKETING                ","JBM AGENCIA DE MARKETING                ","JBM AGENCIA DE MARKETING                ","JBM AGENCIA DE MARKETING                ","JBM AGENCIA DE MARKETING                ","JBM AGENCIA DE MARKETING                ","JBM AGENCIA DE MARKETING                ","CONTAS TRANSITORIAS                     ","REALIZAVEIS DE CURTO PRAZO              ","ATIVO CIRCULANTE                        ","ATIVO                                   ","11027004            ","11027004            ","11027004            ","11027004            ","11027004            ","11027004            ","11027004            ","11027               ","1102                ","11                  ","1                   ","P |01|AK5200||"
"11027               ","2","P |01|CT1200||11027005","P |01|CT1200||11027005","P |01|CT1200||11027005","P |01|CT1200||11027005","P |01|CT1200||11027005","P |01|CT1200||11027005","P |01|CT1200||11027005","P |01|CT1200||11027","P |01|CT1200||1102","P |01|CT1200||11","P |01|CT1200||1","RATEIOS DESP. OPERACIONAIS INTRA GRUPO  ","RATEIOS DESP. OPERACIONAIS INTRA GRUPO  ","RATEIOS DESP. OPERACIONAIS INTRA GRUPO  ","RATEIOS DESP. OPERACIONAIS INTRA GRUPO  ","RATEIOS DESP. OPERACIONAIS INTRA GRUPO  ","RATEIOS DESP. OPERACIONAIS INTRA GRUPO  ","RATEIOS DESP. OPERACIONAIS INTRA GRUPO  ","CONTAS A RECEBER                        ","REALIZAVEIS DE CURTO PRAZO              ","ATIVO CIRCULANTE                        ","ATIVO                                   ","11027005            ","11027005            ","11027005            ","11027005            ","11027005            ","11027005            ","11027005            ","11027               ","1102                ","11                  ","1                   ","P |01|AK5200||"
"11027               ","2","P |01|CT1200||11027005","P |01|CT1200||11027005","P |01|CT1200||11027005","P |01|CT1200||11027005","P |01|CT1200||11027005","P |01|CT1200||11027005","P |01|CT1200||11027005","P |01|CT1200||11027","P |01|CT1200||1102","P |01|CT1200||11","P |01|CT1200||1","RATEIOS DESP. OPERACIONAIS INTRA GRUPO  ","RATEIOS DESP. OPERACIONAIS INTRA GRUPO  ","RATEIOS DESP. OPERACIONAIS INTRA GRUPO  ","RATEIOS DESP. OPERACIONAIS INTRA GRUPO  ","RATEIOS DESP. OPERACIONAIS INTRA GRUPO  ","RATEIOS DESP. OPERACIONAIS INTRA GRUPO  ","RATEIOS DESP. OPERACIONAIS INTRA GRUPO  ","CONTAS TRANSITORIAS                     ","REALIZAVEIS DE CURTO PRAZO              ","ATIVO CIRCULANTE                        ","ATIVO                                   ","11027005            ","11027005            ","11027005            ","11027005            ","11027005            ","11027005            ","11027005            ","11027               ","1102                ","11                  ","1                   ","P |01|AK5200||"
"11027               ","2","P |01|CT1200||11027006","P |01|CT1200||11027006","P |01|CT1200||11027006","P |01|CT1200||11027006","P |01|CT1200||11027006","P |01|CT1200||11027006","P |01|CT1200||11027006","P |01|CT1200||11027","P |01|CT1200||1102","P |01|CT1200||11","P |01|CT1200||1","WAYUP SJRP SISTEMAS DE GESTAO LTDA      ","WAYUP SJRP SISTEMAS DE GESTAO LTDA      ","WAYUP SJRP SISTEMAS DE GESTAO LTDA      ","WAYUP SJRP SISTEMAS DE GESTAO LTDA      ","WAYUP SJRP SISTEMAS DE GESTAO LTDA      ","WAYUP SJRP SISTEMAS DE GESTAO LTDA      ","WAYUP SJRP SISTEMAS DE GESTAO LTDA      ","CONTAS A RECEBER                        ","REALIZAVEIS DE CURTO PRAZO              ","ATIVO CIRCULANTE                        ","ATIVO                                   ","11027006            ","11027006            ","11027006            ","11027006            ","11027006            ","11027006            ","11027006            ","11027               ","1102                ","11                  ","1                   ","P |01|AK5200||"
"11027               ","2","P |01|CT1200||11027006","P |01|CT1200||11027006","P |01|CT1200||11027006","P |01|CT1200||11027006","P |01|CT1200||11027006","P |01|CT1200||11027006","P |01|CT1200||11027006","P |01|CT1200||11027","P |01|CT1200||1102","P |01|CT1200||11","P |01|CT1200||1","WAYUP SJRP SISTEMAS DE GESTAO LTDA      ","WAYUP SJRP SISTEMAS DE GESTAO LTDA      ","WAYUP SJRP SISTEMAS DE GESTAO LTDA      ","WAYUP SJRP SISTEMAS DE GESTAO LTDA      ","WAYUP SJRP SISTEMAS DE GESTAO LTDA      ","WAYUP SJRP SISTEMAS DE GESTAO LTDA      ","WAYUP SJRP SISTEMAS DE GESTAO LTDA      ","CONTAS TRANSITORIAS                     ","REALIZAVEIS DE CURTO PRAZO              ","ATIVO CIRCULANTE                        ","ATIVO                                   ","11027006            ","11027006            ","11027006            ","11027006            ","11027006            ","11027006            ","11027006            ","11027               ","1102                ","11                  ","1                   ","P |01|AK5200||"
"11027               ","2","P |01|CT1200||11027007","P |01|CT1200||11027007","P |01|CT1200||11027007","P |01|CT1200||11027007","P |01|CT1200||11027007","P |01|CT1200||11027007","P |01|CT1200||11027007","P |01|CT1200||11027","P |01|CT1200||1102","P |01|CT1200||11","P |01|CT1200||1","PROJETO ALUMINIO-COTAS EMPRESA SBSR1    ","PROJETO ALUMINIO-COTAS EMPRESA SBSR1    ","PROJETO ALUMINIO-COTAS EMPRESA SBSR1    ","PROJETO ALUMINIO-COTAS EMPRESA SBSR1    ","PROJETO ALUMINIO-COTAS EMPRESA SBSR1    ","PROJETO ALUMINIO-COTAS EMPRESA SBSR1    ","PROJETO ALUMINIO-COTAS EMPRESA SBSR1    ","CONTAS A RECEBER                        ","REALIZAVEIS DE CURTO PRAZO              ","ATIVO CIRCULANTE                        ","ATIVO                                   ","11027007            ","11027007            ","11027007            ","11027007            ","11027007            ","11027007            ","11027007            ","11027               ","1102                ","11                  ","1                   ","P |01|AK5200||"
"11027               ","2","P |01|CT1200||11027007","P |01|CT1200||11027007","P |01|CT1200||11027007","P |01|CT1200||11027007","P |01|CT1200||11027007","P |01|CT1200||11027007","P |01|CT1200||11027007","P |01|CT1200||11027","P |01|CT1200||1102","P |01|CT1200||11","P |01|CT1200||1","PROJETO ALUMINIO-COTAS EMPRESA SBSR1    ","PROJETO ALUMINIO-COTAS EMPRESA SBSR1    ","PROJETO ALUMINIO-COTAS EMPRESA SBSR1    ","PROJETO ALUMINIO-COTAS EMPRESA SBSR1    ","PROJETO ALUMINIO-COTAS EMPRESA SBSR1    ","PROJETO ALUMINIO-COTAS EMPRESA SBSR1    ","PROJETO ALUMINIO-COTAS EMPRESA SBSR1    ","CONTAS TRANSITORIAS                     ","REALIZAVEIS DE CURTO PRAZO              ","ATIVO CIRCULANTE                        ","ATIVO                                   ","11027007            ","11027007            ","11027007            ","11027007            ","11027007            ","11027007            ","11027007            ","11027               ","1102                ","11                  ","1                   ","P |01|AK5200||"
"11028               ","2","P |01|CT1200||11028001","P |01|CT1200||11028001","P |01|CT1200||11028001","P |01|CT1200||11028001","P |01|CT1200||11028001","P |01|CT1200||11028001","P |01|CT1200||11028001","P |01|CT1200||11028","P |01|CT1200||1102","P |01|CT1200||11","P |01|CT1200||1","M.A. BELTRAME PARTICIPACOES LTDA        ","M.A. BELTRAME PARTICIPACOES LTDA        ","M.A. BELTRAME PARTICIPACOES LTDA        ","M.A. BELTRAME PARTICIPACOES LTDA        ","M.A. BELTRAME PARTICIPACOES LTDA        ","M.A. BELTRAME PARTICIPACOES LTDA        ","M.A. BELTRAME PARTICIPACOES LTDA        ","ADIANTAMENTO DISTRIBUICAO LUCROS        ","REALIZAVEIS DE CURTO PRAZO              ","ATIVO CIRCULANTE                        ","ATIVO                                   ","11028001            ","11028001            ","11028001            ","11028001            ","11028001            ","11028001            ","11028001            ","11028               ","1102                ","11                  ","1                   ","P |01|AK5200||"
"11028               ","2","P |01|CT1200||11028002","P |01|CT1200||11028002","P |01|CT1200||11028002","P |01|CT1200||11028002","P |01|CT1200||11028002","P |01|CT1200||11028002","P |01|CT1200||11028002","P |01|CT1200||11028","P |01|CT1200||1102","P |01|CT1200||11","P |01|CT1200||1","CISNEIRO PARTICIPACOES LTDA             ","CISNEIRO PARTICIPACOES LTDA             ","CISNEIRO PARTICIPACOES LTDA             ","CISNEIRO PARTICIPACOES LTDA             ","CISNEIRO PARTICIPACOES LTDA             ","CISNEIRO PARTICIPACOES LTDA             ","CISNEIRO PARTICIPACOES LTDA             ","ADIANTAMENTO DISTRIBUICAO LUCROS        ","REALIZAVEIS DE CURTO PRAZO              ","ATIVO CIRCULANTE                        ","ATIVO                                   ","11028002            ","11028002            ","11028002            ","11028002            ","11028002            ","11028002            ","11028002            ","11028               ","1102                ","11                  ","1                   ","P |01|AK5200||"
"11028               ","2","P |01|CT1200||11028003","P |01|CT1200||11028003","P |01|CT1200||11028003","P |01|CT1200||11028003","P |01|CT1200||11028003","P |01|CT1200||11028003","P |01|CT1200||11028003","P |01|CT1200||11028","P |01|CT1200||1102","P |01|CT1200||11","P |01|CT1200||1","EE.WW. PARTICIPACOES LTDA               ","EE.WW. PARTICIPACOES LTDA               ","EE.WW. PARTICIPACOES LTDA               ","EE.WW. PARTICIPACOES LTDA               ","EE.WW. PARTICIPACOES LTDA               ","EE.WW. PARTICIPACOES LTDA               ","EE.WW. PARTICIPACOES LTDA               ","ADIANTAMENTO DISTRIBUICAO LUCROS        ","REALIZAVEIS DE CURTO PRAZO              ","ATIVO CIRCULANTE                        ","ATIVO                                   ","11028003            ","11028003            ","11028003            ","11028003            ","11028003            ","11028003            ","11028003            ","11028               ","1102                ","11                  ","1                   ","P |01|AK5200||"
"11028               ","2","P |01|CT1200||11028004","P |01|CT1200||11028004","P |01|CT1200||11028004","P |01|CT1200||11028004","P |01|CT1200||11028004","P |01|CT1200||11028004","P |01|CT1200||11028004","P |01|CT1200||11028","P |01|CT1200||1102","P |01|CT1200||11","P |01|CT1200||1","BELTRAME E MOZARDO PARTICIPACOES LTDA   ","BELTRAME E MOZARDO PARTICIPACOES LTDA   ","BELTRAME E MOZARDO PARTICIPACOES LTDA   ","BELTRAME E MOZARDO PARTICIPACOES LTDA   ","BELTRAME E MOZARDO PARTICIPACOES LTDA   ","BELTRAME E MOZARDO PARTICIPACOES LTDA   ","BELTRAME E MOZARDO PARTICIPACOES LTDA   ","ADIANTAMENTO DISTRIBUICAO LUCROS        ","REALIZAVEIS DE CURTO PRAZO              ","ATIVO CIRCULANTE                        ","ATIVO                                   ","11028004            ","11028004            ","11028004            ","11028004            ","11028004            ","11028004            ","11028004            ","11028               ","1102                ","11                  ","1                   ","P |01|AK5200||"
"11028               ","2","P |01|CT1200||11028005","P |01|CT1200||11028005","P |01|CT1200||11028005","P |01|CT1200||11028005","P |01|CT1200||11028005","P |01|CT1200||11028005","P |01|CT1200||11028005","P |01|CT1200||11028","P |01|CT1200||1102","P |01|CT1200||11","P |01|CT1200||1","PR7 PARTICIPACOES LTDA                  ","PR7 PARTICIPACOES LTDA                  ","PR7 PARTICIPACOES LTDA                  ","PR7 PARTICIPACOES LTDA                  ","PR7 PARTICIPACOES LTDA                  ","PR7 PARTICIPACOES LTDA                  ","PR7 PARTICIPACOES LTDA                  ","ADIANTAMENTO DISTRIBUICAO LUCROS        ","REALIZAVEIS DE CURTO PRAZO              ","ATIVO CIRCULANTE                        ","ATIVO                                   ","11028005            ","11028005            ","11028005            ","11028005            ","11028005            ","11028005            ","11028005            ","11028               ","1102                ","11                  ","1                   ","P |01|AK5200||"
"11028               ","2","P |01|CT1200||11028006","P |01|CT1200||11028006","P |01|CT1200||11028006","P |01|CT1200||11028006","P |01|CT1200||11028006","P |01|CT1200||11028006","P |01|CT1200||11028006","P |01|CT1200||11028","P |01|CT1200||1102","P |01|CT1200||11","P |01|CT1200||1","RO INVESTIMENTOS E PARTICIPACOES LTDA   ","RO INVESTIMENTOS E PARTICIPACOES LTDA   ","RO INVESTIMENTOS E PARTICIPACOES LTDA   ","RO INVESTIMENTOS E PARTICIPACOES LTDA   ","RO INVESTIMENTOS E PARTICIPACOES LTDA   ","RO INVESTIMENTOS E PARTICIPACOES LTDA   ","RO INVESTIMENTOS E PARTICIPACOES LTDA   ","ADIANTAMENTO DISTRIBUICAO LUCROS        ","REALIZAVEIS DE CURTO PRAZO              ","ATIVO CIRCULANTE                        ","ATIVO                                   ","11028006            ","11028006            ","11028006            ","11028006            ","11028006            ","11028006            ","11028006            ","11028               ","1102                ","11                  ","1                   ","P |01|AK5200||"
"11028               ","2","P |01|CT1200||11028007","P |01|CT1200||11028007","P |01|CT1200||11028007","P |01|CT1200||11028007","P |01|CT1200||11028007","P |01|CT1200||11028007","P |01|CT1200||11028007","P |01|CT1200||11028","P |01|CT1200||1102","P |01|CT1200||11","P |01|CT1200||1","ARRUDA & BEVENUTO PARTICIPACOES LTDA    ","ARRUDA & BEVENUTO PARTICIPACOES LTDA    ","ARRUDA & BEVENUTO PARTICIPACOES LTDA    ","ARRUDA & BEVENUTO PARTICIPACOES LTDA    ","ARRUDA & BEVENUTO PARTICIPACOES LTDA    ","ARRUDA & BEVENUTO PARTICIPACOES LTDA    ","ARRUDA & BEVENUTO PARTICIPACOES LTDA    ","ADIANTAMENTO DISTRIBUICAO LUCROS        ","REALIZAVEIS DE CURTO PRAZO              ","ATIVO CIRCULANTE                        ","ATIVO                                   ","11028007            ","11028007            ","11028007            ","11028007            ","11028007            ","11028007            ","11028007            ","11028               ","1102                ","11                  ","1                   ","P |01|AK5200||"
"11028               ","2","P |01|CT1200||11028008","P |01|CT1200||11028008","P |01|CT1200||11028008","P |01|CT1200||11028008","P |01|CT1200||11028008","P |01|CT1200||11028008","P |01|CT1200||11028008","P |01|CT1200||11028","P |01|CT1200||1102","P |01|CT1200||11","P |01|CT1200||1","NAPPI PARTICIPACOES LTDA                ","NAPPI PARTICIPACOES LTDA                ","NAPPI PARTICIPACOES LTDA                ","NAPPI PARTICIPACOES LTDA                ","NAPPI PARTICIPACOES LTDA                ","NAPPI PARTICIPACOES LTDA                ","NAPPI PARTICIPACOES LTDA                ","ADIANTAMENTO DISTRIBUICAO LUCROS        ","REALIZAVEIS DE CURTO PRAZO              ","ATIVO CIRCULANTE                        ","ATIVO                                   ","11028008            ","11028008            ","11028008            ","11028008            ","11028008            ","11028008            ","11028008            ","11028               ","1102                ","11                  ","1                   ","P |01|AK5200||"
"11028               ","2","P |01|CT1200||11028009","P |01|CT1200||11028009","P |01|CT1200||11028009","P |01|CT1200||11028009","P |01|CT1200||11028009","P |01|CT1200||11028009","P |01|CT1200||11028009","P |01|CT1200||11028","P |01|CT1200||1102","P |01|CT1200||11","P |01|CT1200||1","TOP PARTICIPACOES S/A                   ","TOP PARTICIPACOES S/A                   ","TOP PARTICIPACOES S/A                   ","TOP PARTICIPACOES S/A                   ","TOP PARTICIPACOES S/A                   ","TOP PARTICIPACOES S/A                   ","TOP PARTICIPACOES S/A                   ","ADIANTAMENTO DISTRIBUICAO LUCROS        ","REALIZAVEIS DE CURTO PRAZO              ","ATIVO CIRCULANTE                        ","ATIVO                                   ","11028009            ","11028009            ","11028009            ","11028009            ","11028009            ","11028009            ","11028009            ","11028               ","1102                ","11                  ","1                   ","P |01|AK5200||"
"11028               ","2","P |01|CT1200||11028010","P |01|CT1200||11028010","P |01|CT1200||11028010","P |01|CT1200||11028010","P |01|CT1200||11028010","P |01|CT1200||11028010","P |01|CT1200||11028010","P |01|CT1200||11028","P |01|CT1200||1102","P |01|CT1200||11","P |01|CT1200||1","MARCO AURELIO BELTRAME                  ","MARCO AURELIO BELTRAME                  ","MARCO AURELIO BELTRAME                  ","MARCO AURELIO BELTRAME                  ","MARCO AURELIO BELTRAME                  ","MARCO AURELIO BELTRAME                  ","MARCO AURELIO BELTRAME                  ","ADIANTAMENTO DISTRIBUICAO LUCROS        ","REALIZAVEIS DE CURTO PRAZO              ","ATIVO CIRCULANTE                        ","ATIVO                                   ","11028010            ","11028010            ","11028010            ","11028010            ","11028010            ","11028010            ","11028010            ","11028               ","1102                ","11                  ","1                   ","P |01|AK5200||"
"11028               ","2","P |01|CT1200||11028011","P |01|CT1200||11028011","P |01|CT1200||11028011","P |01|CT1200||11028011","P |01|CT1200||11028011","P |01|CT1200||11028011","P |01|CT1200||11028011","P |01|CT1200||11028","P |01|CT1200||1102","P |01|CT1200||11","P |01|CT1200||1","LUIS RICARDO CISNEIRO                   ","LUIS RICARDO CISNEIRO                   ","LUIS RICARDO CISNEIRO                   ","LUIS RICARDO CISNEIRO                   ","LUIS RICARDO CISNEIRO                   ","LUIS RICARDO CISNEIRO                   ","LUIS RICARDO CISNEIRO                   ","ADIANTAMENTO DISTRIBUICAO LUCROS        ","REALIZAVEIS DE CURTO PRAZO              ","ATIVO CIRCULANTE                        ","ATIVO                                   ","11028011            ","11028011            ","11028011            ","11028011            ","11028011            ","11028011            ","11028011            ","11028               ","1102                ","11                  ","1                   ","P |01|AK5200||"
"11028               ","2","P |01|CT1200||11028012","P |01|CT1200||11028012","P |01|CT1200||11028012","P |01|CT1200||11028012","P |01|CT1200||11028012","P |01|CT1200||11028012","P |01|CT1200||11028012","P |01|CT1200||11028","P |01|CT1200||1102","P |01|CT1200||11","P |01|CT1200||1","EMERSON WAGNER                          ","EMERSON WAGNER                          ","EMERSON WAGNER                          ","EMERSON WAGNER                          ","EMERSON WAGNER                          ","EMERSON WAGNER                          ","EMERSON WAGNER                          ","ADIANTAMENTO DISTRIBUICAO LUCROS        ","REALIZAVEIS DE CURTO PRAZO              ","ATIVO CIRCULANTE                        ","ATIVO                                   ","11028012            ","11028012            ","11028012            ","11028012            ","11028012            ","11028012            ","11028012            ","11028               ","1102                ","11                  ","1                   ","P |01|AK5200||"
"11028               ","2","P |01|CT1200||11028013","P |01|CT1200||11028013","P |01|CT1200||11028013","P |01|CT1200||11028013","P |01|CT1200||11028013","P |01|CT1200||11028013","P |01|CT1200||11028013","P |01|CT1200||11028","P |01|CT1200||1102","P |01|CT1200||11","P |01|CT1200||1","VALTER JOSE BELTRAME                    ","VALTER JOSE BELTRAME                    ","VALTER JOSE BELTRAME                    ","VALTER JOSE BELTRAME                    ","VALTER JOSE BELTRAME                    ","VALTER JOSE BELTRAME                    ","VALTER JOSE BELTRAME                    ","ADIANTAMENTO DISTRIBUICAO LUCROS        ","REALIZAVEIS DE CURTO PRAZO              ","ATIVO CIRCULANTE                        ","ATIVO                                   ","11028013            ","11028013            ","11028013            ","11028013            ","11028013            ","11028013            ","11028013            ","11028               ","1102                ","11                  ","1                   ","P |01|AK5200||"
"11028               ","2","P |01|CT1200||11028014","P |01|CT1200||11028014","P |01|CT1200||11028014","P |01|CT1200||11028014","P |01|CT1200||11028014","P |01|CT1200||11028014","P |01|CT1200||11028014","P |01|CT1200||11028","P |01|CT1200||1102","P |01|CT1200||11","P |01|CT1200||1","ALESSANDRO CHAVES PERALTA               ","ALESSANDRO CHAVES PERALTA               ","ALESSANDRO CHAVES PERALTA               ","ALESSANDRO CHAVES PERALTA               ","ALESSANDRO CHAVES PERALTA               ","ALESSANDRO CHAVES PERALTA               ","ALESSANDRO CHAVES PERALTA               ","ADIANTAMENTO DISTRIBUICAO LUCROS        ","REALIZAVEIS DE CURTO PRAZO              ","ATIVO CIRCULANTE                        ","ATIVO                                   ","11028014            ","11028014            ","11028014            ","11028014            ","11028014            ","11028014            ","11028014            ","11028               ","1102                ","11                  ","1                   ","P |01|AK5200||"
"11028               ","2","P |01|CT1200||11028015","P |01|CT1200||11028015","P |01|CT1200||11028015","P |01|CT1200||11028015","P |01|CT1200||11028015","P |01|CT1200||11028015","P |01|CT1200||11028015","P |01|CT1200||11028","P |01|CT1200||1102","P |01|CT1200||11","P |01|CT1200||1","RODRIGO OLIVEIRA BRITO                  ","RODRIGO OLIVEIRA BRITO                  ","RODRIGO OLIVEIRA BRITO                  ","RODRIGO OLIVEIRA BRITO                  ","RODRIGO OLIVEIRA BRITO                  ","RODRIGO OLIVEIRA BRITO                  ","RODRIGO OLIVEIRA BRITO                  ","ADIANTAMENTO DISTRIBUICAO LUCROS        ","REALIZAVEIS DE CURTO PRAZO              ","ATIVO CIRCULANTE                        ","ATIVO                                   ","11028015            ","11028015            ","11028015            ","11028015            ","11028015            ","11028015            ","11028015            ","11028               ","1102                ","11                  ","1                   ","P |01|AK5200||"
"11028               ","2","P |01|CT1200||11028016","P |01|CT1200||11028016","P |01|CT1200||11028016","P |01|CT1200||11028016","P |01|CT1200||11028016","P |01|CT1200||11028016","P |01|CT1200||11028016","P |01|CT1200||11028","P |01|CT1200||1102","P |01|CT1200||11","P |01|CT1200||1","ADERSON PAIS DE ARRUDA                  ","ADERSON PAIS DE ARRUDA                  ","ADERSON PAIS DE ARRUDA                  ","ADERSON PAIS DE ARRUDA                  ","ADERSON PAIS DE ARRUDA                  ","ADERSON PAIS DE ARRUDA                  ","ADERSON PAIS DE ARRUDA                  ","ADIANTAMENTO DISTRIBUICAO LUCROS        ","REALIZAVEIS DE CURTO PRAZO              ","ATIVO CIRCULANTE                        ","ATIVO                                   ","11028016            ","11028016            ","11028016            ","11028016            ","11028016            ","11028016            ","11028016            ","11028               ","1102                ","11                  ","1                   ","P |01|AK5200||"
"11028               ","2","P |01|CT1200||11028017","P |01|CT1200||11028017","P |01|CT1200||11028017","P |01|CT1200||11028017","P |01|CT1200||11028017","P |01|CT1200||11028017","P |01|CT1200||11028017","P |01|CT1200||11028","P |01|CT1200||1102","P |01|CT1200||11","P |01|CT1200||1","FERNANDO EDUARDO NAPPI                  ","FERNANDO EDUARDO NAPPI                  ","FERNANDO EDUARDO NAPPI                  ","FERNANDO EDUARDO NAPPI                  ","FERNANDO EDUARDO NAPPI                  ","FERNANDO EDUARDO NAPPI                  ","FERNANDO EDUARDO NAPPI                  ","ADIANTAMENTO DISTRIBUICAO LUCROS        ","REALIZAVEIS DE CURTO PRAZO              ","ATIVO CIRCULANTE                        ","ATIVO                                   ","11028017            ","11028017            ","11028017            ","11028017            ","11028017            ","11028017            ","11028017            ","11028               ","1102                ","11                  ","1                   ","P |01|AK5200||"
"11028               ","2","P |01|CT1200||11028018","P |01|CT1200||11028018","P |01|CT1200||11028018","P |01|CT1200||11028018","P |01|CT1200||11028018","P |01|CT1200||11028018","P |01|CT1200||11028018","P |01|CT1200||11028","P |01|CT1200||1102","P |01|CT1200||11","P |01|CT1200||1","ACTVS REPRESENTACAO LTDA                ","ACTVS REPRESENTACAO LTDA                ","ACTVS REPRESENTACAO LTDA                ","ACTVS REPRESENTACAO LTDA                ","ACTVS REPRESENTACAO LTDA                ","ACTVS REPRESENTACAO LTDA                ","ACTVS REPRESENTACAO LTDA                ","ADIANTAMENTO DISTRIBUICAO LUCROS        ","REALIZAVEIS DE CURTO PRAZO              ","ATIVO CIRCULANTE                        ","ATIVO                                   ","11028018            ","11028018            ","11028018            ","11028018            ","11028018            ","11028018            ","11028018            ","11028               ","1102                ","11                  ","1                   ","P |01|AK5200||"
"11029               ","2","P |01|CT1200||11029001","P |01|CT1200||11029001","P |01|CT1200||11029001","P |01|CT1200||11029001","P |01|CT1200||11029001","P |01|CT1200||11029001","P |01|CT1200||11029001","P |01|CT1200||11029","P |01|CT1200||1102","P |01|CT1200||11","P |01|CT1200||1","TRANSFERENCIAS RECURSOS MATRIZ/FILIAIS  ","TRANSFERENCIAS RECURSOS MATRIZ/FILIAIS  ","TRANSFERENCIAS RECURSOS MATRIZ/FILIAIS  ","TRANSFERENCIAS RECURSOS MATRIZ/FILIAIS  ","TRANSFERENCIAS RECURSOS MATRIZ/FILIAIS  ","TRANSFERENCIAS RECURSOS MATRIZ/FILIAIS  ","TRANSFERENCIAS RECURSOS MATRIZ/FILIAIS  ","CONTAS TRANSITORIAS                     ","REALIZAVEIS DE CURTO PRAZO              ","ATIVO CIRCULANTE                        ","ATIVO                                   ","11029001            ","11029001            ","11029001            ","11029001            ","11029001            ","11029001            ","11029001            ","11029               ","1102                ","11                  ","1                   ","P |01|AK5200||"
"12                  ","1","P |01|CT1200||1201","P |01|CT1200||1201","P |01|CT1200||1201","P |01|CT1200||1201","P |01|CT1200||1201","P |01|CT1200||1201","P |01|CT1200||1201","P |01|CT1200||1201","P |01|CT1200||1201","P |01|CT1200||12","P |01|CT1200||1","ATIVO REALIZAVEL A LONGO PRAZO          ","ATIVO REALIZAVEL A LONGO PRAZO          ","ATIVO REALIZAVEL A LONGO PRAZO          ","ATIVO REALIZAVEL A LONGO PRAZO          ","ATIVO REALIZAVEL A LONGO PRAZO          ","ATIVO REALIZAVEL A LONGO PRAZO          ","ATIVO REALIZAVEL A LONGO PRAZO          ","ATIVO REALIZAVEL A LONGO PRAZO          ","ATIVO REALIZAVEL A LONGO PRAZO          ","ATIVO NAO CIRCULANTE                    ","ATIVO                                   ","1201                ","1201                ","1201                ","1201                ","1201                ","1201                ","1201                ","1201                ","1201                ","12                  ","1                   ","P |01|AK5200||"
"12                  ","1","P |01|CT1200||12020","P |01|CT1200||12020","P |01|CT1200||12020","P |01|CT1200||12020","P |01|CT1200||12020","P |01|CT1200||12020","P |01|CT1200||12020","P |01|CT1200||12020","P |01|CT1200||12020","P |01|CT1200||12","P |01|CT1200||1","IMOBILIZADO EM ANDAMENTO                ","IMOBILIZADO EM ANDAMENTO                ","IMOBILIZADO EM ANDAMENTO                ","IMOBILIZADO EM ANDAMENTO                ","IMOBILIZADO EM ANDAMENTO                ","IMOBILIZADO EM ANDAMENTO                ","IMOBILIZADO EM ANDAMENTO                ","IMOBILIZADO EM ANDAMENTO                ","IMOBILIZADO EM ANDAMENTO                ","ATIVO NAO CIRCULANTE                    ","ATIVO                                   ","12020               ","12020               ","12020               ","12020               ","12020               ","12020               ","12020               ","12020               ","12020               ","12                  ","1                   ","P |01|AK5200||"
"12                  ","1","P |01|CT1200||12021","P |01|CT1200||12021","P |01|CT1200||12021","P |01|CT1200||12021","P |01|CT1200||12021","P |01|CT1200||12021","P |01|CT1200||12021","P |01|CT1200||12021","P |01|CT1200||12021","P |01|CT1200||12","P |01|CT1200||1","AGIO AQUISICAO DE INVESTIMENTOS         ","AGIO AQUISICAO DE INVESTIMENTOS         ","AGIO AQUISICAO DE INVESTIMENTOS         ","AGIO AQUISICAO DE INVESTIMENTOS         ","AGIO AQUISICAO DE INVESTIMENTOS         ","AGIO AQUISICAO DE INVESTIMENTOS         ","AGIO AQUISICAO DE INVESTIMENTOS         ","AGIO AQUISICAO DE INVESTIMENTOS         ","AGIO AQUISICAO DE INVESTIMENTOS         ","ATIVO NAO CIRCULANTE                    ","ATIVO                                   ","12021               ","12021               ","12021               ","12021               ","12021               ","12021               ","12021               ","12021               ","12021               ","12                  ","1                   ","P |01|AK5200||"
"1201                ","1","P |01|CT1200||12011","P |01|CT1200||12011","P |01|CT1200||12011","P |01|CT1200||12011","P |01|CT1200||12011","P |01|CT1200||12011","P |01|CT1200||12011","P |01|CT1200||12011","P |01|CT1200||1201","P |01|CT1200||12","P |01|CT1200||1","OUTROS VALORES A RECEBER LONGO PRAZO    ","OUTROS VALORES A RECEBER LONGO PRAZO    ","OUTROS VALORES A RECEBER LONGO PRAZO    ","OUTROS VALORES A RECEBER LONGO PRAZO    ","OUTROS VALORES A RECEBER LONGO PRAZO    ","OUTROS VALORES A RECEBER LONGO PRAZO    ","OUTROS VALORES A RECEBER LONGO PRAZO    ","OUTROS VALORES A RECEBER LONGO PRAZO    ","ATIVO REALIZAVEL A LONGO PRAZO          ","ATIVO NAO CIRCULANTE                    ","ATIVO                                   ","12011               ","12011               ","12011               ","12011               ","12011               ","12011               ","12011               ","12011               ","1201                ","12                  ","1                   ","P |01|AK5200||"
"1201                ","1","P |01|CT1200||12012","P |01|CT1200||12012","P |01|CT1200||12012","P |01|CT1200||12012","P |01|CT1200||12012","P |01|CT1200||12012","P |01|CT1200||12012","P |01|CT1200||12012","P |01|CT1200||1201","P |01|CT1200||12","P |01|CT1200||1","EMPRESTIMOS/MUTUOS                      ","EMPRESTIMOS/MUTUOS                      ","EMPRESTIMOS/MUTUOS                      ","EMPRESTIMOS/MUTUOS                      ","EMPRESTIMOS/MUTUOS                      ","EMPRESTIMOS/MUTUOS                      ","EMPRESTIMOS/MUTUOS                      ","EMPRESTIMOS/MUTUOS                      ","ATIVO REALIZAVEL A LONGO PRAZO          ","ATIVO NAO CIRCULANTE                    ","ATIVO                                   ","12012               ","12012               ","12012               ","12012               ","12012               ","12012               ","12012               ","12012               ","1201                ","12                  ","1                   ","P |01|AK5200||"
"1201                ","1","P |01|CT1200||12013","P |01|CT1200||12013","P |01|CT1200||12013","P |01|CT1200||12013","P |01|CT1200||12013","P |01|CT1200||12013","P |01|CT1200||12013","P |01|CT1200||12013","P |01|CT1200||1201","P |01|CT1200||12","P |01|CT1200||1","INVESTIMENTOS                           ","INVESTIMENTOS                           ","INVESTIMENTOS                           ","INVESTIMENTOS                           ","INVESTIMENTOS                           ","INVESTIMENTOS                           ","INVESTIMENTOS                           ","INVESTIMENTOS                           ","ATIVO REALIZAVEL A LONGO PRAZO          ","ATIVO NAO CIRCULANTE                    ","ATIVO                                   ","12013               ","12013               ","12013               ","12013               ","12013               ","12013               ","12013               ","12013               ","1201                ","12                  ","1                   ","P |01|AK5200||"
"1201                ","1","P |01|CT1200||12014","P |01|CT1200||12014","P |01|CT1200||12014","P |01|CT1200||12014","P |01|CT1200||12014","P |01|CT1200||12014","P |01|CT1200||12014","P |01|CT1200||12014","P |01|CT1200||1201","P |01|CT1200||12","P |01|CT1200||1","INTANGIVEL                              ","INTANGIVEL                              ","INTANGIVEL                              ","INTANGIVEL                              ","INTANGIVEL                              ","INTANGIVEL                              ","INTANGIVEL                              ","INTANGIVEL                              ","ATIVO REALIZAVEL A LONGO PRAZO          ","ATIVO NAO CIRCULANTE                    ","ATIVO                                   ","12014               ","12014               ","12014               ","12014               ","12014               ","12014               ","12014               ","12014               ","1201                ","12                  ","1                   ","P |01|AK5200||"
"1201                ","1","P |01|CT1200||12015","P |01|CT1200||12015","P |01|CT1200||12015","P |01|CT1200||12015","P |01|CT1200||12015","P |01|CT1200||12015","P |01|CT1200||12015","P |01|CT1200||12015","P |01|CT1200||1201","P |01|CT1200||12","P |01|CT1200||1","AMORTIZACAO DO INTANGIVEL               ","AMORTIZACAO DO INTANGIVEL               ","AMORTIZACAO DO INTANGIVEL               ","AMORTIZACAO DO INTANGIVEL               ","AMORTIZACAO DO INTANGIVEL               ","AMORTIZACAO DO INTANGIVEL               ","AMORTIZACAO DO INTANGIVEL               ","AMORTIZACAO DO INTANGIVEL               ","ATIVO REALIZAVEL A LONGO PRAZO          ","ATIVO NAO CIRCULANTE                    ","ATIVO                                   ","12015               ","12015               ","12015               ","12015               ","12015               ","12015               ","12015               ","12015               ","1201                ","12                  ","1                   ","P |01|AK5200||"
"1201                ","1","P |01|CT1200||12016","P |01|CT1200||12016","P |01|CT1200||12016","P |01|CT1200||12016","P |01|CT1200||12016","P |01|CT1200||12016","P |01|CT1200||12016","P |01|CT1200||12016","P |01|CT1200||1201","P |01|CT1200||12","P |01|CT1200||1","IMOBILIZADO                             ","IMOBILIZADO                             ","IMOBILIZADO                             ","IMOBILIZADO                             ","IMOBILIZADO                             ","IMOBILIZADO                             ","IMOBILIZADO                             ","IMOBILIZADO                             ","ATIVO REALIZAVEL A LONGO PRAZO          ","ATIVO NAO CIRCULANTE                    ","ATIVO                                   ","12016               ","12016               ","12016               ","12016               ","12016               ","12016               ","12016               ","12016               ","1201                ","12                  ","1                   ","P |01|AK5200||"
"1201                ","1","P |01|CT1200||12017","P |01|CT1200||12017","P |01|CT1200||12017","P |01|CT1200||12017","P |01|CT1200||12017","P |01|CT1200||12017","P |01|CT1200||12017","P |01|CT1200||12017","P |01|CT1200||1201","P |01|CT1200||12","P |01|CT1200||1","IMOBILIZACOES TECNICAS INTANGIVEIS      ","IMOBILIZACOES TECNICAS INTANGIVEIS      ","IMOBILIZACOES TECNICAS INTANGIVEIS      ","IMOBILIZACOES TECNICAS INTANGIVEIS      ","IMOBILIZACOES TECNICAS INTANGIVEIS      ","IMOBILIZACOES TECNICAS INTANGIVEIS      ","IMOBILIZACOES TECNICAS INTANGIVEIS      ","IMOBILIZACOES TECNICAS INTANGIVEIS      ","ATIVO REALIZAVEL A LONGO PRAZO          ","ATIVO NAO CIRCULANTE                    ","ATIVO                                   ","12017               ","12017               ","12017               ","12017               ","12017               ","12017               ","12017               ","12017               ","1201                ","12                  ","1                   ","P |01|AK5200||"
"1201                ","1","P |01|CT1200||12018","P |01|CT1200||12018","P |01|CT1200||12018","P |01|CT1200||12018","P |01|CT1200||12018","P |01|CT1200||12018","P |01|CT1200||12018","P |01|CT1200||12018","P |01|CT1200||1201","P |01|CT1200||12","P |01|CT1200||1","DEPRECIACOES ACUMULADAS                 ","DEPRECIACOES ACUMULADAS                 ","DEPRECIACOES ACUMULADAS                 ","DEPRECIACOES ACUMULADAS                 ","DEPRECIACOES ACUMULADAS                 ","DEPRECIACOES ACUMULADAS                 ","DEPRECIACOES ACUMULADAS                 ","DEPRECIACOES ACUMULADAS                 ","ATIVO REALIZAVEL A LONGO PRAZO          ","ATIVO NAO CIRCULANTE                    ","ATIVO                                   ","12018               ","12018               ","12018               ","12018               ","12018               ","12018               ","12018               ","12018               ","1201                ","12                  ","1                   ","P |01|AK5200||"
"1201                ","1","P |01|CT1200||12019","P |01|CT1200||12019","P |01|CT1200||12019","P |01|CT1200||12019","P |01|CT1200||12019","P |01|CT1200||12019","P |01|CT1200||12019","P |01|CT1200||12019","P |01|CT1200||1201","P |01|CT1200||12","P |01|CT1200||1","C/CORRENTES - FILIAIS                   ","C/CORRENTES - FILIAIS                   ","C/CORRENTES - FILIAIS                   ","C/CORRENTES - FILIAIS                   ","C/CORRENTES - FILIAIS                   ","C/CORRENTES - FILIAIS                   ","C/CORRENTES - FILIAIS                   ","C/CORRENTES - FILIAIS                   ","ATIVO REALIZAVEL A LONGO PRAZO          ","ATIVO NAO CIRCULANTE                    ","ATIVO                                   ","12019               ","12019               ","12019               ","12019               ","12019               ","12019               ","12019               ","12019               ","1201                ","12                  ","1                   ","P |01|AK5200||"
"12012               ","2","P |01|CT1200||12012001","P |01|CT1200||12012001","P |01|CT1200||12012001","P |01|CT1200||12012001","P |01|CT1200||12012001","P |01|CT1200||12012001","P |01|CT1200||12012001","P |01|CT1200||12012","P |01|CT1200||1201","P |01|CT1200||12","P |01|CT1200||1","EMPRESTIMO AO SOCIO WILSON WAVIER       ","EMPRESTIMO AO SOCIO WILSON WAVIER       ","EMPRESTIMO AO SOCIO WILSON WAVIER       ","EMPRESTIMO AO SOCIO WILSON WAVIER       ","EMPRESTIMO AO SOCIO WILSON WAVIER       ","EMPRESTIMO AO SOCIO WILSON WAVIER       ","EMPRESTIMO AO SOCIO WILSON WAVIER       ","EMPRESTIMOS/MUTUOS                      ","ATIVO REALIZAVEL A LONGO PRAZO          ","ATIVO NAO CIRCULANTE                    ","ATIVO                                   ","12012001            ","12012001            ","12012001            ","12012001            ","12012001            ","12012001            ","12012001            ","12012               ","1201                ","12                  ","1                   ","P |01|AK5200||"
"12012               ","2","P |01|CT1200||12012002","P |01|CT1200||12012002","P |01|CT1200||12012002","P |01|CT1200||12012002","P |01|CT1200||12012002","P |01|CT1200||12012002","P |01|CT1200||12012002","P |01|CT1200||12012","P |01|CT1200||1201","P |01|CT1200||12","P |01|CT1200||1","EMPRESTIMO AO SOCIO LUIS RICARDO CISNEIR","EMPRESTIMO AO SOCIO LUIS RICARDO CISNEIR","EMPRESTIMO AO SOCIO LUIS RICARDO CISNEIR","EMPRESTIMO AO SOCIO LUIS RICARDO CISNEIR","EMPRESTIMO AO SOCIO LUIS RICARDO CISNEIR","EMPRESTIMO AO SOCIO LUIS RICARDO CISNEIR","EMPRESTIMO AO SOCIO LUIS RICARDO CISNEIR","EMPRESTIMOS/MUTUOS                      ","ATIVO REALIZAVEL A LONGO PRAZO          ","ATIVO NAO CIRCULANTE                    ","ATIVO                                   ","12012002            ","12012002            ","12012002            ","12012002            ","12012002            ","12012002            ","12012002            ","12012               ","1201                ","12                  ","1                   ","P |01|AK5200||"
"12012               ","2","P |01|CT1200||12012003","P |01|CT1200||12012003","P |01|CT1200||12012003","P |01|CT1200||12012003","P |01|CT1200||12012003","P |01|CT1200||12012003","P |01|CT1200||12012003","P |01|CT1200||12012","P |01|CT1200||1201","P |01|CT1200||12","P |01|CT1200||1","MUTUO WAYUP SJRP X WAYUP SERVICOS       ","MUTUO WAYUP SJRP X WAYUP SERVICOS       ","MUTUO WAYUP SJRP X WAYUP SERVICOS       ","MUTUO WAYUP SJRP X WAYUP SERVICOS       ","MUTUO WAYUP SJRP X WAYUP SERVICOS       ","MUTUO WAYUP SJRP X WAYUP SERVICOS       ","MUTUO WAYUP SJRP X WAYUP SERVICOS       ","EMPRESTIMOS/MUTUOS                      ","ATIVO REALIZAVEL A LONGO PRAZO          ","ATIVO NAO CIRCULANTE                    ","ATIVO                                   ","12012003            ","12012003            ","12012003            ","12012003            ","12012003            ","12012003            ","12012003            ","12012               ","1201                ","12                  ","1                   ","P |01|AK5200||"
"12012               ","2","P |01|CT1200||12012004","P |01|CT1200||12012004","P |01|CT1200||12012004","P |01|CT1200||12012004","P |01|CT1200||12012004","P |01|CT1200||12012004","P |01|CT1200||12012004","P |01|CT1200||12012","P |01|CT1200||1201","P |01|CT1200||12","P |01|CT1200||1","MUTUO WAYUP TECNOLOGIA X SJRP           ","MUTUO WAYUP TECNOLOGIA X SJRP           ","MUTUO WAYUP TECNOLOGIA X SJRP           ","MUTUO WAYUP TECNOLOGIA X SJRP           ","MUTUO WAYUP TECNOLOGIA X SJRP           ","MUTUO WAYUP TECNOLOGIA X SJRP           ","MUTUO WAYUP TECNOLOGIA X SJRP           ","EMPRESTIMOS/MUTUOS                      ","ATIVO REALIZAVEL A LONGO PRAZO          ","ATIVO NAO CIRCULANTE                    ","ATIVO                                   ","12012004            ","12012004            ","12012004            ","12012004            ","12012004            ","12012004            ","12012004            ","12012               ","1201                ","12                  ","1                   ","P |01|AK5200||"
"12012               ","2","P |01|CT1200||12012005","P |01|CT1200||12012005","P |01|CT1200||12012005","P |01|CT1200||12012005","P |01|CT1200||12012005","P |01|CT1200||12012005","P |01|CT1200||12012005","P |01|CT1200||12012","P |01|CT1200||1201","P |01|CT1200||12","P |01|CT1200||1","MUTUO INNOVARE X WAYUP SERVICOS         ","MUTUO INNOVARE X WAYUP SERVICOS         ","MUTUO INNOVARE X WAYUP SERVICOS         ","MUTUO INNOVARE X WAYUP SERVICOS         ","MUTUO INNOVARE X WAYUP SERVICOS         ","MUTUO INNOVARE X WAYUP SERVICOS         ","MUTUO INNOVARE X WAYUP SERVICOS         ","EMPRESTIMOS/MUTUOS                      ","ATIVO REALIZAVEL A LONGO PRAZO          ","ATIVO NAO CIRCULANTE                    ","ATIVO                                   ","12012005            ","12012005            ","12012005            ","12012005            ","12012005            ","12012005            ","12012005            ","12012               ","1201                ","12                  ","1                   ","P |01|AK5200||"
"12012               ","2","P |01|CT1200||12012006","P |01|CT1200||12012006","P |01|CT1200||12012006","P |01|CT1200||12012006","P |01|CT1200||12012006","P |01|CT1200||12012006","P |01|CT1200||12012006","P |01|CT1200||12012","P |01|CT1200||1201","P |01|CT1200||12","P |01|CT1200||1","MUTUO WAYUP SJRP X WAYUP TECNOLOGIA     ","MUTUO WAYUP SJRP X WAYUP TECNOLOGIA     ","MUTUO WAYUP SJRP X WAYUP TECNOLOGIA     ","MUTUO WAYUP SJRP X WAYUP TECNOLOGIA     ","MUTUO WAYUP SJRP X WAYUP TECNOLOGIA     ","MUTUO WAYUP SJRP X WAYUP TECNOLOGIA     ","MUTUO WAYUP SJRP X WAYUP TECNOLOGIA     ","EMPRESTIMOS/MUTUOS                      ","ATIVO REALIZAVEL A LONGO PRAZO          ","ATIVO NAO CIRCULANTE                    ","ATIVO                                   ","12012006            ","12012006            ","12012006            ","12012006            ","12012006            ","12012006            ","12012006            ","12012               ","1201                ","12                  ","1                   ","P |01|AK5200||"
"12012               ","2","P |01|CT1200||12012007","P |01|CT1200||12012007","P |01|CT1200||12012007","P |01|CT1200||12012007","P |01|CT1200||12012007","P |01|CT1200||12012007","P |01|CT1200||12012007","P |01|CT1200||12012","P |01|CT1200||1201","P |01|CT1200||12","P |01|CT1200||1","MUTUO ML X WAYUP SJRP                   ","MUTUO ML X WAYUP SJRP                   ","MUTUO ML X WAYUP SJRP                   ","MUTUO ML X WAYUP SJRP                   ","MUTUO ML X WAYUP SJRP                   ","MUTUO ML X WAYUP SJRP                   ","MUTUO ML X WAYUP SJRP                   ","EMPRESTIMOS/MUTUOS                      ","ATIVO REALIZAVEL A LONGO PRAZO          ","ATIVO NAO CIRCULANTE                    ","ATIVO                                   ","12012007            ","12012007            ","12012007            ","12012007            ","12012007            ","12012007            ","12012007            ","12012               ","1201                ","12                  ","1                   ","P |01|AK5200||"
"12012               ","2","P |01|CT1200||12012008","P |01|CT1200||12012008","P |01|CT1200||12012008","P |01|CT1200||12012008","P |01|CT1200||12012008","P |01|CT1200||12012008","P |01|CT1200||12012008","P |01|CT1200||12012","P |01|CT1200||1201","P |01|CT1200||12","P |01|CT1200||1","MUTUO WAYUP SJRP X JOBS                 ","MUTUO WAYUP SJRP X JOBS                 ","MUTUO WAYUP SJRP X JOBS                 ","MUTUO WAYUP SJRP X JOBS                 ","MUTUO WAYUP SJRP X JOBS                 ","MUTUO WAYUP SJRP X JOBS                 ","MUTUO WAYUP SJRP X JOBS                 ","EMPRESTIMOS/MUTUOS                      ","ATIVO REALIZAVEL A LONGO PRAZO          ","ATIVO NAO CIRCULANTE                    ","ATIVO                                   ","12012008            ","12012008            ","12012008            ","12012008            ","12012008            ","12012008            ","12012008            ","12012               ","1201                ","12                  ","1                   ","P |01|AK5200||"
"12012               ","2","P |01|CT1200||12012009","P |01|CT1200||12012009","P |01|CT1200||12012009","P |01|CT1200||12012009","P |01|CT1200||12012009","P |01|CT1200||12012009","P |01|CT1200||12012009","P |01|CT1200||12012","P |01|CT1200||1201","P |01|CT1200||12","P |01|CT1200||1","CONTA CORRENTE TOP X WAYUP SERVICOS     ","CONTA CORRENTE TOP X WAYUP SERVICOS     ","CONTA CORRENTE TOP X WAYUP SERVICOS     ","CONTA CORRENTE TOP X WAYUP SERVICOS     ","CONTA CORRENTE TOP X WAYUP SERVICOS     ","CONTA CORRENTE TOP X WAYUP SERVICOS     ","CONTA CORRENTE TOP X WAYUP SERVICOS     ","EMPRESTIMOS/MUTUOS                      ","ATIVO REALIZAVEL A LONGO PRAZO          ","ATIVO NAO CIRCULANTE                    ","ATIVO                                   ","12012009            ","12012009            ","12012009            ","12012009            ","12012009            ","12012009            ","12012009            ","12012               ","1201                ","12                  ","1                   ","P |01|AK5200||"
"12012               ","2","P |01|CT1200||12012010","P |01|CT1200||12012010","P |01|CT1200||12012010","P |01|CT1200||12012010","P |01|CT1200||12012010","P |01|CT1200||12012010","P |01|CT1200||12012010","P |01|CT1200||12012","P |01|CT1200||1201","P |01|CT1200||12","P |01|CT1200||1","CONTA CORRENTE TOP X WAYUP SJRP         ","CONTA CORRENTE TOP X WAYUP SJRP         ","CONTA CORRENTE TOP X WAYUP SJRP         ","CONTA CORRENTE TOP X WAYUP SJRP         ","CONTA CORRENTE TOP X WAYUP SJRP         ","CONTA CORRENTE TOP X WAYUP SJRP         ","CONTA CORRENTE TOP X WAYUP SJRP         ","EMPRESTIMOS/MUTUOS                      ","ATIVO REALIZAVEL A LONGO PRAZO          ","ATIVO NAO CIRCULANTE                    ","ATIVO                                   ","12012010            ","12012010            ","12012010            ","12012010            ","12012010            ","12012010            ","12012010            ","12012               ","1201                ","12                  ","1                   ","P |01|AK5200||"
"12012               ","2","P |01|CT1200||12012011","P |01|CT1200||12012011","P |01|CT1200||12012011","P |01|CT1200||12012011","P |01|CT1200||12012011","P |01|CT1200||12012011","P |01|CT1200||12012011","P |01|CT1200||12012","P |01|CT1200||1201","P |01|CT1200||12","P |01|CT1200||1","C/C CISAO INTERCOMPANY WAYUP SERVIOS    ","C/C CISAO INTERCOMPANY WAYUP SERVIOS    ","C/C CISAO INTERCOMPANY WAYUP SERVIOS    ","C/C CISAO INTERCOMPANY WAYUP SERVIOS    ","C/C CISAO INTERCOMPANY WAYUP SERVIOS    ","C/C CISAO INTERCOMPANY WAYUP SERVIOS    ","C/C CISAO INTERCOMPANY WAYUP SERVIOS    ","EMPRESTIMOS/MUTUOS                      ","ATIVO REALIZAVEL A LONGO PRAZO          ","ATIVO NAO CIRCULANTE                    ","ATIVO                                   ","12012011            ","12012011            ","12012011            ","12012011            ","12012011            ","12012011            ","12012011            ","12012               ","1201                ","12                  ","1                   ","P |01|AK5200||"
"12012               ","2","P |01|CT1200||12012012","P |01|CT1200||12012012","P |01|CT1200||12012012","P |01|CT1200||12012012","P |01|CT1200||12012012","P |01|CT1200||12012012","P |01|CT1200||12012012","P |01|CT1200||12012","P |01|CT1200||1201","P |01|CT1200||12","P |01|CT1200||1","CONTAS A RECEBER - JBM                  ","CONTAS A RECEBER - JBM                  ","CONTAS A RECEBER - JBM                  ","CONTAS A RECEBER - JBM                  ","CONTAS A RECEBER - JBM                  ","CONTAS A RECEBER - JBM                  ","CONTAS A RECEBER - JBM                  ","EMPRESTIMOS/MUTUOS                      ","ATIVO REALIZAVEL A LONGO PRAZO          ","ATIVO NAO CIRCULANTE                    ","ATIVO                                   ","12012012            ","12012012            ","12012012            ","12012012            ","12012012            ","12012012            ","12012012            ","12012               ","1201                ","12                  ","1                   ","P |01|AK5200||"
"12012               ","2","P |01|CT1200||12012013","P |01|CT1200||12012013","P |01|CT1200||12012013","P |01|CT1200||12012013","P |01|CT1200||12012013","P |01|CT1200||12012013","P |01|CT1200||12012013","P |01|CT1200||12012","P |01|CT1200||1201","P |01|CT1200||12","P |01|CT1200||1","MUTUO WAYUP SERVICOS X MODA             ","MUTUO WAYUP SERVICOS X MODA             ","MUTUO WAYUP SERVICOS X MODA             ","MUTUO WAYUP SERVICOS X MODA             ","MUTUO WAYUP SERVICOS X MODA             ","MUTUO WAYUP SERVICOS X MODA             ","MUTUO WAYUP SERVICOS X MODA             ","EMPRESTIMOS/MUTUOS                      ","ATIVO REALIZAVEL A LONGO PRAZO          ","ATIVO NAO CIRCULANTE                    ","ATIVO                                   ","12012013            ","12012013            ","12012013            ","12012013            ","12012013            ","12012013            ","12012013            ","12012               ","1201                ","12                  ","1                   ","P |01|AK5200||"
"12012               ","2","P |01|CT1200||12012014","P |01|CT1200||12012014","P |01|CT1200||12012014","P |01|CT1200||12012014","P |01|CT1200||12012014","P |01|CT1200||12012014","P |01|CT1200||12012014","P |01|CT1200||12012","P |01|CT1200||1201","P |01|CT1200||12","P |01|CT1200||1","MUTUO WAYUP SISTEMAS X RESULTAR         ","MUTUO WAYUP SISTEMAS X RESULTAR         ","MUTUO WAYUP SISTEMAS X RESULTAR         ","MUTUO WAYUP SISTEMAS X RESULTAR         ","MUTUO WAYUP SISTEMAS X RESULTAR         ","MUTUO WAYUP SISTEMAS X RESULTAR         ","MUTUO WAYUP SISTEMAS X RESULTAR         ","EMPRESTIMOS/MUTUOS                      ","ATIVO REALIZAVEL A LONGO PRAZO          ","ATIVO NAO CIRCULANTE                    ","ATIVO                                   ","12012014            ","12012014            ","12012014            ","12012014            ","12012014            ","12012014            ","12012014            ","12012               ","1201                ","12                  ","1                   ","P |01|AK5200||"
"12012               ","2","P |01|CT1200||12012015","P |01|CT1200||12012015","P |01|CT1200||12012015","P |01|CT1200||12012015","P |01|CT1200||12012015","P |01|CT1200||12012015","P |01|CT1200||12012015","P |01|CT1200||12012","P |01|CT1200||1201","P |01|CT1200||12","P |01|CT1200||1","MUTUO MODA X ACTVS                      ","MUTUO MODA X ACTVS                      ","MUTUO MODA X ACTVS                      ","MUTUO MODA X ACTVS                      ","MUTUO MODA X ACTVS                      ","MUTUO MODA X ACTVS                      ","MUTUO MODA X ACTVS                      ","EMPRESTIMOS/MUTUOS                      ","ATIVO REALIZAVEL A LONGO PRAZO          ","ATIVO NAO CIRCULANTE                    ","ATIVO                                   ","12012015            ","12012015            ","12012015            ","12012015            ","12012015            ","12012015            ","12012015            ","12012               ","1201                ","12                  ","1                   ","P |01|AK5200||"
"12013               ","2","P |01|CT1200||12013001","P |01|CT1200||12013001","P |01|CT1200||12013001","P |01|CT1200||12013001","P |01|CT1200||12013001","P |01|CT1200||12013001","P |01|CT1200||12013001","P |01|CT1200||12013","P |01|CT1200||1201","P |01|CT1200||12","P |01|CT1200||1","COTAS CAPITAL ML SERVICOS               ","COTAS CAPITAL ML SERVICOS               ","COTAS CAPITAL ML SERVICOS               ","COTAS CAPITAL ML SERVICOS               ","COTAS CAPITAL ML SERVICOS               ","COTAS CAPITAL ML SERVICOS               ","COTAS CAPITAL ML SERVICOS               ","INVESTIMENTOS                           ","ATIVO REALIZAVEL A LONGO PRAZO          ","ATIVO NAO CIRCULANTE                    ","ATIVO                                   ","12013001            ","12013001            ","12013001            ","12013001            ","12013001            ","12013001            ","12013001            ","12013               ","1201                ","12                  ","1                   ","P |01|AK5200||"
"12013               ","2","P |01|CT1200||12013002","P |01|CT1200||12013002","P |01|CT1200||12013002","P |01|CT1200||12013002","P |01|CT1200||12013002","P |01|CT1200||12013002","P |01|CT1200||12013002","P |01|CT1200||12013","P |01|CT1200||1201","P |01|CT1200||12","P |01|CT1200||1","PARTICIPACAO SOCIETARIA NA EMPRESA JBM  ","PARTICIPACAO SOCIETARIA NA EMPRESA JBM  ","PARTICIPACAO SOCIETARIA NA EMPRESA JBM  ","PARTICIPACAO SOCIETARIA NA EMPRESA JBM  ","PARTICIPACAO SOCIETARIA NA EMPRESA JBM  ","PARTICIPACAO SOCIETARIA NA EMPRESA JBM  ","PARTICIPACAO SOCIETARIA NA EMPRESA JBM  ","INVESTIMENTOS                           ","ATIVO REALIZAVEL A LONGO PRAZO          ","ATIVO NAO CIRCULANTE                    ","ATIVO                                   ","12013002            ","12013002            ","12013002            ","12013002            ","12013002            ","12013002            ","12013002            ","12013               ","1201                ","12                  ","1                   ","P |01|AK5200||"
"12013               ","2","P |01|CT1200||12013003","P |01|CT1200||12013003","P |01|CT1200||12013003","P |01|CT1200||12013003","P |01|CT1200||12013003","P |01|CT1200||12013003","P |01|CT1200||12013003","P |01|CT1200||12013","P |01|CT1200||1201","P |01|CT1200||12","P |01|CT1200||1","PARTICIPACAO SOCIETARIA NA EMPRESA SBSR1","PARTICIPACAO SOCIETARIA NA EMPRESA SBSR1","PARTICIPACAO SOCIETARIA NA EMPRESA SBSR1","PARTICIPACAO SOCIETARIA NA EMPRESA SBSR1","PARTICIPACAO SOCIETARIA NA EMPRESA SBSR1","PARTICIPACAO SOCIETARIA NA EMPRESA SBSR1","PARTICIPACAO SOCIETARIA NA EMPRESA SBSR1","INVESTIMENTOS                           ","ATIVO REALIZAVEL A LONGO PRAZO          ","ATIVO NAO CIRCULANTE                    ","ATIVO                                   ","12013003            ","12013003            ","12013003            ","12013003            ","12013003            ","12013003            ","12013003            ","12013               ","1201                ","12                  ","1                   ","P |01|AK5200||"
"12013               ","2","P |01|CT1200||12013004","P |01|CT1200||12013004","P |01|CT1200||12013004","P |01|CT1200||12013004","P |01|CT1200||12013004","P |01|CT1200||12013004","P |01|CT1200||12013004","P |01|CT1200||12013","P |01|CT1200||1201","P |01|CT1200||12","P |01|CT1200||1","PARTICIPACAO SOCIETARIA EMPRESA RESULTAR","PARTICIPACAO SOCIETARIA EMPRESA RESULTAR","PARTICIPACAO SOCIETARIA EMPRESA RESULTAR","PARTICIPACAO SOCIETARIA EMPRESA RESULTAR","PARTICIPACAO SOCIETARIA EMPRESA RESULTAR","PARTICIPACAO SOCIETARIA EMPRESA RESULTAR","PARTICIPACAO SOCIETARIA EMPRESA RESULTAR","INVESTIMENTOS                           ","ATIVO REALIZAVEL A LONGO PRAZO          ","ATIVO NAO CIRCULANTE                    ","ATIVO                                   ","12013004            ","12013004            ","12013004            ","12013004            ","12013004            ","12013004            ","12013004            ","12013               ","1201                ","12                  ","1                   ","P |01|AK5200||"
"12013               ","2","P |01|CT1200||12013005","P |01|CT1200||12013005","P |01|CT1200||12013005","P |01|CT1200||12013005","P |01|CT1200||12013005","P |01|CT1200||12013005","P |01|CT1200||12013005","P |01|CT1200||12013","P |01|CT1200||1201","P |01|CT1200||12","P |01|CT1200||1","WAYUP SERVICOS EM TECNOLOGIA LTDA       ","WAYUP SERVICOS EM TECNOLOGIA LTDA       ","WAYUP SERVICOS EM TECNOLOGIA LTDA       ","WAYUP SERVICOS EM TECNOLOGIA LTDA       ","WAYUP SERVICOS EM TECNOLOGIA LTDA       ","WAYUP SERVICOS EM TECNOLOGIA LTDA       ","WAYUP SERVICOS EM TECNOLOGIA LTDA       ","INVESTIMENTOS                           ","ATIVO REALIZAVEL A LONGO PRAZO          ","ATIVO NAO CIRCULANTE                    ","ATIVO                                   ","12013005            ","12013005            ","12013005            ","12013005            ","12013005            ","12013005            ","12013005            ","12013               ","1201                ","12                  ","1                   ","P |01|AK5200||"
"12013               ","2","P |01|CT1200||12013006","P |01|CT1200||12013006","P |01|CT1200||12013006","P |01|CT1200||12013006","P |01|CT1200||12013006","P |01|CT1200||12013006","P |01|CT1200||12013006","P |01|CT1200||12013","P |01|CT1200||1201","P |01|CT1200||12","P |01|CT1200||1","WAYUP SJRP SISTEMAS DE GESTAO LTDA      ","WAYUP SJRP SISTEMAS DE GESTAO LTDA      ","WAYUP SJRP SISTEMAS DE GESTAO LTDA      ","WAYUP SJRP SISTEMAS DE GESTAO LTDA      ","WAYUP SJRP SISTEMAS DE GESTAO LTDA      ","WAYUP SJRP SISTEMAS DE GESTAO LTDA      ","WAYUP SJRP SISTEMAS DE GESTAO LTDA      ","INVESTIMENTOS                           ","ATIVO REALIZAVEL A LONGO PRAZO          ","ATIVO NAO CIRCULANTE                    ","ATIVO                                   ","12013006            ","12013006            ","12013006            ","12013006            ","12013006            ","12013006            ","12013006            ","12013               ","1201                ","12                  ","1                   ","P |01|AK5200||"
"12013               ","2","P |01|CT1200||12013007","P |01|CT1200||12013007","P |01|CT1200||12013007","P |01|CT1200||12013007","P |01|CT1200||12013007","P |01|CT1200||12013007","P |01|CT1200||12013007","P |01|CT1200||12013","P |01|CT1200||1201","P |01|CT1200||12","P |01|CT1200||1","PART.SOC.WAYUP MODAS SERV.INF.LTDA      ","PART.SOC.WAYUP MODAS SERV.INF.LTDA      ","PART.SOC.WAYUP MODAS SERV.INF.LTDA      ","PART.SOC.WAYUP MODAS SERV.INF.LTDA      ","PART.SOC.WAYUP MODAS SERV.INF.LTDA      ","PART.SOC.WAYUP MODAS SERV.INF.LTDA      ","PART.SOC.WAYUP MODAS SERV.INF.LTDA      ","INVESTIMENTOS                           ","ATIVO REALIZAVEL A LONGO PRAZO          ","ATIVO NAO CIRCULANTE                    ","ATIVO                                   ","12013007            ","12013007            ","12013007            ","12013007            ","12013007            ","12013007            ","12013007            ","12013               ","1201                ","12                  ","1                   ","P |01|AK5200||"
"12013               ","2","P |01|CT1200||12013008","P |01|CT1200||12013008","P |01|CT1200||12013008","P |01|CT1200||12013008","P |01|CT1200||12013008","P |01|CT1200||12013008","P |01|CT1200||12013008","P |01|CT1200||12013","P |01|CT1200||1201","P |01|CT1200||12","P |01|CT1200||1","PART. SOC. EMPRESA DALLAN DIGITAL LTDA  ","PART. SOC. EMPRESA DALLAN DIGITAL LTDA  ","PART. SOC. EMPRESA DALLAN DIGITAL LTDA  ","PART. SOC. EMPRESA DALLAN DIGITAL LTDA  ","PART. SOC. EMPRESA DALLAN DIGITAL LTDA  ","PART. SOC. EMPRESA DALLAN DIGITAL LTDA  ","PART. SOC. EMPRESA DALLAN DIGITAL LTDA  ","INVESTIMENTOS                           ","ATIVO REALIZAVEL A LONGO PRAZO          ","ATIVO NAO CIRCULANTE                    ","ATIVO                                   ","12013008            ","12013008            ","12013008            ","12013008            ","12013008            ","12013008            ","12013008            ","12013               ","1201                ","12                  ","1                   ","P |01|AK5200||"
"12013               ","2","P |01|CT1200||12013009","P |01|CT1200||12013009","P |01|CT1200||12013009","P |01|CT1200||12013009","P |01|CT1200||12013009","P |01|CT1200||12013009","P |01|CT1200||12013009","P |01|CT1200||12013","P |01|CT1200||1201","P |01|CT1200||12","P |01|CT1200||1","PARC. SOC. COTAS BANCO SICREDI          ","PARC. SOC. COTAS BANCO SICREDI          ","PARC. SOC. COTAS BANCO SICREDI          ","PARC. SOC. COTAS BANCO SICREDI          ","PARC. SOC. COTAS BANCO SICREDI          ","PARC. SOC. COTAS BANCO SICREDI          ","PARC. SOC. COTAS BANCO SICREDI          ","INVESTIMENTOS                           ","ATIVO REALIZAVEL A LONGO PRAZO          ","ATIVO NAO CIRCULANTE                    ","ATIVO                                   ","12013009            ","12013009            ","12013009            ","12013009            ","12013009            ","12013009            ","12013009            ","12013               ","1201                ","12                  ","1                   ","P |01|AK5200||"
"12013               ","2","P |01|CT1200||12013010","P |01|CT1200||12013010","P |01|CT1200||12013010","P |01|CT1200||12013010","P |01|CT1200||12013010","P |01|CT1200||12013010","P |01|CT1200||12013010","P |01|CT1200||12013","P |01|CT1200||1201","P |01|CT1200||12","P |01|CT1200||1","PARTICIPACAO SOCIETARIA EMPRESA SBSR2   ","PARTICIPACAO SOCIETARIA EMPRESA SBSR2   ","PARTICIPACAO SOCIETARIA EMPRESA SBSR2   ","PARTICIPACAO SOCIETARIA EMPRESA SBSR2   ","PARTICIPACAO SOCIETARIA EMPRESA SBSR2   ","PARTICIPACAO SOCIETARIA EMPRESA SBSR2   ","PARTICIPACAO SOCIETARIA EMPRESA SBSR2   ","INVESTIMENTOS                           ","ATIVO REALIZAVEL A LONGO PRAZO          ","ATIVO NAO CIRCULANTE                    ","ATIVO                                   ","12013010            ","12013010            ","12013010            ","12013010            ","12013010            ","12013010            ","12013010            ","12013               ","1201                ","12                  ","1                   ","P |01|AK5200||"
"12013               ","2","P |01|CT1200||12013050","P |01|CT1200||12013050","P |01|CT1200||12013050","P |01|CT1200||12013050","P |01|CT1200||12013050","P |01|CT1200||12013050","P |01|CT1200||12013050","P |01|CT1200||12013","P |01|CT1200||1201","P |01|CT1200||12","P |01|CT1200||1","INVESTIMETO A INTEGRALIZAR EMPRESA SBSR2","INVESTIMETO A INTEGRALIZAR EMPRESA SBSR2","INVESTIMETO A INTEGRALIZAR EMPRESA SBSR2","INVESTIMETO A INTEGRALIZAR EMPRESA SBSR2","INVESTIMETO A INTEGRALIZAR EMPRESA SBSR2","INVESTIMETO A INTEGRALIZAR EMPRESA SBSR2","INVESTIMETO A INTEGRALIZAR EMPRESA SBSR2","INVESTIMENTOS                           ","ATIVO REALIZAVEL A LONGO PRAZO          ","ATIVO NAO CIRCULANTE                    ","ATIVO                                   ","12013050            ","12013050            ","12013050            ","12013050            ","12013050            ","12013050            ","12013050            ","12013               ","1201                ","12                  ","1                   ","P |01|AK5200||"
"12013               ","2","P |01|CT1200||12013051","P |01|CT1200||12013051","P |01|CT1200||12013051","P |01|CT1200||12013051","P |01|CT1200||12013051","P |01|CT1200||12013051","P |01|CT1200||12013051","P |01|CT1200||12013","P |01|CT1200||1201","P |01|CT1200||12","P |01|CT1200||1","INVEST.A INTEGRALIZAR NA WAYUP SERVICOS ","INVEST.A INTEGRALIZAR NA WAYUP SERVICOS ","INVEST.A INTEGRALIZAR NA WAYUP SERVICOS ","INVEST.A INTEGRALIZAR NA WAYUP SERVICOS ","INVEST.A INTEGRALIZAR NA WAYUP SERVICOS ","INVEST.A INTEGRALIZAR NA WAYUP SERVICOS ","INVEST.A INTEGRALIZAR NA WAYUP SERVICOS ","INVESTIMENTOS                           ","ATIVO REALIZAVEL A LONGO PRAZO          ","ATIVO NAO CIRCULANTE                    ","ATIVO                                   ","12013051            ","12013051            ","12013051            ","12013051            ","12013051            ","12013051            ","12013051            ","12013               ","1201                ","12                  ","1                   ","P |01|AK5200||"
"12014               ","2","P |01|CT1200||12014001","P |01|CT1200||12014001","P |01|CT1200||12014001","P |01|CT1200||12014001","P |01|CT1200||12014001","P |01|CT1200||12014001","P |01|CT1200||12014001","P |01|CT1200||12014","P |01|CT1200||1201","P |01|CT1200||12","P |01|CT1200||1","AGIO (GOODWILL) WAYUP SERVICOS EM TECNOL","AGIO (GOODWILL) WAYUP SERVICOS EM TECNOL","AGIO (GOODWILL) WAYUP SERVICOS EM TECNOL","AGIO (GOODWILL) WAYUP SERVICOS EM TECNOL","AGIO (GOODWILL) WAYUP SERVICOS EM TECNOL","AGIO (GOODWILL) WAYUP SERVICOS EM TECNOL","AGIO (GOODWILL) WAYUP SERVICOS EM TECNOL","INTANGIVEL                              ","ATIVO REALIZAVEL A LONGO PRAZO          ","ATIVO NAO CIRCULANTE                    ","ATIVO                                   ","12014001            ","12014001            ","12014001            ","12014001            ","12014001            ","12014001            ","12014001            ","12014               ","1201                ","12                  ","1                   ","P |01|AK5200||"
"12014               ","2","P |01|CT1200||12014002","P |01|CT1200||12014002","P |01|CT1200||12014002","P |01|CT1200||12014002","P |01|CT1200||12014002","P |01|CT1200||12014002","P |01|CT1200||12014002","P |01|CT1200||12014","P |01|CT1200||1201","P |01|CT1200||12","P |01|CT1200||1","AGIO (GOODWILL) WAYUP SJRP SISTEMAS     ","AGIO (GOODWILL) WAYUP SJRP SISTEMAS     ","AGIO (GOODWILL) WAYUP SJRP SISTEMAS     ","AGIO (GOODWILL) WAYUP SJRP SISTEMAS     ","AGIO (GOODWILL) WAYUP SJRP SISTEMAS     ","AGIO (GOODWILL) WAYUP SJRP SISTEMAS     ","AGIO (GOODWILL) WAYUP SJRP SISTEMAS     ","INTANGIVEL                              ","ATIVO REALIZAVEL A LONGO PRAZO          ","ATIVO NAO CIRCULANTE                    ","ATIVO                                   ","12014002            ","12014002            ","12014002            ","12014002            ","12014002            ","12014002            ","12014002            ","12014               ","1201                ","12                  ","1                   ","P |01|AK5200||"
"12014               ","2","P |01|CT1200||12014003","P |01|CT1200||12014003","P |01|CT1200||12014003","P |01|CT1200||12014003","P |01|CT1200||12014003","P |01|CT1200||12014003","P |01|CT1200||12014003","P |01|CT1200||12014","P |01|CT1200||1201","P |01|CT1200||12","P |01|CT1200||1","CARTEIRA DE CLIENTES - M.L. SERVICOS    ","CARTEIRA DE CLIENTES - M.L. SERVICOS    ","CARTEIRA DE CLIENTES - M.L. SERVICOS    ","CARTEIRA DE CLIENTES - M.L. SERVICOS    ","CARTEIRA DE CLIENTES - M.L. SERVICOS    ","CARTEIRA DE CLIENTES - M.L. SERVICOS    ","CARTEIRA DE CLIENTES - M.L. SERVICOS    ","INTANGIVEL                              ","ATIVO REALIZAVEL A LONGO PRAZO          ","ATIVO NAO CIRCULANTE                    ","ATIVO                                   ","12014003            ","12014003            ","12014003            ","12014003            ","12014003            ","12014003            ","12014003            ","12014               ","1201                ","12                  ","1                   ","P |01|AK5200||"
"12014               ","2","P |01|CT1200||12014004","P |01|CT1200||12014004","P |01|CT1200||12014004","P |01|CT1200||12014004","P |01|CT1200||12014004","P |01|CT1200||12014004","P |01|CT1200||12014004","P |01|CT1200||12014","P |01|CT1200||1201","P |01|CT1200||12","P |01|CT1200||1","CARTEIRA DE CLIENTES- RESULTAR SERVICOS ","CARTEIRA DE CLIENTES- RESULTAR SERVICOS ","CARTEIRA DE CLIENTES- RESULTAR SERVICOS ","CARTEIRA DE CLIENTES- RESULTAR SERVICOS ","CARTEIRA DE CLIENTES- RESULTAR SERVICOS ","CARTEIRA DE CLIENTES- RESULTAR SERVICOS ","CARTEIRA DE CLIENTES- RESULTAR SERVICOS ","INTANGIVEL                              ","ATIVO REALIZAVEL A LONGO PRAZO          ","ATIVO NAO CIRCULANTE                    ","ATIVO                                   ","12014004            ","12014004            ","12014004            ","12014004            ","12014004            ","12014004            ","12014004            ","12014               ","1201                ","12                  ","1                   ","P |01|AK5200||"
"12014               ","2","P |01|CT1200||12014005","P |01|CT1200||12014005","P |01|CT1200||12014005","P |01|CT1200||12014005","P |01|CT1200||12014005","P |01|CT1200||12014005","P |01|CT1200||12014005","P |01|CT1200||12014","P |01|CT1200||1201","P |01|CT1200||12","P |01|CT1200||1","GOODWILL - ML SERVICOS- LONDRINA        ","GOODWILL - ML SERVICOS- LONDRINA        ","GOODWILL - ML SERVICOS- LONDRINA        ","GOODWILL - ML SERVICOS- LONDRINA        ","GOODWILL - ML SERVICOS- LONDRINA        ","GOODWILL - ML SERVICOS- LONDRINA        ","GOODWILL - ML SERVICOS- LONDRINA        ","INTANGIVEL                              ","ATIVO REALIZAVEL A LONGO PRAZO          ","ATIVO NAO CIRCULANTE                    ","ATIVO                                   ","12014005            ","12014005            ","12014005            ","12014005            ","12014005            ","12014005            ","12014005            ","12014               ","1201                ","12                  ","1                   ","P |01|AK5200||"
"12014               ","2","P |01|CT1200||12014006","P |01|CT1200||12014006","P |01|CT1200||12014006","P |01|CT1200||12014006","P |01|CT1200||12014006","P |01|CT1200||12014006","P |01|CT1200||12014006","P |01|CT1200||12014","P |01|CT1200||1201","P |01|CT1200||12","P |01|CT1200||1","FUNDO DE COMERCIO                       ","FUNDO DE COMERCIO                       ","FUNDO DE COMERCIO                       ","FUNDO DE COMERCIO                       ","FUNDO DE COMERCIO                       ","FUNDO DE COMERCIO                       ","FUNDO DE COMERCIO                       ","INTANGIVEL                              ","ATIVO REALIZAVEL A LONGO PRAZO          ","ATIVO NAO CIRCULANTE                    ","ATIVO                                   ","12014006            ","12014006            ","12014006            ","12014006            ","12014006            ","12014006            ","12014006            ","12014               ","1201                ","12                  ","1                   ","P |01|AK5200||"
"12014               ","2","P |01|CT1200||12014007","P |01|CT1200||12014007","P |01|CT1200||12014007","P |01|CT1200||12014007","P |01|CT1200||12014007","P |01|CT1200||12014007","P |01|CT1200||12014007","P |01|CT1200||12014","P |01|CT1200||1201","P |01|CT1200||12","P |01|CT1200||1","LICENCA/CESSAO- DIREITO DE USO SOFTWARE ","LICENCA/CESSAO- DIREITO DE USO SOFTWARE ","LICENCA/CESSAO- DIREITO DE USO SOFTWARE ","LICENCA/CESSAO- DIREITO DE USO SOFTWARE ","LICENCA/CESSAO- DIREITO DE USO SOFTWARE ","LICENCA/CESSAO- DIREITO DE USO SOFTWARE ","LICENCA/CESSAO- DIREITO DE USO SOFTWARE ","INTANGIVEL                              ","ATIVO REALIZAVEL A LONGO PRAZO          ","ATIVO NAO CIRCULANTE                    ","ATIVO                                   ","12014007            ","12014007            ","12014007            ","12014007            ","12014007            ","12014007            ","12014007            ","12014               ","1201                ","12                  ","1                   ","P |01|AK5200||"
"12014               ","2","P |01|CT1200||12014008","P |01|CT1200||12014008","P |01|CT1200||12014008","P |01|CT1200||12014008","P |01|CT1200||12014008","P |01|CT1200||12014008","P |01|CT1200||12014008","P |01|CT1200||12014","P |01|CT1200||1201","P |01|CT1200||12","P |01|CT1200||1","DM SERVICES INTEGRADORA DE SISTEMAS     ","DM SERVICES INTEGRADORA DE SISTEMAS     ","DM SERVICES INTEGRADORA DE SISTEMAS     ","DM SERVICES INTEGRADORA DE SISTEMAS     ","DM SERVICES INTEGRADORA DE SISTEMAS     ","DM SERVICES INTEGRADORA DE SISTEMAS     ","DM SERVICES INTEGRADORA DE SISTEMAS     ","INTANGIVEL                              ","ATIVO REALIZAVEL A LONGO PRAZO          ","ATIVO NAO CIRCULANTE                    ","ATIVO                                   ","12014008            ","12014008            ","12014008            ","12014008            ","12014008            ","12014008            ","12014008            ","12014               ","1201                ","12                  ","1                   ","P |01|AK5200||"
"12014               ","2","P |01|CT1200||12014009","P |01|CT1200||12014009","P |01|CT1200||12014009","P |01|CT1200||12014009","P |01|CT1200||12014009","P |01|CT1200||12014009","P |01|CT1200||12014009","P |01|CT1200||12014","P |01|CT1200||1201","P |01|CT1200||12","P |01|CT1200||1","CARTEIRA CLIENTE (DATA MANAGER)         ","CARTEIRA CLIENTE (DATA MANAGER)         ","CARTEIRA CLIENTE (DATA MANAGER)         ","CARTEIRA CLIENTE (DATA MANAGER)         ","CARTEIRA CLIENTE (DATA MANAGER)         ","CARTEIRA CLIENTE (DATA MANAGER)         ","CARTEIRA CLIENTE (DATA MANAGER)         ","INTANGIVEL                              ","ATIVO REALIZAVEL A LONGO PRAZO          ","ATIVO NAO CIRCULANTE                    ","ATIVO                                   ","12014009            ","12014009            ","12014009            ","12014009            ","12014009            ","12014009            ","12014009            ","12014               ","1201                ","12                  ","1                   ","P |01|AK5200||"
"12014               ","2","P |01|CT1200||12014010","P |01|CT1200||12014010","P |01|CT1200||12014010","P |01|CT1200||12014010","P |01|CT1200||12014010","P |01|CT1200||12014010","P |01|CT1200||12014010","P |01|CT1200||12014","P |01|CT1200||1201","P |01|CT1200||12","P |01|CT1200||1","CARTEIRA DE CLIENTES VIRTUAL AGE        ","CARTEIRA DE CLIENTES VIRTUAL AGE        ","CARTEIRA DE CLIENTES VIRTUAL AGE        ","CARTEIRA DE CLIENTES VIRTUAL AGE        ","CARTEIRA DE CLIENTES VIRTUAL AGE        ","CARTEIRA DE CLIENTES VIRTUAL AGE        ","CARTEIRA DE CLIENTES VIRTUAL AGE        ","INTANGIVEL                              ","ATIVO REALIZAVEL A LONGO PRAZO          ","ATIVO NAO CIRCULANTE                    ","ATIVO                                   ","12014010            ","12014010            ","12014010            ","12014010            ","12014010            ","12014010            ","12014010            ","12014               ","1201                ","12                  ","1                   ","P |01|AK5200||"
"12014               ","2","P |01|CT1200||12014011","P |01|CT1200||12014011","P |01|CT1200||12014011","P |01|CT1200||12014011","P |01|CT1200||12014011","P |01|CT1200||12014011","P |01|CT1200||12014011","P |01|CT1200||12014","P |01|CT1200||1201","P |01|CT1200||12","P |01|CT1200||1","BENFEITORIAS PROPRI. TERCEIROS DATA MANA","BENFEITORIAS PROPRI. TERCEIROS DATA MANA","BENFEITORIAS PROPRI. TERCEIROS DATA MANA","BENFEITORIAS PROPRI. TERCEIROS DATA MANA","BENFEITORIAS PROPRI. TERCEIROS DATA MANA","BENFEITORIAS PROPRI. TERCEIROS DATA MANA","BENFEITORIAS PROPRI. TERCEIROS DATA MANA","INTANGIVEL                              ","ATIVO REALIZAVEL A LONGO PRAZO          ","ATIVO NAO CIRCULANTE                    ","ATIVO                                   ","12014011            ","12014011            ","12014011            ","12014011            ","12014011            ","12014011            ","12014011            ","12014               ","1201                ","12                  ","1                   ","P |01|AK5200||"
"12014               ","2","P |01|CT1200||12014012","P |01|CT1200||12014012","P |01|CT1200||12014012","P |01|CT1200||12014012","P |01|CT1200||12014012","P |01|CT1200||12014012","P |01|CT1200||12014012","P |01|CT1200||12014","P |01|CT1200||1201","P |01|CT1200||12","P |01|CT1200||1","COMPRA CARTEIRA MODA RS                 ","COMPRA CARTEIRA MODA RS                 ","COMPRA CARTEIRA MODA RS                 ","COMPRA CARTEIRA MODA RS                 ","COMPRA CARTEIRA MODA RS                 ","COMPRA CARTEIRA MODA RS                 ","COMPRA CARTEIRA MODA RS                 ","INTANGIVEL                              ","ATIVO REALIZAVEL A LONGO PRAZO          ","ATIVO NAO CIRCULANTE                    ","ATIVO                                   ","12014012            ","12014012            ","12014012            ","12014012            ","12014012            ","12014012            ","12014012            ","12014               ","1201                ","12                  ","1                   ","P |01|AK5200||"
"12014               ","2","P |01|CT1200||12014013","P |01|CT1200||12014013","P |01|CT1200||12014013","P |01|CT1200||12014013","P |01|CT1200||12014013","P |01|CT1200||12014013","P |01|CT1200||12014013","P |01|CT1200||12014","P |01|CT1200||1201","P |01|CT1200||12","P |01|CT1200||1","AQUISICAO M.L.SERVICOS- NON COMPETE     ","AQUISICAO M.L.SERVICOS- NON COMPETE     ","AQUISICAO M.L.SERVICOS- NON COMPETE     ","AQUISICAO M.L.SERVICOS- NON COMPETE     ","AQUISICAO M.L.SERVICOS- NON COMPETE     ","AQUISICAO M.L.SERVICOS- NON COMPETE     ","AQUISICAO M.L.SERVICOS- NON COMPETE     ","INTANGIVEL                              ","ATIVO REALIZAVEL A LONGO PRAZO          ","ATIVO NAO CIRCULANTE                    ","ATIVO                                   ","12014013            ","12014013            ","12014013            ","12014013            ","12014013            ","12014013            ","12014013            ","12014               ","1201                ","12                  ","1                   ","P |01|AK5200||"
"12014               ","2","P |01|CT1200||12014014","P |01|CT1200||12014014","P |01|CT1200||12014014","P |01|CT1200||12014014","P |01|CT1200||12014014","P |01|CT1200||12014014","P |01|CT1200||12014014","P |01|CT1200||12014","P |01|CT1200||1201","P |01|CT1200||12","P |01|CT1200||1","AQUISICAO RESULTAR - NON COMPETE        ","AQUISICAO RESULTAR - NON COMPETE        ","AQUISICAO RESULTAR - NON COMPETE        ","AQUISICAO RESULTAR - NON COMPETE        ","AQUISICAO RESULTAR - NON COMPETE        ","AQUISICAO RESULTAR - NON COMPETE        ","AQUISICAO RESULTAR - NON COMPETE        ","INTANGIVEL                              ","ATIVO REALIZAVEL A LONGO PRAZO          ","ATIVO NAO CIRCULANTE                    ","ATIVO                                   ","12014014            ","12014014            ","12014014            ","12014014            ","12014014            ","12014014            ","12014014            ","12014               ","1201                ","12                  ","1                   ","P |01|AK5200||"
"12014               ","2","P |01|CT1200||12014015","P |01|CT1200||12014015","P |01|CT1200||12014015","P |01|CT1200||12014015","P |01|CT1200||12014015","P |01|CT1200||12014015","P |01|CT1200||12014015","P |01|CT1200||12014","P |01|CT1200||1201","P |01|CT1200||12","P |01|CT1200||1","AGIO (GOODWILL) COMPRA RESULTAR SERVICOS","AGIO (GOODWILL) COMPRA RESULTAR SERVICOS","AGIO (GOODWILL) COMPRA RESULTAR SERVICOS","AGIO (GOODWILL) COMPRA RESULTAR SERVICOS","AGIO (GOODWILL) COMPRA RESULTAR SERVICOS","AGIO (GOODWILL) COMPRA RESULTAR SERVICOS","AGIO (GOODWILL) COMPRA RESULTAR SERVICOS","INTANGIVEL                              ","ATIVO REALIZAVEL A LONGO PRAZO          ","ATIVO NAO CIRCULANTE                    ","ATIVO                                   ","12014015            ","12014015            ","12014015            ","12014015            ","12014015            ","12014015            ","12014015            ","12014               ","1201                ","12                  ","1                   ","P |01|AK5200||"
"12014               ","2","P |01|CT1200||12014016","P |01|CT1200||12014016","P |01|CT1200||12014016","P |01|CT1200||12014016","P |01|CT1200||12014016","P |01|CT1200||12014016","P |01|CT1200||12014016","P |01|CT1200||12014","P |01|CT1200||1201","P |01|CT1200||12","P |01|CT1200||1","AGIO (GOODWILL) DATA MANAGER-DM SERVICES","AGIO (GOODWILL) DATA MANAGER-DM SERVICES","AGIO (GOODWILL) DATA MANAGER-DM SERVICES","AGIO (GOODWILL) DATA MANAGER-DM SERVICES","AGIO (GOODWILL) DATA MANAGER-DM SERVICES","AGIO (GOODWILL) DATA MANAGER-DM SERVICES","AGIO (GOODWILL) DATA MANAGER-DM SERVICES","INTANGIVEL                              ","ATIVO REALIZAVEL A LONGO PRAZO          ","ATIVO NAO CIRCULANTE                    ","ATIVO                                   ","12014016            ","12014016            ","12014016            ","12014016            ","12014016            ","12014016            ","12014016            ","12014               ","1201                ","12                  ","1                   ","P |01|AK5200||"
"12015               ","2","P |01|CT1200||12015001","P |01|CT1200||12015001","P |01|CT1200||12015001","P |01|CT1200||12015001","P |01|CT1200||12015001","P |01|CT1200||12015001","P |01|CT1200||12015001","P |01|CT1200||12015","P |01|CT1200||1201","P |01|CT1200||12","P |01|CT1200||1","TRANSFERENCIAS RECURSOS MATRIZ/FILIAIS  ","TRANSFERENCIAS RECURSOS MATRIZ/FILIAIS  ","TRANSFERENCIAS RECURSOS MATRIZ/FILIAIS  ","TRANSFERENCIAS RECURSOS MATRIZ/FILIAIS  ","TRANSFERENCIAS RECURSOS MATRIZ/FILIAIS  ","TRANSFERENCIAS RECURSOS MATRIZ/FILIAIS  ","TRANSFERENCIAS RECURSOS MATRIZ/FILIAIS  ","AMORTIZACAO DO INTANGIVEL               ","ATIVO REALIZAVEL A LONGO PRAZO          ","ATIVO NAO CIRCULANTE                    ","ATIVO                                   ","12015001            ","12015001            ","12015001            ","12015001            ","12015001            ","12015001            ","12015001            ","12015               ","1201                ","12                  ","1                   ","P |01|AK5200||"
"12015               ","2","P |01|CT1200||12015002","P |01|CT1200||12015002","P |01|CT1200||12015002","P |01|CT1200||12015002","P |01|CT1200||12015002","P |01|CT1200||12015002","P |01|CT1200||12015002","P |01|CT1200||12015","P |01|CT1200||1201","P |01|CT1200||12","P |01|CT1200||1","GOODWILL - ML - LOMDRINA                ","GOODWILL - ML - LOMDRINA                ","GOODWILL - ML - LOMDRINA                ","GOODWILL - ML - LOMDRINA                ","GOODWILL - ML - LOMDRINA                ","GOODWILL - ML - LOMDRINA                ","GOODWILL - ML - LOMDRINA                ","AMORTIZACAO DO INTANGIVEL               ","ATIVO REALIZAVEL A LONGO PRAZO          ","ATIVO NAO CIRCULANTE                    ","ATIVO                                   ","12015002            ","12015002            ","12015002            ","12015002            ","12015002            ","12015002            ","12015002            ","12015               ","1201                ","12                  ","1                   ","P |01|AK5200||"
"12015               ","2","P |01|CT1200||12015003","P |01|CT1200||12015003","P |01|CT1200||12015003","P |01|CT1200||12015003","P |01|CT1200||12015003","P |01|CT1200||12015003","P |01|CT1200||12015003","P |01|CT1200||12015","P |01|CT1200||1201","P |01|CT1200||12","P |01|CT1200||1","LICENCA/ CESSAO - DIREITO USO SOFTWARE  ","LICENCA/ CESSAO - DIREITO USO SOFTWARE  ","LICENCA/ CESSAO - DIREITO USO SOFTWARE  ","LICENCA/ CESSAO - DIREITO USO SOFTWARE  ","LICENCA/ CESSAO - DIREITO USO SOFTWARE  ","LICENCA/ CESSAO - DIREITO USO SOFTWARE  ","LICENCA/ CESSAO - DIREITO USO SOFTWARE  ","AMORTIZACAO DO INTANGIVEL               ","ATIVO REALIZAVEL A LONGO PRAZO          ","ATIVO NAO CIRCULANTE                    ","ATIVO                                   ","12015003            ","12015003            ","12015003            ","12015003            ","12015003            ","12015003            ","12015003            ","12015               ","1201                ","12                  ","1                   ","P |01|AK5200||"
"12015               ","2","P |01|CT1200||12015004","P |01|CT1200||12015004","P |01|CT1200||12015004","P |01|CT1200||12015004","P |01|CT1200||12015004","P |01|CT1200||12015004","P |01|CT1200||12015004","P |01|CT1200||12015","P |01|CT1200||1201","P |01|CT1200||12","P |01|CT1200||1","CARTEIRA DE CLIENTES VIRTUAL AGE        ","CARTEIRA DE CLIENTES VIRTUAL AGE        ","CARTEIRA DE CLIENTES VIRTUAL AGE        ","CARTEIRA DE CLIENTES VIRTUAL AGE        ","CARTEIRA DE CLIENTES VIRTUAL AGE        ","CARTEIRA DE CLIENTES VIRTUAL AGE        ","CARTEIRA DE CLIENTES VIRTUAL AGE        ","AMORTIZACAO DO INTANGIVEL               ","ATIVO REALIZAVEL A LONGO PRAZO          ","ATIVO NAO CIRCULANTE                    ","ATIVO                                   ","12015004            ","12015004            ","12015004            ","12015004            ","12015004            ","12015004            ","12015004            ","12015               ","1201                ","12                  ","1                   ","P |01|AK5200||"
"12015               ","2","P |01|CT1200||12015005","P |01|CT1200||12015005","P |01|CT1200||12015005","P |01|CT1200||12015005","P |01|CT1200||12015005","P |01|CT1200||12015005","P |01|CT1200||12015005","P |01|CT1200||12015","P |01|CT1200||1201","P |01|CT1200||12","P |01|CT1200||1","FUNDO DO COMERCIO                       ","FUNDO DO COMERCIO                       ","FUNDO DO COMERCIO                       ","FUNDO DO COMERCIO                       ","FUNDO DO COMERCIO                       ","FUNDO DO COMERCIO                       ","FUNDO DO COMERCIO                       ","AMORTIZACAO DO INTANGIVEL               ","ATIVO REALIZAVEL A LONGO PRAZO          ","ATIVO NAO CIRCULANTE                    ","ATIVO                                   ","12015005            ","12015005            ","12015005            ","12015005            ","12015005            ","12015005            ","12015005            ","12015               ","1201                ","12                  ","1                   ","P |01|AK5200||"
"12015               ","2","P |01|CT1200||12015006","P |01|CT1200||12015006","P |01|CT1200||12015006","P |01|CT1200||12015006","P |01|CT1200||12015006","P |01|CT1200||12015006","P |01|CT1200||12015006","P |01|CT1200||12015","P |01|CT1200||1201","P |01|CT1200||12","P |01|CT1200||1","BENFEITORIAS PROPR. TERCEIROS           ","BENFEITORIAS PROPR. TERCEIROS           ","BENFEITORIAS PROPR. TERCEIROS           ","BENFEITORIAS PROPR. TERCEIROS           ","BENFEITORIAS PROPR. TERCEIROS           ","BENFEITORIAS PROPR. TERCEIROS           ","BENFEITORIAS PROPR. TERCEIROS           ","AMORTIZACAO DO INTANGIVEL               ","ATIVO REALIZAVEL A LONGO PRAZO          ","ATIVO NAO CIRCULANTE                    ","ATIVO                                   ","12015006            ","12015006            ","12015006            ","12015006            ","12015006            ","12015006            ","12015006            ","12015               ","1201                ","12                  ","1                   ","P |01|AK5200||"
"12015               ","2","P |01|CT1200||12015007","P |01|CT1200||12015007","P |01|CT1200||12015007","P |01|CT1200||12015007","P |01|CT1200||12015007","P |01|CT1200||12015007","P |01|CT1200||12015007","P |01|CT1200||12015","P |01|CT1200||1201","P |01|CT1200||12","P |01|CT1200||1","AGIO/GOODWILL                           ","AGIO/GOODWILL                           ","AGIO/GOODWILL                           ","AGIO/GOODWILL                           ","AGIO/GOODWILL                           ","AGIO/GOODWILL                           ","AGIO/GOODWILL                           ","AMORTIZACAO DO INTANGIVEL               ","ATIVO REALIZAVEL A LONGO PRAZO          ","ATIVO NAO CIRCULANTE                    ","ATIVO                                   ","12015007            ","12015007            ","12015007            ","12015007            ","12015007            ","12015007            ","12015007            ","12015               ","1201                ","12                  ","1                   ","P |01|AK5200||"
"12015               ","2","P |01|CT1200||12015008","P |01|CT1200||12015008","P |01|CT1200||12015008","P |01|CT1200||12015008","P |01|CT1200||12015008","P |01|CT1200||12015008","P |01|CT1200||12015008","P |01|CT1200||12015","P |01|CT1200||1201","P |01|CT1200||12","P |01|CT1200||1","CARTEIRA DE CLIENTE                     ","CARTEIRA DE CLIENTE                     ","CARTEIRA DE CLIENTE                     ","CARTEIRA DE CLIENTE                     ","CARTEIRA DE CLIENTE                     ","CARTEIRA DE CLIENTE                     ","CARTEIRA DE CLIENTE                     ","AMORTIZACAO DO INTANGIVEL               ","ATIVO REALIZAVEL A LONGO PRAZO          ","ATIVO NAO CIRCULANTE                    ","ATIVO                                   ","12015008            ","12015008            ","12015008            ","12015008            ","12015008            ","12015008            ","12015008            ","12015               ","1201                ","12                  ","1                   ","P |01|AK5200||"
"12015               ","2","P |01|CT1200||12015009","P |01|CT1200||12015009","P |01|CT1200||12015009","P |01|CT1200||12015009","P |01|CT1200||12015009","P |01|CT1200||12015009","P |01|CT1200||12015009","P |01|CT1200||12015","P |01|CT1200||1201","P |01|CT1200||12","P |01|CT1200||1","DATA MANAGER (DM SERVICES)              ","DATA MANAGER (DM SERVICES)              ","DATA MANAGER (DM SERVICES)              ","DATA MANAGER (DM SERVICES)              ","DATA MANAGER (DM SERVICES)              ","DATA MANAGER (DM SERVICES)              ","DATA MANAGER (DM SERVICES)              ","AMORTIZACAO DO INTANGIVEL               ","ATIVO REALIZAVEL A LONGO PRAZO          ","ATIVO NAO CIRCULANTE                    ","ATIVO                                   ","12015009            ","12015009            ","12015009            ","12015009            ","12015009            ","12015009            ","12015009            ","12015               ","1201                ","12                  ","1                   ","P |01|AK5200||"
"12016               ","2","P |01|CT1200||12016001","P |01|CT1200||12016001","P |01|CT1200||12016001","P |01|CT1200||12016001","P |01|CT1200||12016001","P |01|CT1200||12016001","P |01|CT1200||12016001","P |01|CT1200||12016","P |01|CT1200||1201","P |01|CT1200||12","P |01|CT1200||1","INSTALACOES COMERCIAIS                  ","INSTALACOES COMERCIAIS                  ","INSTALACOES COMERCIAIS                  ","INSTALACOES COMERCIAIS                  ","INSTALACOES COMERCIAIS                  ","INSTALACOES COMERCIAIS                  ","INSTALACOES COMERCIAIS                  ","IMOBILIZADO                             ","ATIVO REALIZAVEL A LONGO PRAZO          ","ATIVO NAO CIRCULANTE                    ","ATIVO                                   ","12016001            ","12016001            ","12016001            ","12016001            ","12016001            ","12016001            ","12016001            ","12016               ","1201                ","12                  ","1                   ","P |01|AK5200||"
"12016               ","2","P |01|CT1200||12016002","P |01|CT1200||12016002","P |01|CT1200||12016002","P |01|CT1200||12016002","P |01|CT1200||12016002","P |01|CT1200||12016002","P |01|CT1200||12016002","P |01|CT1200||12016","P |01|CT1200||1201","P |01|CT1200||12","P |01|CT1200||1","MOVEIS E UTENSILIOS                     ","MOVEIS E UTENSILIOS                     ","MOVEIS E UTENSILIOS                     ","MOVEIS E UTENSILIOS                     ","MOVEIS E UTENSILIOS                     ","MOVEIS E UTENSILIOS                     ","MOVEIS E UTENSILIOS                     ","IMOBILIZADO                             ","ATIVO REALIZAVEL A LONGO PRAZO          ","ATIVO NAO CIRCULANTE                    ","ATIVO                                   ","12016002            ","12016002            ","12016002            ","12016002            ","12016002            ","12016002            ","12016002            ","12016               ","1201                ","12                  ","1                   ","P |01|AK5200||"
"12016               ","2","P |01|CT1200||12016003","P |01|CT1200||12016003","P |01|CT1200||12016003","P |01|CT1200||12016003","P |01|CT1200||12016003","P |01|CT1200||12016003","P |01|CT1200||12016003","P |01|CT1200||12016","P |01|CT1200||1201","P |01|CT1200||12","P |01|CT1200||1","COMPUTADORES E PERIFERICOS              ","COMPUTADORES E PERIFERICOS              ","COMPUTADORES E PERIFERICOS              ","COMPUTADORES E PERIFERICOS              ","COMPUTADORES E PERIFERICOS              ","COMPUTADORES E PERIFERICOS              ","COMPUTADORES E PERIFERICOS              ","IMOBILIZADO                             ","ATIVO REALIZAVEL A LONGO PRAZO          ","ATIVO NAO CIRCULANTE                    ","ATIVO                                   ","12016003            ","12016003            ","12016003            ","12016003            ","12016003            ","12016003            ","12016003            ","12016               ","1201                ","12                  ","1                   ","P |01|AK5200||"
"12016               ","2","P |01|CT1200||12016004","P |01|CT1200||12016004","P |01|CT1200||12016004","P |01|CT1200||12016004","P |01|CT1200||12016004","P |01|CT1200||12016004","P |01|CT1200||12016004","P |01|CT1200||12016","P |01|CT1200||1201","P |01|CT1200||12","P |01|CT1200||1","EQUIPAMENTOS DE COMUNICACAO             ","EQUIPAMENTOS DE COMUNICACAO             ","EQUIPAMENTOS DE COMUNICACAO             ","EQUIPAMENTOS DE COMUNICACAO             ","EQUIPAMENTOS DE COMUNICACAO             ","EQUIPAMENTOS DE COMUNICACAO             ","EQUIPAMENTOS DE COMUNICACAO             ","IMOBILIZADO                             ","ATIVO REALIZAVEL A LONGO PRAZO          ","ATIVO NAO CIRCULANTE                    ","ATIVO                                   ","12016004            ","12016004            ","12016004            ","12016004            ","12016004            ","12016004            ","12016004            ","12016               ","1201                ","12                  ","1                   ","P |01|AK5200||"
"12016               ","2","P |01|CT1200||12016005","P |01|CT1200||12016005","P |01|CT1200||12016005","P |01|CT1200||12016005","P |01|CT1200||12016005","P |01|CT1200||12016005","P |01|CT1200||12016005","P |01|CT1200||12016","P |01|CT1200||1201","P |01|CT1200||12","P |01|CT1200||1","EQUIPAMENTOS ELETRONICOS                ","EQUIPAMENTOS ELETRONICOS                ","EQUIPAMENTOS ELETRONICOS                ","EQUIPAMENTOS ELETRONICOS                ","EQUIPAMENTOS ELETRONICOS                ","EQUIPAMENTOS ELETRONICOS                ","EQUIPAMENTOS ELETRONICOS                ","IMOBILIZADO                             ","ATIVO REALIZAVEL A LONGO PRAZO          ","ATIVO NAO CIRCULANTE                    ","ATIVO                                   ","12016005            ","12016005            ","12016005            ","12016005            ","12016005            ","12016005            ","12016005            ","12016               ","1201                ","12                  ","1                   ","P |01|AK5200||"
"12016               ","2","P |01|CT1200||12016006","P |01|CT1200||12016006","P |01|CT1200||12016006","P |01|CT1200||12016006","P |01|CT1200||12016006","P |01|CT1200||12016006","P |01|CT1200||12016006","P |01|CT1200||12016","P |01|CT1200||1201","P |01|CT1200||12","P |01|CT1200||1","VEICULOS                                ","VEICULOS                                ","VEICULOS                                ","VEICULOS                                ","VEICULOS                                ","VEICULOS                                ","VEICULOS                                ","IMOBILIZADO                             ","ATIVO REALIZAVEL A LONGO PRAZO          ","ATIVO NAO CIRCULANTE                    ","ATIVO                                   ","12016006            ","12016006            ","12016006            ","12016006            ","12016006            ","12016006            ","12016006            ","12016               ","1201                ","12                  ","1                   ","P |01|AK5200||"
"12016               ","2","P |01|CT1200||12016007","P |01|CT1200||12016007","P |01|CT1200||12016007","P |01|CT1200||12016007","P |01|CT1200||12016007","P |01|CT1200||12016007","P |01|CT1200||12016007","P |01|CT1200||12016","P |01|CT1200||1201","P |01|CT1200||12","P |01|CT1200||1","CONSORCIOS                              ","CONSORCIOS                              ","CONSORCIOS                              ","CONSORCIOS                              ","CONSORCIOS                              ","CONSORCIOS                              ","CONSORCIOS                              ","IMOBILIZADO                             ","ATIVO REALIZAVEL A LONGO PRAZO          ","ATIVO NAO CIRCULANTE                    ","ATIVO                                   ","12016007            ","12016007            ","12016007            ","12016007            ","12016007            ","12016007            ","12016007            ","12016               ","1201                ","12                  ","1                   ","P |01|AK5200||"
"12016               ","2","P |01|CT1200||12016008","P |01|CT1200||12016008","P |01|CT1200||12016008","P |01|CT1200||12016008","P |01|CT1200||12016008","P |01|CT1200||12016008","P |01|CT1200||12016008","P |01|CT1200||12016","P |01|CT1200||1201","P |01|CT1200||12","P |01|CT1200||1","CONDICIONADORES DE AR                   ","CONDICIONADORES DE AR                   ","CONDICIONADORES DE AR                   ","CONDICIONADORES DE AR                   ","CONDICIONADORES DE AR                   ","CONDICIONADORES DE AR                   ","CONDICIONADORES DE AR                   ","IMOBILIZADO                             ","ATIVO REALIZAVEL A LONGO PRAZO          ","ATIVO NAO CIRCULANTE                    ","ATIVO                                   ","12016008            ","12016008            ","12016008            ","12016008            ","12016008            ","12016008            ","12016008            ","12016               ","1201                ","12                  ","1                   ","P |01|AK5200||"
"12016               ","2","P |01|CT1200||12016009","P |01|CT1200||12016009","P |01|CT1200||12016009","P |01|CT1200||12016009","P |01|CT1200||12016009","P |01|CT1200||12016009","P |01|CT1200||12016009","P |01|CT1200||12016","P |01|CT1200||1201","P |01|CT1200||12","P |01|CT1200||1","MAQUINAS E EQUIPAMENTOS                 ","MAQUINAS E EQUIPAMENTOS                 ","MAQUINAS E EQUIPAMENTOS                 ","MAQUINAS E EQUIPAMENTOS                 ","MAQUINAS E EQUIPAMENTOS                 ","MAQUINAS E EQUIPAMENTOS                 ","MAQUINAS E EQUIPAMENTOS                 ","IMOBILIZADO                             ","ATIVO REALIZAVEL A LONGO PRAZO          ","ATIVO NAO CIRCULANTE                    ","ATIVO                                   ","12016009            ","12016009            ","12016009            ","12016009            ","12016009            ","12016009            ","12016009            ","12016               ","1201                ","12                  ","1                   ","P |01|AK5200||"
"12016               ","2","P |01|CT1200||12016010","P |01|CT1200||12016010","P |01|CT1200||12016010","P |01|CT1200||12016010","P |01|CT1200||12016010","P |01|CT1200||12016010","P |01|CT1200||12016010","P |01|CT1200||12016","P |01|CT1200||1201","P |01|CT1200||12","P |01|CT1200||1","BENFEITORIAS EM IMOVEIS DE TERCEIROS    ","BENFEITORIAS EM IMOVEIS DE TERCEIROS    ","BENFEITORIAS EM IMOVEIS DE TERCEIROS    ","BENFEITORIAS EM IMOVEIS DE TERCEIROS    ","BENFEITORIAS EM IMOVEIS DE TERCEIROS    ","BENFEITORIAS EM IMOVEIS DE TERCEIROS    ","BENFEITORIAS EM IMOVEIS DE TERCEIROS    ","IMOBILIZADO                             ","ATIVO REALIZAVEL A LONGO PRAZO          ","ATIVO NAO CIRCULANTE                    ","ATIVO                                   ","12016010            ","12016010            ","12016010            ","12016010            ","12016010            ","12016010            ","12016010            ","12016               ","1201                ","12                  ","1                   ","P |01|AK5200||"
"12016               ","2","P |01|CT1200||12016999","P |01|CT1200||12016999","P |01|CT1200||12016999","P |01|CT1200||12016999","P |01|CT1200||12016999","P |01|CT1200||12016999","P |01|CT1200||12016999","P |01|CT1200||12016","P |01|CT1200||1201","P |01|CT1200||12","P |01|CT1200||1","TRANSITORIO DE IMOBILIZADO              ","TRANSITORIO DE IMOBILIZADO              ","TRANSITORIO DE IMOBILIZADO              ","TRANSITORIO DE IMOBILIZADO              ","TRANSITORIO DE IMOBILIZADO              ","TRANSITORIO DE IMOBILIZADO              ","TRANSITORIO DE IMOBILIZADO              ","IMOBILIZADO                             ","ATIVO REALIZAVEL A LONGO PRAZO          ","ATIVO NAO CIRCULANTE                    ","ATIVO                                   ","12016999            ","12016999            ","12016999            ","12016999            ","12016999            ","12016999            ","12016999            ","12016               ","1201                ","12                  ","1                   ","P |01|AK5200||"
"12017               ","2","P |01|CT1200||12017001","P |01|CT1200||12017001","P |01|CT1200||12017001","P |01|CT1200||12017001","P |01|CT1200||12017001","P |01|CT1200||12017001","P |01|CT1200||12017001","P |01|CT1200||12017","P |01|CT1200||1201","P |01|CT1200||12","P |01|CT1200||1","SOFTWARE                                ","SOFTWARE                                ","SOFTWARE                                ","SOFTWARE                                ","SOFTWARE                                ","SOFTWARE                                ","SOFTWARE                                ","IMOBILIZACOES TECNICAS INTANGIVEIS      ","ATIVO REALIZAVEL A LONGO PRAZO          ","ATIVO NAO CIRCULANTE                    ","ATIVO                                   ","12017001            ","12017001            ","12017001            ","12017001            ","12017001            ","12017001            ","12017001            ","12017               ","1201                ","12                  ","1                   ","P |01|AK5200||"
"12017               ","2","P |01|CT1200||12017002","P |01|CT1200||12017002","P |01|CT1200||12017002","P |01|CT1200||12017002","P |01|CT1200||12017002","P |01|CT1200||12017002","P |01|CT1200||12017002","P |01|CT1200||12017","P |01|CT1200||1201","P |01|CT1200||12","P |01|CT1200||1","FUNDO DE COMERCIO ML SERVICOS           ","FUNDO DE COMERCIO ML SERVICOS           ","FUNDO DE COMERCIO ML SERVICOS           ","FUNDO DE COMERCIO ML SERVICOS           ","FUNDO DE COMERCIO ML SERVICOS           ","FUNDO DE COMERCIO ML SERVICOS           ","FUNDO DE COMERCIO ML SERVICOS           ","IMOBILIZACOES TECNICAS INTANGIVEIS      ","ATIVO REALIZAVEL A LONGO PRAZO          ","ATIVO NAO CIRCULANTE                    ","ATIVO                                   ","12017002            ","12017002            ","12017002            ","12017002            ","12017002            ","12017002            ","12017002            ","12017               ","1201                ","12                  ","1                   ","P |01|AK5200||"
"12017               ","2","P |01|CT1200||12017003","P |01|CT1200||12017003","P |01|CT1200||12017003","P |01|CT1200||12017003","P |01|CT1200||12017003","P |01|CT1200||12017003","P |01|CT1200||12017003","P |01|CT1200||12017","P |01|CT1200||1201","P |01|CT1200||12","P |01|CT1200||1","COMPRA CARTEIRA VIRTUAL AGE             ","COMPRA CARTEIRA VIRTUAL AGE             ","COMPRA CARTEIRA VIRTUAL AGE             ","COMPRA CARTEIRA VIRTUAL AGE             ","COMPRA CARTEIRA VIRTUAL AGE             ","COMPRA CARTEIRA VIRTUAL AGE             ","COMPRA CARTEIRA VIRTUAL AGE             ","IMOBILIZACOES TECNICAS INTANGIVEIS      ","ATIVO REALIZAVEL A LONGO PRAZO          ","ATIVO NAO CIRCULANTE                    ","ATIVO                                   ","12017003            ","12017003            ","12017003            ","12017003            ","12017003            ","12017003            ","12017003            ","12017               ","1201                ","12                  ","1                   ","P |01|AK5200||"
"12017               ","2","P |01|CT1200||12017004","P |01|CT1200||12017004","P |01|CT1200||12017004","P |01|CT1200||12017004","P |01|CT1200||12017004","P |01|CT1200||12017004","P |01|CT1200||12017004","P |01|CT1200||12017","P |01|CT1200||1201","P |01|CT1200||12","P |01|CT1200||1","RESULTAR - FUNDO DE COMERCIO            ","RESULTAR - FUNDO DE COMERCIO            ","RESULTAR - FUNDO DE COMERCIO            ","RESULTAR - FUNDO DE COMERCIO            ","RESULTAR - FUNDO DE COMERCIO            ","RESULTAR - FUNDO DE COMERCIO            ","RESULTAR - FUNDO DE COMERCIO            ","IMOBILIZACOES TECNICAS INTANGIVEIS      ","ATIVO REALIZAVEL A LONGO PRAZO          ","ATIVO NAO CIRCULANTE                    ","ATIVO                                   ","12017004            ","12017004            ","12017004            ","12017004            ","12017004            ","12017004            ","12017004            ","12017               ","1201                ","12                  ","1                   ","P |01|AK5200||"
"12018               ","2","P |01|CT1200||12018001","P |01|CT1200||12018001","P |01|CT1200||12018001","P |01|CT1200||12018001","P |01|CT1200||12018001","P |01|CT1200||12018001","P |01|CT1200||12018001","P |01|CT1200||12018","P |01|CT1200||1201","P |01|CT1200||12","P |01|CT1200||1","S/INSTALACOES COMERCIAIS                ","S/INSTALACOES COMERCIAIS                ","S/INSTALACOES COMERCIAIS                ","S/INSTALACOES COMERCIAIS                ","S/INSTALACOES COMERCIAIS                ","S/INSTALACOES COMERCIAIS                ","S/INSTALACOES COMERCIAIS                ","DEPRECIACOES ACUMULADAS                 ","ATIVO REALIZAVEL A LONGO PRAZO          ","ATIVO NAO CIRCULANTE                    ","ATIVO                                   ","12018001            ","12018001            ","12018001            ","12018001            ","12018001            ","12018001            ","12018001            ","12018               ","1201                ","12                  ","1                   ","P |01|AK5200||"
"12018               ","2","P |01|CT1200||12018002","P |01|CT1200||12018002","P |01|CT1200||12018002","P |01|CT1200||12018002","P |01|CT1200||12018002","P |01|CT1200||12018002","P |01|CT1200||12018002","P |01|CT1200||12018","P |01|CT1200||1201","P |01|CT1200||12","P |01|CT1200||1","S/MAQUINAS E EQUIPAMENTOS               ","S/MAQUINAS E EQUIPAMENTOS               ","S/MAQUINAS E EQUIPAMENTOS               ","S/MAQUINAS E EQUIPAMENTOS               ","S/MAQUINAS E EQUIPAMENTOS               ","S/MAQUINAS E EQUIPAMENTOS               ","S/MAQUINAS E EQUIPAMENTOS               ","DEPRECIACOES ACUMULADAS                 ","ATIVO REALIZAVEL A LONGO PRAZO          ","ATIVO NAO CIRCULANTE                    ","ATIVO                                   ","12018002            ","12018002            ","12018002            ","12018002            ","12018002            ","12018002            ","12018002            ","12018               ","1201                ","12                  ","1                   ","P |01|AK5200||"
"12018               ","2","P |01|CT1200||12018003","P |01|CT1200||12018003","P |01|CT1200||12018003","P |01|CT1200||12018003","P |01|CT1200||12018003","P |01|CT1200||12018003","P |01|CT1200||12018003","P |01|CT1200||12018","P |01|CT1200||1201","P |01|CT1200||12","P |01|CT1200||1","S/MOVEIS E UTENSILIOS                   ","S/MOVEIS E UTENSILIOS                   ","S/MOVEIS E UTENSILIOS                   ","S/MOVEIS E UTENSILIOS                   ","S/MOVEIS E UTENSILIOS                   ","S/MOVEIS E UTENSILIOS                   ","S/MOVEIS E UTENSILIOS                   ","DEPRECIACOES ACUMULADAS                 ","ATIVO REALIZAVEL A LONGO PRAZO          ","ATIVO NAO CIRCULANTE                    ","ATIVO                                   ","12018003            ","12018003            ","12018003            ","12018003            ","12018003            ","12018003            ","12018003            ","12018               ","1201                ","12                  ","1                   ","P |01|AK5200||"
"12018               ","2","P |01|CT1200||12018004","P |01|CT1200||12018004","P |01|CT1200||12018004","P |01|CT1200||12018004","P |01|CT1200||12018004","P |01|CT1200||12018004","P |01|CT1200||12018004","P |01|CT1200||12018","P |01|CT1200||1201","P |01|CT1200||12","P |01|CT1200||1","S/COMPUTADORES E PERIFERICOS            ","S/COMPUTADORES E PERIFERICOS            ","S/COMPUTADORES E PERIFERICOS            ","S/COMPUTADORES E PERIFERICOS            ","S/COMPUTADORES E PERIFERICOS            ","S/COMPUTADORES E PERIFERICOS            ","S/COMPUTADORES E PERIFERICOS            ","DEPRECIACOES ACUMULADAS                 ","ATIVO REALIZAVEL A LONGO PRAZO          ","ATIVO NAO CIRCULANTE                    ","ATIVO                                   ","12018004            ","12018004            ","12018004            ","12018004            ","12018004            ","12018004            ","12018004            ","12018               ","1201                ","12                  ","1                   ","P |01|AK5200||"
"12018               ","2","P |01|CT1200||12018005","P |01|CT1200||12018005","P |01|CT1200||12018005","P |01|CT1200||12018005","P |01|CT1200||12018005","P |01|CT1200||12018005","P |01|CT1200||12018005","P |01|CT1200||12018","P |01|CT1200||1201","P |01|CT1200||12","P |01|CT1200||1","S/EQUIPAMENTOS DE COMUNICACAO           ","S/EQUIPAMENTOS DE COMUNICACAO           ","S/EQUIPAMENTOS DE COMUNICACAO           ","S/EQUIPAMENTOS DE COMUNICACAO           ","S/EQUIPAMENTOS DE COMUNICACAO           ","S/EQUIPAMENTOS DE COMUNICACAO           ","S/EQUIPAMENTOS DE COMUNICACAO           ","DEPRECIACOES ACUMULADAS                 ","ATIVO REALIZAVEL A LONGO PRAZO          ","ATIVO NAO CIRCULANTE                    ","ATIVO                                   ","12018005            ","12018005            ","12018005            ","12018005            ","12018005            ","12018005            ","12018005            ","12018               ","1201                ","12                  ","1                   ","P |01|AK5200||"
"12018               ","2","P |01|CT1200||12018006","P |01|CT1200||12018006","P |01|CT1200||12018006","P |01|CT1200||12018006","P |01|CT1200||12018006","P |01|CT1200||12018006","P |01|CT1200||12018006","P |01|CT1200||12018","P |01|CT1200||1201","P |01|CT1200||12","P |01|CT1200||1","S/EQUIPAMENTOS ELETRONICOS              ","S/EQUIPAMENTOS ELETRONICOS              ","S/EQUIPAMENTOS ELETRONICOS              ","S/EQUIPAMENTOS ELETRONICOS              ","S/EQUIPAMENTOS ELETRONICOS              ","S/EQUIPAMENTOS ELETRONICOS              ","S/EQUIPAMENTOS ELETRONICOS              ","DEPRECIACOES ACUMULADAS                 ","ATIVO REALIZAVEL A LONGO PRAZO          ","ATIVO NAO CIRCULANTE                    ","ATIVO                                   ","12018006            ","12018006            ","12018006            ","12018006            ","12018006            ","12018006            ","12018006            ","12018               ","1201                ","12                  ","1                   ","P |01|AK5200||"
"12018               ","2","P |01|CT1200||12018007","P |01|CT1200||12018007","P |01|CT1200||12018007","P |01|CT1200||12018007","P |01|CT1200||12018007","P |01|CT1200||12018007","P |01|CT1200||12018007","P |01|CT1200||12018","P |01|CT1200||1201","P |01|CT1200||12","P |01|CT1200||1","S/SOFTWARE                              ","S/SOFTWARE                              ","S/SOFTWARE                              ","S/SOFTWARE                              ","S/SOFTWARE                              ","S/SOFTWARE                              ","S/SOFTWARE                              ","DEPRECIACOES ACUMULADAS                 ","ATIVO REALIZAVEL A LONGO PRAZO          ","ATIVO NAO CIRCULANTE                    ","ATIVO                                   ","12018007            ","12018007            ","12018007            ","12018007            ","12018007            ","12018007            ","12018007            ","12018               ","1201                ","12                  ","1                   ","P |01|AK5200||"
"12018               ","2","P |01|CT1200||12018008","P |01|CT1200||12018008","P |01|CT1200||12018008","P |01|CT1200||12018008","P |01|CT1200||12018008","P |01|CT1200||12018008","P |01|CT1200||12018008","P |01|CT1200||12018","P |01|CT1200||1201","P |01|CT1200||12","P |01|CT1200||1","S/VEICULOS                              ","S/VEICULOS                              ","S/VEICULOS                              ","S/VEICULOS                              ","S/VEICULOS                              ","S/VEICULOS                              ","S/VEICULOS                              ","DEPRECIACOES ACUMULADAS                 ","ATIVO REALIZAVEL A LONGO PRAZO          ","ATIVO NAO CIRCULANTE                    ","ATIVO                                   ","12018008            ","12018008            ","12018008            ","12018008            ","12018008            ","12018008            ","12018008            ","12018               ","1201                ","12                  ","1                   ","P |01|AK5200||"
"12019               ","2","P |01|CT1200||12019001","P |01|CT1200||12019001","P |01|CT1200||12019001","P |01|CT1200||12019001","P |01|CT1200||12019001","P |01|CT1200||12019001","P |01|CT1200||12019001","P |01|CT1200||12019","P |01|CT1200||1201","P |01|CT1200||12","P |01|CT1200||1","TRANSFERENCIAS RECURSOS MATRIZ/FILIAIS  ","TRANSFERENCIAS RECURSOS MATRIZ/FILIAIS  ","TRANSFERENCIAS RECURSOS MATRIZ/FILIAIS  ","TRANSFERENCIAS RECURSOS MATRIZ/FILIAIS  ","TRANSFERENCIAS RECURSOS MATRIZ/FILIAIS  ","TRANSFERENCIAS RECURSOS MATRIZ/FILIAIS  ","TRANSFERENCIAS RECURSOS MATRIZ/FILIAIS  ","C/CORRENTES - FILIAIS                   ","ATIVO REALIZAVEL A LONGO PRAZO          ","ATIVO NAO CIRCULANTE                    ","ATIVO                                   ","12019001            ","12019001            ","12019001            ","12019001            ","12019001            ","12019001            ","12019001            ","12019               ","1201                ","12                  ","1                   ","P |01|AK5200||"
"12019               ","2","P |01|CT1200||12019002","P |01|CT1200||12019002","P |01|CT1200||12019002","P |01|CT1200||12019002","P |01|CT1200||12019002","P |01|CT1200||12019002","P |01|CT1200||12019002","P |01|CT1200||12019","P |01|CT1200||1201","P |01|CT1200||12","P |01|CT1200||1","RATEIOS DESPESAS ENTRE UNIDADES RECEBER ","RATEIOS DESPESAS ENTRE UNIDADES RECEBER ","RATEIOS DESPESAS ENTRE UNIDADES RECEBER ","RATEIOS DESPESAS ENTRE UNIDADES RECEBER ","RATEIOS DESPESAS ENTRE UNIDADES RECEBER ","RATEIOS DESPESAS ENTRE UNIDADES RECEBER ","RATEIOS DESPESAS ENTRE UNIDADES RECEBER ","C/CORRENTES - FILIAIS                   ","ATIVO REALIZAVEL A LONGO PRAZO          ","ATIVO NAO CIRCULANTE                    ","ATIVO                                   ","12019002            ","12019002            ","12019002            ","12019002            ","12019002            ","12019002            ","12019002            ","12019               ","1201                ","12                  ","1                   ","P |01|AK5200||"
"12019               ","2","P |01|CT1200||12019003","P |01|CT1200||12019003","P |01|CT1200||12019003","P |01|CT1200||12019003","P |01|CT1200||12019003","P |01|CT1200||12019003","P |01|CT1200||12019003","P |01|CT1200||12019","P |01|CT1200||1201","P |01|CT1200||12","P |01|CT1200||1","TRANSITORIA MATRIZ/ FILIAIS             ","TRANSITORIA MATRIZ/ FILIAIS             ","TRANSITORIA MATRIZ/ FILIAIS             ","TRANSITORIA MATRIZ/ FILIAIS             ","TRANSITORIA MATRIZ/ FILIAIS             ","TRANSITORIA MATRIZ/ FILIAIS             ","TRANSITORIA MATRIZ/ FILIAIS             ","C/CORRENTES - FILIAIS                   ","ATIVO REALIZAVEL A LONGO PRAZO          ","ATIVO NAO CIRCULANTE                    ","ATIVO                                   ","12019003            ","12019003            ","12019003            ","12019003            ","12019003            ","12019003            ","12019003            ","12019               ","1201                ","12                  ","1                   ","P |01|AK5200||"
"12019               ","2","P |01|CT1200||12019004","P |01|CT1200||12019004","P |01|CT1200||12019004","P |01|CT1200||12019004","P |01|CT1200||12019004","P |01|CT1200||12019004","P |01|CT1200||12019004","P |01|CT1200||12019","P |01|CT1200||1201","P |01|CT1200||12","P |01|CT1200||1","TRANSITORIA DIVERSAS                    ","TRANSITORIA DIVERSAS                    ","TRANSITORIA DIVERSAS                    ","TRANSITORIA DIVERSAS                    ","TRANSITORIA DIVERSAS                    ","TRANSITORIA DIVERSAS                    ","TRANSITORIA DIVERSAS                    ","C/CORRENTES - FILIAIS                   ","ATIVO REALIZAVEL A LONGO PRAZO          ","ATIVO NAO CIRCULANTE                    ","ATIVO                                   ","12019004            ","12019004            ","12019004            ","12019004            ","12019004            ","12019004            ","12019004            ","12019               ","1201                ","12                  ","1                   ","P |01|AK5200||"
"12019               ","2","P |01|CT1200||12019005","P |01|CT1200||12019005","P |01|CT1200||12019005","P |01|CT1200||12019005","P |01|CT1200||12019005","P |01|CT1200||12019005","P |01|CT1200||12019005","P |01|CT1200||12019","P |01|CT1200||1201","P |01|CT1200||12","P |01|CT1200||1","TRANSITORIA DE PROVISAO FERIAS- TRANSF. ","TRANSITORIA DE PROVISAO FERIAS- TRANSF. ","TRANSITORIA DE PROVISAO FERIAS- TRANSF. ","TRANSITORIA DE PROVISAO FERIAS- TRANSF. ","TRANSITORIA DE PROVISAO FERIAS- TRANSF. ","TRANSITORIA DE PROVISAO FERIAS- TRANSF. ","TRANSITORIA DE PROVISAO FERIAS- TRANSF. ","C/CORRENTES - FILIAIS                   ","ATIVO REALIZAVEL A LONGO PRAZO          ","ATIVO NAO CIRCULANTE                    ","ATIVO                                   ","12019005            ","12019005            ","12019005            ","12019005            ","12019005            ","12019005            ","12019005            ","12019               ","1201                ","12                  ","1                   ","P |01|AK5200||"
"12019               ","2","P |01|CT1200||12019006","P |01|CT1200||12019006","P |01|CT1200||12019006","P |01|CT1200||12019006","P |01|CT1200||12019006","P |01|CT1200||12019006","P |01|CT1200||12019006","P |01|CT1200||12019","P |01|CT1200||1201","P |01|CT1200||12","P |01|CT1200||1","TRANSITORIA PROVISAO 13 SALARIO- TRANSF.","TRANSITORIA PROVISAO 13 SALARIO- TRANSF.","TRANSITORIA PROVISAO 13 SALARIO- TRANSF.","TRANSITORIA PROVISAO 13 SALARIO- TRANSF.","TRANSITORIA PROVISAO 13 SALARIO- TRANSF.","TRANSITORIA PROVISAO 13 SALARIO- TRANSF.","TRANSITORIA PROVISAO 13 SALARIO- TRANSF.","C/CORRENTES - FILIAIS                   ","ATIVO REALIZAVEL A LONGO PRAZO          ","ATIVO NAO CIRCULANTE                    ","ATIVO                                   ","12019006            ","12019006            ","12019006            ","12019006            ","12019006            ","12019006            ","12019006            ","12019               ","1201                ","12                  ","1                   ","P |01|AK5200||"
"12020               ","2","P |01|CT1200||12020001","P |01|CT1200||12020001","P |01|CT1200||12020001","P |01|CT1200||12020001","P |01|CT1200||12020001","P |01|CT1200||12020001","P |01|CT1200||12020001","P |01|CT1200||12020001","P |01|CT1200||12020","P |01|CT1200||12","P |01|CT1200||1","BB CONSORCIO GRUPO 1470 COTA 8907       ","BB CONSORCIO GRUPO 1470 COTA 8907       ","BB CONSORCIO GRUPO 1470 COTA 8907       ","BB CONSORCIO GRUPO 1470 COTA 8907       ","BB CONSORCIO GRUPO 1470 COTA 8907       ","BB CONSORCIO GRUPO 1470 COTA 8907       ","BB CONSORCIO GRUPO 1470 COTA 8907       ","BB CONSORCIO GRUPO 1470 COTA 8907       ","IMOBILIZADO EM ANDAMENTO                ","ATIVO NAO CIRCULANTE                    ","ATIVO                                   ","12020001            ","12020001            ","12020001            ","12020001            ","12020001            ","12020001            ","12020001            ","12020001            ","12020               ","12                  ","1                   ","P |01|AK5200||"
"12020               ","2","P |01|CT1200||12020002","P |01|CT1200||12020002","P |01|CT1200||12020002","P |01|CT1200||12020002","P |01|CT1200||12020002","P |01|CT1200||12020002","P |01|CT1200||12020002","P |01|CT1200||12020002","P |01|CT1200||12020","P |01|CT1200||12","P |01|CT1200||1","CONSORCIO BRADESCO GRUPO 2349 COTA 399  ","CONSORCIO BRADESCO GRUPO 2349 COTA 399  ","CONSORCIO BRADESCO GRUPO 2349 COTA 399  ","CONSORCIO BRADESCO GRUPO 2349 COTA 399  ","CONSORCIO BRADESCO GRUPO 2349 COTA 399  ","CONSORCIO BRADESCO GRUPO 2349 COTA 399  ","CONSORCIO BRADESCO GRUPO 2349 COTA 399  ","CONSORCIO BRADESCO GRUPO 2349 COTA 399  ","IMOBILIZADO EM ANDAMENTO                ","ATIVO NAO CIRCULANTE                    ","ATIVO                                   ","12020002            ","12020002            ","12020002            ","12020002            ","12020002            ","12020002            ","12020002            ","12020002            ","12020               ","12                  ","1                   ","P |01|AK5200||"
"12020               ","2","P |01|CT1200||12020003","P |01|CT1200||12020003","P |01|CT1200||12020003","P |01|CT1200||12020003","P |01|CT1200||12020003","P |01|CT1200||12020003","P |01|CT1200||12020003","P |01|CT1200||12020003","P |01|CT1200||12020","P |01|CT1200||12","P |01|CT1200||1","CONSORCIO YARIS XL GRUPO 293 COTA 268   ","CONSORCIO YARIS XL GRUPO 293 COTA 268   ","CONSORCIO YARIS XL GRUPO 293 COTA 268   ","CONSORCIO YARIS XL GRUPO 293 COTA 268   ","CONSORCIO YARIS XL GRUPO 293 COTA 268   ","CONSORCIO YARIS XL GRUPO 293 COTA 268   ","CONSORCIO YARIS XL GRUPO 293 COTA 268   ","CONSORCIO YARIS XL GRUPO 293 COTA 268   ","IMOBILIZADO EM ANDAMENTO                ","ATIVO NAO CIRCULANTE                    ","ATIVO                                   ","12020003            ","12020003            ","12020003            ","12020003            ","12020003            ","12020003            ","12020003            ","12020003            ","12020               ","12                  ","1                   ","P |01|AK5200||"
"12020               ","2","P |01|CT1200||12020004","P |01|CT1200||12020004","P |01|CT1200||12020004","P |01|CT1200||12020004","P |01|CT1200||12020004","P |01|CT1200||12020004","P |01|CT1200||12020004","P |01|CT1200||12020004","P |01|CT1200||12020","P |01|CT1200||12","P |01|CT1200||1","BB CONSORCIO GRUPO 1251 COTA 4011       ","BB CONSORCIO GRUPO 1251 COTA 4011       ","BB CONSORCIO GRUPO 1251 COTA 4011       ","BB CONSORCIO GRUPO 1251 COTA 4011       ","BB CONSORCIO GRUPO 1251 COTA 4011       ","BB CONSORCIO GRUPO 1251 COTA 4011       ","BB CONSORCIO GRUPO 1251 COTA 4011       ","BB CONSORCIO GRUPO 1251 COTA 4011       ","IMOBILIZADO EM ANDAMENTO                ","ATIVO NAO CIRCULANTE                    ","ATIVO                                   ","12020004            ","12020004            ","12020004            ","12020004            ","12020004            ","12020004            ","12020004            ","12020004            ","12020               ","12                  ","1                   ","P |01|AK5200||"
"12020               ","2","P |01|CT1200||12020005","P |01|CT1200||12020005","P |01|CT1200||12020005","P |01|CT1200||12020005","P |01|CT1200||12020005","P |01|CT1200||12020005","P |01|CT1200||12020005","P |01|CT1200||12020005","P |01|CT1200||12020","P |01|CT1200||12","P |01|CT1200||1","CONSORCIO ITAU ADESAO                   ","CONSORCIO ITAU ADESAO                   ","CONSORCIO ITAU ADESAO                   ","CONSORCIO ITAU ADESAO                   ","CONSORCIO ITAU ADESAO                   ","CONSORCIO ITAU ADESAO                   ","CONSORCIO ITAU ADESAO                   ","CONSORCIO ITAU ADESAO                   ","IMOBILIZADO EM ANDAMENTO                ","ATIVO NAO CIRCULANTE                    ","ATIVO                                   ","12020005            ","12020005            ","12020005            ","12020005            ","12020005            ","12020005            ","12020005            ","12020005            ","12020               ","12                  ","1                   ","P |01|AK5200||"
"12020               ","2","P |01|CT1200||12020006","P |01|CT1200||12020006","P |01|CT1200||12020006","P |01|CT1200||12020006","P |01|CT1200||12020006","P |01|CT1200||12020006","P |01|CT1200||12020006","P |01|CT1200||12020006","P |01|CT1200||12020","P |01|CT1200||12","P |01|CT1200||1","CONSORCIO ITAU GRUPO 050122             ","CONSORCIO ITAU GRUPO 050122             ","CONSORCIO ITAU GRUPO 050122             ","CONSORCIO ITAU GRUPO 050122             ","CONSORCIO ITAU GRUPO 050122             ","CONSORCIO ITAU GRUPO 050122             ","CONSORCIO ITAU GRUPO 050122             ","CONSORCIO ITAU GRUPO 050122             ","IMOBILIZADO EM ANDAMENTO                ","ATIVO NAO CIRCULANTE                    ","ATIVO                                   ","12020006            ","12020006            ","12020006            ","12020006            ","12020006            ","12020006            ","12020006            ","12020006            ","12020               ","12                  ","1                   ","P |01|AK5200||"
"12021               ","2","P |01|CT1200||12021001","P |01|CT1200||12021001","P |01|CT1200||12021001","P |01|CT1200||12021001","P |01|CT1200||12021001","P |01|CT1200||12021001","P |01|CT1200||12021001","P |01|CT1200||12021001","P |01|CT1200||12021","P |01|CT1200||12","P |01|CT1200||1","AGIO RESULTAR SERVICOS - ALMIR          ","AGIO RESULTAR SERVICOS - ALMIR          ","AGIO RESULTAR SERVICOS - ALMIR          ","AGIO RESULTAR SERVICOS - ALMIR          ","AGIO RESULTAR SERVICOS - ALMIR          ","AGIO RESULTAR SERVICOS - ALMIR          ","AGIO RESULTAR SERVICOS - ALMIR          ","AGIO RESULTAR SERVICOS - ALMIR          ","AGIO AQUISICAO DE INVESTIMENTOS         ","ATIVO NAO CIRCULANTE                    ","ATIVO                                   ","12021001            ","12021001            ","12021001            ","12021001            ","12021001            ","12021001            ","12021001            ","12021001            ","12021               ","12                  ","1                   ","P |01|AK5200||"
"12021               ","2","P |01|CT1200||12021002","P |01|CT1200||12021002","P |01|CT1200||12021002","P |01|CT1200||12021002","P |01|CT1200||12021002","P |01|CT1200||12021002","P |01|CT1200||12021002","P |01|CT1200||12021002","P |01|CT1200||12021","P |01|CT1200||12","P |01|CT1200||1","DATA MANAGER (DM SERVICE)               ","DATA MANAGER (DM SERVICE)               ","DATA MANAGER (DM SERVICE)               ","DATA MANAGER (DM SERVICE)               ","DATA MANAGER (DM SERVICE)               ","DATA MANAGER (DM SERVICE)               ","DATA MANAGER (DM SERVICE)               ","DATA MANAGER (DM SERVICE)               ","AGIO AQUISICAO DE INVESTIMENTOS         ","ATIVO NAO CIRCULANTE                    ","ATIVO                                   ","12021002            ","12021002            ","12021002            ","12021002            ","12021002            ","12021002            ","12021002            ","12021002            ","12021               ","12                  ","1                   ","P |01|AK5200||"
"2                   ","1","P |01|CT1200||21","P |01|CT1200||21","P |01|CT1200||21","P |01|CT1200||21","P |01|CT1200||21","P |01|CT1200||21","P |01|CT1200||21","P |01|CT1200||21","P |01|CT1200||21","P |01|CT1200||21","P |01|CT1200||2","PASSIVO CIRCULANTE                      ","PASSIVO CIRCULANTE                      ","PASSIVO CIRCULANTE                      ","PASSIVO CIRCULANTE                      ","PASSIVO CIRCULANTE                      ","PASSIVO CIRCULANTE                      ","PASSIVO CIRCULANTE                      ","PASSIVO CIRCULANTE                      ","PASSIVO CIRCULANTE                      ","PASSIVO CIRCULANTE                      ","PASSIVO                                 ","21                  ","21                  ","21                  ","21                  ","21                  ","21                  ","21                  ","21                  ","21                  ","21                  ","2                   ","P |01|AK5200||"
"2                   ","1","P |01|CT1200||22","P |01|CT1200||22","P |01|CT1200||22","P |01|CT1200||22","P |01|CT1200||22","P |01|CT1200||22","P |01|CT1200||22","P |01|CT1200||22","P |01|CT1200||22","P |01|CT1200||22","P |01|CT1200||2","PASSIVO NÃO CIRCULANTE                  ","PASSIVO NÃO CIRCULANTE                  ","PASSIVO NÃO CIRCULANTE                  ","PASSIVO NÃO CIRCULANTE                  ","PASSIVO NÃO CIRCULANTE                  ","PASSIVO NÃO CIRCULANTE                  ","PASSIVO NÃO CIRCULANTE                  ","PASSIVO NÃO CIRCULANTE                  ","PASSIVO NÃO CIRCULANTE                  ","PASSIVO NÃO CIRCULANTE                  ","PASSIVO                                 ","22                  ","22                  ","22                  ","22                  ","22                  ","22                  ","22                  ","22                  ","22                  ","22                  ","2                   ","P |01|AK5200||"
"2                   ","1","P |01|CT1200||23","P |01|CT1200||23","P |01|CT1200||23","P |01|CT1200||23","P |01|CT1200||23","P |01|CT1200||23","P |01|CT1200||23","P |01|CT1200||23","P |01|CT1200||23","P |01|CT1200||23","P |01|CT1200||2","PATRIMONIO LIQUIDO                      ","PATRIMONIO LIQUIDO                      ","PATRIMONIO LIQUIDO                      ","PATRIMONIO LIQUIDO                      ","PATRIMONIO LIQUIDO                      ","PATRIMONIO LIQUIDO                      ","PATRIMONIO LIQUIDO                      ","PATRIMONIO LIQUIDO                      ","PATRIMONIO LIQUIDO                      ","PATRIMONIO LIQUIDO                      ","PASSIVO                                 ","23                  ","23                  ","23                  ","23                  ","23                  ","23                  ","23                  ","23                  ","23                  ","23                  ","2                   ","P |01|AK5200||"
"21                  ","1","P |01|CT1200||2101","P |01|CT1200||2101","P |01|CT1200||2101","P |01|CT1200||2101","P |01|CT1200||2101","P |01|CT1200||2101","P |01|CT1200||2101","P |01|CT1200||2101","P |01|CT1200||2101","P |01|CT1200||21","P |01|CT1200||2","EXIGIVEIS A CURTO PRAZO                 ","EXIGIVEIS A CURTO PRAZO                 ","EXIGIVEIS A CURTO PRAZO                 ","EXIGIVEIS A CURTO PRAZO                 ","EXIGIVEIS A CURTO PRAZO                 ","EXIGIVEIS A CURTO PRAZO                 ","EXIGIVEIS A CURTO PRAZO                 ","EXIGIVEIS A CURTO PRAZO                 ","EXIGIVEIS A CURTO PRAZO                 ","PASSIVO CIRCULANTE                      ","PASSIVO                                 ","2101                ","2101                ","2101                ","2101                ","2101                ","2101                ","2101                ","2101                ","2101                ","21                  ","2                   ","P |01|AK5200||"
"21                  ","1","P |01|CT1200||2102","P |01|CT1200||2102","P |01|CT1200||2102","P |01|CT1200||2102","P |01|CT1200||2102","P |01|CT1200||2102","P |01|CT1200||2102","P |01|CT1200||2102","P |01|CT1200||2102","P |01|CT1200||21","P |01|CT1200||2","OUTROS                                  ","OUTROS                                  ","OUTROS                                  ","OUTROS                                  ","OUTROS                                  ","OUTROS                                  ","OUTROS                                  ","OUTROS                                  ","OUTROS                                  ","PASSIVO CIRCULANTE                      ","PASSIVO                                 ","2102                ","2102                ","2102                ","2102                ","2102                ","2102                ","2102                ","2102                ","2102                ","21                  ","2                   ","P |01|AK5200||"
"21                  ","1","P |01|CT1200||2103","P |01|CT1200||2103","P |01|CT1200||2103","P |01|CT1200||2103","P |01|CT1200||2103","P |01|CT1200||2103","P |01|CT1200||2103","P |01|CT1200||2103","P |01|CT1200||2103","P |01|CT1200||21","P |01|CT1200||2","PROVISOES                               ","PROVISOES                               ","PROVISOES                               ","PROVISOES                               ","PROVISOES                               ","PROVISOES                               ","PROVISOES                               ","PROVISOES                               ","PROVISOES                               ","PASSIVO CIRCULANTE                      ","PASSIVO                                 ","2103                ","2103                ","2103                ","2103                ","2103                ","2103                ","2103                ","2103                ","2103                ","21                  ","2                   ","P |01|AK5200||"
"21                  ","1","P |01|CT1200||2104","P |01|CT1200||2104","P |01|CT1200||2104","P |01|CT1200||2104","P |01|CT1200||2104","P |01|CT1200||2104","P |01|CT1200||2104","P |01|CT1200||2104","P |01|CT1200||2104","P |01|CT1200||21","P |01|CT1200||2","AJUSTE BUBA                             ","AJUSTE BUBA                             ","AJUSTE BUBA                             ","AJUSTE BUBA                             ","AJUSTE BUBA                             ","AJUSTE BUBA                             ","AJUSTE BUBA                             ","AJUSTE BUBA                             ","AJUSTE BUBA                             ","PASSIVO CIRCULANTE                      ","PASSIVO                                 ","2104                ","2104                ","2104                ","2104                ","2104                ","2104                ","2104                ","2104                ","2104                ","21                  ","2                   ","P |01|AK5200||"
"2101                ","1","P |01|CT1200||21011","P |01|CT1200||21011","P |01|CT1200||21011","P |01|CT1200||21011","P |01|CT1200||21011","P |01|CT1200||21011","P |01|CT1200||21011","P |01|CT1200||21011","P |01|CT1200||2101","P |01|CT1200||21","P |01|CT1200||2","FORNECEDORES                            ","FORNECEDORES                            ","FORNECEDORES                            ","FORNECEDORES                            ","FORNECEDORES                            ","FORNECEDORES                            ","FORNECEDORES                            ","FORNECEDORES                            ","EXIGIVEIS A CURTO PRAZO                 ","PASSIVO CIRCULANTE                      ","PASSIVO                                 ","21011               ","21011               ","21011               ","21011               ","21011               ","21011               ","21011               ","21011               ","2101                ","21                  ","2                   ","P |01|AK5200||"
"2101                ","1","P |01|CT1200||21012","P |01|CT1200||21012","P |01|CT1200||21012","P |01|CT1200||21012","P |01|CT1200||21012","P |01|CT1200||21012","P |01|CT1200||21012","P |01|CT1200||21012","P |01|CT1200||2101","P |01|CT1200||21","P |01|CT1200||2","OBRIGACOES TRABALHISTA E PREVIDENCIARIAS","OBRIGACOES TRABALHISTA E PREVIDENCIARIAS","OBRIGACOES TRABALHISTA E PREVIDENCIARIAS","OBRIGACOES TRABALHISTA E PREVIDENCIARIAS","OBRIGACOES TRABALHISTA E PREVIDENCIARIAS","OBRIGACOES TRABALHISTA E PREVIDENCIARIAS","OBRIGACOES TRABALHISTA E PREVIDENCIARIAS","OBRIGACOES TRABALHISTA E PREVIDENCIARIAS","EXIGIVEIS A CURTO PRAZO                 ","PASSIVO CIRCULANTE                      ","PASSIVO                                 ","21012               ","21012               ","21012               ","21012               ","21012               ","21012               ","21012               ","21012               ","2101                ","21                  ","2                   ","P |01|AK5200||"
"2101                ","1","P |01|CT1200||21013","P |01|CT1200||21013","P |01|CT1200||21013","P |01|CT1200||21013","P |01|CT1200||21013","P |01|CT1200||21013","P |01|CT1200||21013","P |01|CT1200||21013","P |01|CT1200||2101","P |01|CT1200||21","P |01|CT1200||2","OBRIGACOES TRIBUTARIAS                  ","OBRIGACOES TRIBUTARIAS                  ","OBRIGACOES TRIBUTARIAS                  ","OBRIGACOES TRIBUTARIAS                  ","OBRIGACOES TRIBUTARIAS                  ","OBRIGACOES TRIBUTARIAS                  ","OBRIGACOES TRIBUTARIAS                  ","OBRIGACOES TRIBUTARIAS                  ","EXIGIVEIS A CURTO PRAZO                 ","PASSIVO CIRCULANTE                      ","PASSIVO                                 ","21013               ","21013               ","21013               ","21013               ","21013               ","21013               ","21013               ","21013               ","2101                ","21                  ","2                   ","P |01|AK5200||"
"2101                ","1","P |01|CT1200||21014","P |01|CT1200||21014","P |01|CT1200||21014","P |01|CT1200||21014","P |01|CT1200||21014","P |01|CT1200||21014","P |01|CT1200||21014","P |01|CT1200||21014","P |01|CT1200||2101","P |01|CT1200||21","P |01|CT1200||2","OUTROS VALORES A PAGAR                  ","OUTROS VALORES A PAGAR                  ","OUTROS VALORES A PAGAR                  ","OUTROS VALORES A PAGAR                  ","OUTROS VALORES A PAGAR                  ","OUTROS VALORES A PAGAR                  ","OUTROS VALORES A PAGAR                  ","OUTROS VALORES A PAGAR                  ","EXIGIVEIS A CURTO PRAZO                 ","PASSIVO CIRCULANTE                      ","PASSIVO                                 ","21014               ","21014               ","21014               ","21014               ","21014               ","21014               ","21014               ","21014               ","2101                ","21                  ","2                   ","P |01|AK5200||"
"2101                ","1","P |01|CT1200||21015","P |01|CT1200||21015","P |01|CT1200||21015","P |01|CT1200||21015","P |01|CT1200||21015","P |01|CT1200||21015","P |01|CT1200||21015","P |01|CT1200||21015","P |01|CT1200||2101","P |01|CT1200||21","P |01|CT1200||2","EMPRESTIMOS BANCARIOS                   ","EMPRESTIMOS BANCARIOS                   ","EMPRESTIMOS BANCARIOS                   ","EMPRESTIMOS BANCARIOS                   ","EMPRESTIMOS BANCARIOS                   ","EMPRESTIMOS BANCARIOS                   ","EMPRESTIMOS BANCARIOS                   ","EMPRESTIMOS BANCARIOS                   ","EXIGIVEIS A CURTO PRAZO                 ","PASSIVO CIRCULANTE                      ","PASSIVO                                 ","21015               ","21015               ","21015               ","21015               ","21015               ","21015               ","21015               ","21015               ","2101                ","21                  ","2                   ","P |01|AK5200||"
"2101                ","1","P |01|CT1200||21016","P |01|CT1200||21016","P |01|CT1200||21016","P |01|CT1200||21016","P |01|CT1200||21016","P |01|CT1200||21016","P |01|CT1200||21016","P |01|CT1200||21016","P |01|CT1200||2101","P |01|CT1200||21","P |01|CT1200||2","OUTROS EMPRESTIMOS                      ","OUTROS EMPRESTIMOS                      ","OUTROS EMPRESTIMOS                      ","OUTROS EMPRESTIMOS                      ","OUTROS EMPRESTIMOS                      ","OUTROS EMPRESTIMOS                      ","OUTROS EMPRESTIMOS                      ","OUTROS EMPRESTIMOS                      ","EXIGIVEIS A CURTO PRAZO                 ","PASSIVO CIRCULANTE                      ","PASSIVO                                 ","21016               ","21016               ","21016               ","21016               ","21016               ","21016               ","21016               ","21016               ","2101                ","21                  ","2                   ","P |01|AK5200||"
"2101                ","1","P |01|CT1200||21017","P |01|CT1200||21017","P |01|CT1200||21017","P |01|CT1200||21017","P |01|CT1200||21017","P |01|CT1200||21017","P |01|CT1200||21017","P |01|CT1200||21017","P |01|CT1200||2101","P |01|CT1200||21","P |01|CT1200||2","ADIANTAMENTO DE DIVIDENDOS              ","ADIANTAMENTO DE DIVIDENDOS              ","ADIANTAMENTO DE DIVIDENDOS              ","ADIANTAMENTO DE DIVIDENDOS              ","ADIANTAMENTO DE DIVIDENDOS              ","ADIANTAMENTO DE DIVIDENDOS              ","ADIANTAMENTO DE DIVIDENDOS              ","ADIANTAMENTO DE DIVIDENDOS              ","EXIGIVEIS A CURTO PRAZO                 ","PASSIVO CIRCULANTE                      ","PASSIVO                                 ","21017               ","21017               ","21017               ","21017               ","21017               ","21017               ","21017               ","21017               ","2101                ","21                  ","2                   ","P |01|AK5200||"
"2101                ","1","P |01|CT1200||21018","P |01|CT1200||21018","P |01|CT1200||21018","P |01|CT1200||21018","P |01|CT1200||21018","P |01|CT1200||21018","P |01|CT1200||21018","P |01|CT1200||21018","P |01|CT1200||2101","P |01|CT1200||21","P |01|CT1200||2","DIVIDENDOS A PAGAR                      ","DIVIDENDOS A PAGAR                      ","DIVIDENDOS A PAGAR                      ","DIVIDENDOS A PAGAR                      ","DIVIDENDOS A PAGAR                      ","DIVIDENDOS A PAGAR                      ","DIVIDENDOS A PAGAR                      ","DIVIDENDOS A PAGAR                      ","EXIGIVEIS A CURTO PRAZO                 ","PASSIVO CIRCULANTE                      ","PASSIVO                                 ","21018               ","21018               ","21018               ","21018               ","21018               ","21018               ","21018               ","21018               ","2101                ","21                  ","2                   ","P |01|AK5200||"
"2101                ","1","P |01|CT1200||21019","P |01|CT1200||21019","P |01|CT1200||21019","P |01|CT1200||21019","P |01|CT1200||21019","P |01|CT1200||21019","P |01|CT1200||21019","P |01|CT1200||21019","P |01|CT1200||2101","P |01|CT1200||21","P |01|CT1200||2","PROVISOES                               ","PROVISOES                               ","PROVISOES                               ","PROVISOES                               ","PROVISOES                               ","PROVISOES                               ","PROVISOES                               ","PROVISOES                               ","EXIGIVEIS A CURTO PRAZO                 ","PASSIVO CIRCULANTE                      ","PASSIVO                                 ","21019               ","21019               ","21019               ","21019               ","21019               ","21019               ","21019               ","21019               ","2101                ","21                  ","2                   ","P |01|AK5200||"
"21011               ","2","P |01|CT1200||21011001","P |01|CT1200||21011001","P |01|CT1200||21011001","P |01|CT1200||21011001","P |01|CT1200||21011001","P |01|CT1200||21011001","P |01|CT1200||21011001","P |01|CT1200||21011","P |01|CT1200||2101","P |01|CT1200||21","P |01|CT1200||2","FORNECEDORES DIVERSOS                   ","FORNECEDORES DIVERSOS                   ","FORNECEDORES DIVERSOS                   ","FORNECEDORES DIVERSOS                   ","FORNECEDORES DIVERSOS                   ","FORNECEDORES DIVERSOS                   ","FORNECEDORES DIVERSOS                   ","FORNECEDORES                            ","EXIGIVEIS A CURTO PRAZO                 ","PASSIVO CIRCULANTE                      ","PASSIVO                                 ","21011001            ","21011001            ","21011001            ","21011001            ","21011001            ","21011001            ","21011001            ","21011               ","2101                ","21                  ","2                   ","P |01|AK5200||"
"21011               ","2","P |01|CT1200||21011002","P |01|CT1200||21011002","P |01|CT1200||21011002","P |01|CT1200||21011002","P |01|CT1200||21011002","P |01|CT1200||21011002","P |01|CT1200||21011002","P |01|CT1200||21011","P |01|CT1200||2101","P |01|CT1200||21","P |01|CT1200||2","PRESTADORES SERVICOS                    ","PRESTADORES SERVICOS                    ","PRESTADORES SERVICOS                    ","PRESTADORES SERVICOS                    ","PRESTADORES SERVICOS                    ","PRESTADORES SERVICOS                    ","PRESTADORES SERVICOS                    ","FORNECEDORES                            ","EXIGIVEIS A CURTO PRAZO                 ","PASSIVO CIRCULANTE                      ","PASSIVO                                 ","21011002            ","21011002            ","21011002            ","21011002            ","21011002            ","21011002            ","21011002            ","21011               ","2101                ","21                  ","2                   ","P |01|AK5200||"
"21011               ","2","P |01|CT1200||21011003","P |01|CT1200||21011003","P |01|CT1200||21011003","P |01|CT1200||21011003","P |01|CT1200||21011003","P |01|CT1200||21011003","P |01|CT1200||21011003","P |01|CT1200||21011","P |01|CT1200||2101","P |01|CT1200||21","P |01|CT1200||2","COMPRAS COM CARTAO DE CREDITO A PAGAR   ","COMPRAS COM CARTAO DE CREDITO A PAGAR   ","COMPRAS COM CARTAO DE CREDITO A PAGAR   ","COMPRAS COM CARTAO DE CREDITO A PAGAR   ","COMPRAS COM CARTAO DE CREDITO A PAGAR   ","COMPRAS COM CARTAO DE CREDITO A PAGAR   ","COMPRAS COM CARTAO DE CREDITO A PAGAR   ","FORNECEDORES                            ","EXIGIVEIS A CURTO PRAZO                 ","PASSIVO CIRCULANTE                      ","PASSIVO                                 ","21011003            ","21011003            ","21011003            ","21011003            ","21011003            ","21011003            ","21011003            ","21011               ","2101                ","21                  ","2                   ","P |01|AK5200||"
"21011               ","2","P |01|CT1200||21011005","P |01|CT1200||21011005","P |01|CT1200||21011005","P |01|CT1200||21011005","P |01|CT1200||21011005","P |01|CT1200||21011005","P |01|CT1200||21011005","P |01|CT1200||21011","P |01|CT1200||2101","P |01|CT1200||21","P |01|CT1200||2","RATEIOS ENTRE UNIDADES A PAGAR          ","RATEIOS ENTRE UNIDADES A PAGAR          ","RATEIOS ENTRE UNIDADES A PAGAR          ","RATEIOS ENTRE UNIDADES A PAGAR          ","RATEIOS ENTRE UNIDADES A PAGAR          ","RATEIOS ENTRE UNIDADES A PAGAR          ","RATEIOS ENTRE UNIDADES A PAGAR          ","FORNECEDORES                            ","EXIGIVEIS A CURTO PRAZO                 ","PASSIVO CIRCULANTE                      ","PASSIVO                                 ","21011005            ","21011005            ","21011005            ","21011005            ","21011005            ","21011005            ","21011005            ","21011               ","2101                ","21                  ","2                   ","P |01|AK5200||"
"21011               ","2","P |01|CT1200||21011008","P |01|CT1200||21011008","P |01|CT1200||21011008","P |01|CT1200||21011008","P |01|CT1200||21011008","P |01|CT1200||21011008","P |01|CT1200||21011008","P |01|CT1200||21011","P |01|CT1200||2101","P |01|CT1200||21","P |01|CT1200||2","ADIANTAMENTO DE CLIENTES                ","ADIANTAMENTO DE CLIENTES                ","ADIANTAMENTO DE CLIENTES                ","ADIANTAMENTO DE CLIENTES                ","ADIANTAMENTO DE CLIENTES                ","ADIANTAMENTO DE CLIENTES                ","ADIANTAMENTO DE CLIENTES                ","FORNECEDORES                            ","EXIGIVEIS A CURTO PRAZO                 ","PASSIVO CIRCULANTE                      ","PASSIVO                                 ","21011008            ","21011008            ","21011008            ","21011008            ","21011008            ","21011008            ","21011008            ","21011               ","2101                ","21                  ","2                   ","P |01|AK5200||"
"21011               ","2","P |01|CT1200||21011009","P |01|CT1200||21011009","P |01|CT1200||21011009","P |01|CT1200||21011009","P |01|CT1200||21011009","P |01|CT1200||21011009","P |01|CT1200||21011009","P |01|CT1200||21011","P |01|CT1200||2101","P |01|CT1200||21","P |01|CT1200||2","CREDITOS RECEBIDOS A CLASSIFICAR        ","CREDITOS RECEBIDOS A CLASSIFICAR        ","CREDITOS RECEBIDOS A CLASSIFICAR        ","CREDITOS RECEBIDOS A CLASSIFICAR        ","CREDITOS RECEBIDOS A CLASSIFICAR        ","CREDITOS RECEBIDOS A CLASSIFICAR        ","CREDITOS RECEBIDOS A CLASSIFICAR        ","FORNECEDORES                            ","EXIGIVEIS A CURTO PRAZO                 ","PASSIVO CIRCULANTE                      ","PASSIVO                                 ","21011009            ","21011009            ","21011009            ","21011009            ","21011009            ","21011009            ","21011009            ","21011               ","2101                ","21                  ","2                   ","P |01|AK5200||"
"21011               ","2","P |01|CT1200||21011010","P |01|CT1200||21011010","P |01|CT1200||21011010","P |01|CT1200||21011010","P |01|CT1200||21011010","P |01|CT1200||21011010","P |01|CT1200||21011010","P |01|CT1200||21011","P |01|CT1200||2101","P |01|CT1200||21","P |01|CT1200||2","ADIANTAMENTO DIST. LUCRO WAYUP SERVICOS ","ADIANTAMENTO DIST. LUCRO WAYUP SERVICOS ","ADIANTAMENTO DIST. LUCRO WAYUP SERVICOS ","ADIANTAMENTO DIST. LUCRO WAYUP SERVICOS ","ADIANTAMENTO DIST. LUCRO WAYUP SERVICOS ","ADIANTAMENTO DIST. LUCRO WAYUP SERVICOS ","ADIANTAMENTO DIST. LUCRO WAYUP SERVICOS ","FORNECEDORES                            ","EXIGIVEIS A CURTO PRAZO                 ","PASSIVO CIRCULANTE                      ","PASSIVO                                 ","21011010            ","21011010            ","21011010            ","21011010            ","21011010            ","21011010            ","21011010            ","21011               ","2101                ","21                  ","2                   ","P |01|AK5200||"
"21011               ","2","P |01|CT1200||21011011","P |01|CT1200||21011011","P |01|CT1200||21011011","P |01|CT1200||21011011","P |01|CT1200||21011011","P |01|CT1200||21011011","P |01|CT1200||21011011","P |01|CT1200||21011","P |01|CT1200||2101","P |01|CT1200||21","P |01|CT1200||2","ADIANTAMENTO DIST. LUCRO WAYUP SJRP     ","ADIANTAMENTO DIST. LUCRO WAYUP SJRP     ","ADIANTAMENTO DIST. LUCRO WAYUP SJRP     ","ADIANTAMENTO DIST. LUCRO WAYUP SJRP     ","ADIANTAMENTO DIST. LUCRO WAYUP SJRP     ","ADIANTAMENTO DIST. LUCRO WAYUP SJRP     ","ADIANTAMENTO DIST. LUCRO WAYUP SJRP     ","FORNECEDORES                            ","EXIGIVEIS A CURTO PRAZO                 ","PASSIVO CIRCULANTE                      ","PASSIVO                                 ","21011011            ","21011011            ","21011011            ","21011011            ","21011011            ","21011011            ","21011011            ","21011               ","2101                ","21                  ","2                   ","P |01|AK5200||"
"21012               ","2","P |01|CT1200||21012001","P |01|CT1200||21012001","P |01|CT1200||21012001","P |01|CT1200||21012001","P |01|CT1200||21012001","P |01|CT1200||21012001","P |01|CT1200||21012001","P |01|CT1200||21012","P |01|CT1200||2101","P |01|CT1200||21","P |01|CT1200||2","SALARIOS E ORDENADOS A PAGAR            ","SALARIOS E ORDENADOS A PAGAR            ","SALARIOS E ORDENADOS A PAGAR            ","SALARIOS E ORDENADOS A PAGAR            ","SALARIOS E ORDENADOS A PAGAR            ","SALARIOS E ORDENADOS A PAGAR            ","SALARIOS E ORDENADOS A PAGAR            ","OBRIGACOES TRABALHISTA E PREVIDENCIARIAS","EXIGIVEIS A CURTO PRAZO                 ","PASSIVO CIRCULANTE                      ","PASSIVO                                 ","21012001            ","21012001            ","21012001            ","21012001            ","21012001            ","21012001            ","21012001            ","21012               ","2101                ","21                  ","2                   ","P |01|AK5200||"
"21012               ","2","P |01|CT1200||21012002","P |01|CT1200||21012002","P |01|CT1200||21012002","P |01|CT1200||21012002","P |01|CT1200||21012002","P |01|CT1200||21012002","P |01|CT1200||21012002","P |01|CT1200||21012","P |01|CT1200||2101","P |01|CT1200||21","P |01|CT1200||2","PRO LABORE A PAGAR                      ","PRO LABORE A PAGAR                      ","PRO LABORE A PAGAR                      ","PRO LABORE A PAGAR                      ","PRO LABORE A PAGAR                      ","PRO LABORE A PAGAR                      ","PRO LABORE A PAGAR                      ","OBRIGACOES TRABALHISTA E PREVIDENCIARIAS","EXIGIVEIS A CURTO PRAZO                 ","PASSIVO CIRCULANTE                      ","PASSIVO                                 ","21012002            ","21012002            ","21012002            ","21012002            ","21012002            ","21012002            ","21012002            ","21012               ","2101                ","21                  ","2                   ","P |01|AK5200||"
"21012               ","2","P |01|CT1200||21012003","P |01|CT1200||21012003","P |01|CT1200||21012003","P |01|CT1200||21012003","P |01|CT1200||21012003","P |01|CT1200||21012003","P |01|CT1200||21012003","P |01|CT1200||21012","P |01|CT1200||2101","P |01|CT1200||21","P |01|CT1200||2","RESCISOES TRABALHISTAS A PAGAR          ","RESCISOES TRABALHISTAS A PAGAR          ","RESCISOES TRABALHISTAS A PAGAR          ","RESCISOES TRABALHISTAS A PAGAR          ","RESCISOES TRABALHISTAS A PAGAR          ","RESCISOES TRABALHISTAS A PAGAR          ","RESCISOES TRABALHISTAS A PAGAR          ","OBRIGACOES TRABALHISTA E PREVIDENCIARIAS","EXIGIVEIS A CURTO PRAZO                 ","PASSIVO CIRCULANTE                      ","PASSIVO                                 ","21012003            ","21012003            ","21012003            ","21012003            ","21012003            ","21012003            ","21012003            ","21012               ","2101                ","21                  ","2                   ","P |01|AK5200||"
"21012               ","2","P |01|CT1200||21012004","P |01|CT1200||21012004","P |01|CT1200||21012004","P |01|CT1200||21012004","P |01|CT1200||21012004","P |01|CT1200||21012004","P |01|CT1200||21012004","P |01|CT1200||21012","P |01|CT1200||2101","P |01|CT1200||21","P |01|CT1200||2","INSS A RECOLHER                         ","INSS A RECOLHER                         ","INSS A RECOLHER                         ","INSS A RECOLHER                         ","INSS A RECOLHER                         ","INSS A RECOLHER                         ","INSS A RECOLHER                         ","OBRIGACOES TRABALHISTA E PREVIDENCIARIAS","EXIGIVEIS A CURTO PRAZO                 ","PASSIVO CIRCULANTE                      ","PASSIVO                                 ","21012004            ","21012004            ","21012004            ","21012004            ","21012004            ","21012004            ","21012004            ","21012               ","2101                ","21                  ","2                   ","P |01|AK5200||"
"21012               ","2","P |01|CT1200||21012005","P |01|CT1200||21012005","P |01|CT1200||21012005","P |01|CT1200||21012005","P |01|CT1200||21012005","P |01|CT1200||21012005","P |01|CT1200||21012005","P |01|CT1200||21012","P |01|CT1200||2101","P |01|CT1200||21","P |01|CT1200||2","FGTS A RECOLHER                         ","FGTS A RECOLHER                         ","FGTS A RECOLHER                         ","FGTS A RECOLHER                         ","FGTS A RECOLHER                         ","FGTS A RECOLHER                         ","FGTS A RECOLHER                         ","OBRIGACOES TRABALHISTA E PREVIDENCIARIAS","EXIGIVEIS A CURTO PRAZO                 ","PASSIVO CIRCULANTE                      ","PASSIVO                                 ","21012005            ","21012005            ","21012005            ","21012005            ","21012005            ","21012005            ","21012005            ","21012               ","2101                ","21                  ","2                   ","P |01|AK5200||"
"21012               ","2","P |01|CT1200||21012006","P |01|CT1200||21012006","P |01|CT1200||21012006","P |01|CT1200||21012006","P |01|CT1200||21012006","P |01|CT1200||21012006","P |01|CT1200||21012006","P |01|CT1200||21012","P |01|CT1200||2101","P |01|CT1200||21","P |01|CT1200||2","IRRF S/ FOLHA                           ","IRRF S/ FOLHA                           ","IRRF S/ FOLHA                           ","IRRF S/ FOLHA                           ","IRRF S/ FOLHA                           ","IRRF S/ FOLHA                           ","IRRF S/ FOLHA                           ","OBRIGACOES TRABALHISTA E PREVIDENCIARIAS","EXIGIVEIS A CURTO PRAZO                 ","PASSIVO CIRCULANTE                      ","PASSIVO                                 ","21012006            ","21012006            ","21012006            ","21012006            ","21012006            ","21012006            ","21012006            ","21012               ","2101                ","21                  ","2                   ","P |01|AK5200||"
"21012               ","2","P |01|CT1200||21012007","P |01|CT1200||21012007","P |01|CT1200||21012007","P |01|CT1200||21012007","P |01|CT1200||21012007","P |01|CT1200||21012007","P |01|CT1200||21012007","P |01|CT1200||21012","P |01|CT1200||2101","P |01|CT1200||21","P |01|CT1200||2","IRRF S/ PRO-LABORE                      ","IRRF S/ PRO-LABORE                      ","IRRF S/ PRO-LABORE                      ","IRRF S/ PRO-LABORE                      ","IRRF S/ PRO-LABORE                      ","IRRF S/ PRO-LABORE                      ","IRRF S/ PRO-LABORE                      ","OBRIGACOES TRABALHISTA E PREVIDENCIARIAS","EXIGIVEIS A CURTO PRAZO                 ","PASSIVO CIRCULANTE                      ","PASSIVO                                 ","21012007            ","21012007            ","21012007            ","21012007            ","21012007            ","21012007            ","21012007            ","21012               ","2101                ","21                  ","2                   ","P |01|AK5200||"
"21012               ","2","P |01|CT1200||21012008","P |01|CT1200||21012008","P |01|CT1200||21012008","P |01|CT1200||21012008","P |01|CT1200||21012008","P |01|CT1200||21012008","P |01|CT1200||21012008","P |01|CT1200||21012","P |01|CT1200||2101","P |01|CT1200||21","P |01|CT1200||2","CONTRIB. ASSIST/SINDICAL A RECOLHER     ","CONTRIB. ASSIST/SINDICAL A RECOLHER     ","CONTRIB. ASSIST/SINDICAL A RECOLHER     ","CONTRIB. ASSIST/SINDICAL A RECOLHER     ","CONTRIB. ASSIST/SINDICAL A RECOLHER     ","CONTRIB. ASSIST/SINDICAL A RECOLHER     ","CONTRIB. ASSIST/SINDICAL A RECOLHER     ","OBRIGACOES TRABALHISTA E PREVIDENCIARIAS","EXIGIVEIS A CURTO PRAZO                 ","PASSIVO CIRCULANTE                      ","PASSIVO                                 ","21012008            ","21012008            ","21012008            ","21012008            ","21012008            ","21012008            ","21012008            ","21012               ","2101                ","21                  ","2                   ","P |01|AK5200||"
"21012               ","2","P |01|CT1200||21012009","P |01|CT1200||21012009","P |01|CT1200||21012009","P |01|CT1200||21012009","P |01|CT1200||21012009","P |01|CT1200||21012009","P |01|CT1200||21012009","P |01|CT1200||21012","P |01|CT1200||2101","P |01|CT1200||21","P |01|CT1200||2","CREDITO CONSIGNADO FOLHA A REPASSAR     ","CREDITO CONSIGNADO FOLHA A REPASSAR     ","CREDITO CONSIGNADO FOLHA A REPASSAR     ","CREDITO CONSIGNADO FOLHA A REPASSAR     ","CREDITO CONSIGNADO FOLHA A REPASSAR     ","CREDITO CONSIGNADO FOLHA A REPASSAR     ","CREDITO CONSIGNADO FOLHA A REPASSAR     ","OBRIGACOES TRABALHISTA E PREVIDENCIARIAS","EXIGIVEIS A CURTO PRAZO                 ","PASSIVO CIRCULANTE                      ","PASSIVO                                 ","21012009            ","21012009            ","21012009            ","21012009            ","21012009            ","21012009            ","21012009            ","21012               ","2101                ","21                  ","2                   ","P |01|AK5200||"
"21012               ","2","P |01|CT1200||21012010","P |01|CT1200||21012010","P |01|CT1200||21012010","P |01|CT1200||21012010","P |01|CT1200||21012010","P |01|CT1200||21012010","P |01|CT1200||21012010","P |01|CT1200||21012","P |01|CT1200||2101","P |01|CT1200||21","P |01|CT1200||2","PLR A PAGAR                             ","PLR A PAGAR                             ","PLR A PAGAR                             ","PLR A PAGAR                             ","PLR A PAGAR                             ","PLR A PAGAR                             ","PLR A PAGAR                             ","OBRIGACOES TRABALHISTA E PREVIDENCIARIAS","EXIGIVEIS A CURTO PRAZO                 ","PASSIVO CIRCULANTE                      ","PASSIVO                                 ","21012010            ","21012010            ","21012010            ","21012010            ","21012010            ","21012010            ","21012010            ","21012               ","2101                ","21                  ","2                   ","P |01|AK5200||"
"21012               ","2","P |01|CT1200||21012011","P |01|CT1200||21012011","P |01|CT1200||21012011","P |01|CT1200||21012011","P |01|CT1200||21012011","P |01|CT1200||21012011","P |01|CT1200||21012011","P |01|CT1200||21012","P |01|CT1200||2101","P |01|CT1200||21","P |01|CT1200||2","13º SALARIO A PAGAR                     ","13º SALARIO A PAGAR                     ","13º SALARIO A PAGAR                     ","13º SALARIO A PAGAR                     ","13º SALARIO A PAGAR                     ","13º SALARIO A PAGAR                     ","13º SALARIO A PAGAR                     ","OBRIGACOES TRABALHISTA E PREVIDENCIARIAS","EXIGIVEIS A CURTO PRAZO                 ","PASSIVO CIRCULANTE                      ","PASSIVO                                 ","21012011            ","21012011            ","21012011            ","21012011            ","21012011            ","21012011            ","21012011            ","21012               ","2101                ","21                  ","2                   ","P |01|AK5200||"
"21012               ","2","P |01|CT1200||21012012","P |01|CT1200||21012012","P |01|CT1200||21012012","P |01|CT1200||21012012","P |01|CT1200||21012012","P |01|CT1200||21012012","P |01|CT1200||21012012","P |01|CT1200||21012","P |01|CT1200||2101","P |01|CT1200||21","P |01|CT1200||2","FERIAS A PAGAR                          ","FERIAS A PAGAR                          ","FERIAS A PAGAR                          ","FERIAS A PAGAR                          ","FERIAS A PAGAR                          ","FERIAS A PAGAR                          ","FERIAS A PAGAR                          ","OBRIGACOES TRABALHISTA E PREVIDENCIARIAS","EXIGIVEIS A CURTO PRAZO                 ","PASSIVO CIRCULANTE                      ","PASSIVO                                 ","21012012            ","21012012            ","21012012            ","21012012            ","21012012            ","21012012            ","21012012            ","21012               ","2101                ","21                  ","2                   ","P |01|AK5200||"
"21012               ","2","P |01|CT1200||21012013","P |01|CT1200||21012013","P |01|CT1200||21012013","P |01|CT1200||21012013","P |01|CT1200||21012013","P |01|CT1200||21012013","P |01|CT1200||21012013","P |01|CT1200||21012","P |01|CT1200||2101","P |01|CT1200||21","P |01|CT1200||2","RESCISOES A PAGAR                       ","RESCISOES A PAGAR                       ","RESCISOES A PAGAR                       ","RESCISOES A PAGAR                       ","RESCISOES A PAGAR                       ","RESCISOES A PAGAR                       ","RESCISOES A PAGAR                       ","OBRIGACOES TRABALHISTA E PREVIDENCIARIAS","EXIGIVEIS A CURTO PRAZO                 ","PASSIVO CIRCULANTE                      ","PASSIVO                                 ","21012013            ","21012013            ","21012013            ","21012013            ","21012013            ","21012013            ","21012013            ","21012               ","2101                ","21                  ","2                   ","P |01|AK5200||"
"21012               ","2","P |01|CT1200||21012014","P |01|CT1200||21012014","P |01|CT1200||21012014","P |01|CT1200||21012014","P |01|CT1200||21012014","P |01|CT1200||21012014","P |01|CT1200||21012014","P |01|CT1200||21012","P |01|CT1200||2101","P |01|CT1200||21","P |01|CT1200||2","CONTRIBUICAO NEGOCIAL PLR               ","CONTRIBUICAO NEGOCIAL PLR               ","CONTRIBUICAO NEGOCIAL PLR               ","CONTRIBUICAO NEGOCIAL PLR               ","CONTRIBUICAO NEGOCIAL PLR               ","CONTRIBUICAO NEGOCIAL PLR               ","CONTRIBUICAO NEGOCIAL PLR               ","OBRIGACOES TRABALHISTA E PREVIDENCIARIAS","EXIGIVEIS A CURTO PRAZO                 ","PASSIVO CIRCULANTE                      ","PASSIVO                                 ","21012014            ","21012014            ","21012014            ","21012014            ","21012014            ","21012014            ","21012014            ","21012               ","2101                ","21                  ","2                   ","P |01|AK5200||"
"21012               ","2","P |01|CT1200||21012015","P |01|CT1200||21012015","P |01|CT1200||21012015","P |01|CT1200||21012015","P |01|CT1200||21012015","P |01|CT1200||21012015","P |01|CT1200||21012015","P |01|CT1200||21012","P |01|CT1200||2101","P |01|CT1200||21","P |01|CT1200||2","FARMACIA DESC. FOLHA PGTO               ","FARMACIA DESC. FOLHA PGTO               ","FARMACIA DESC. FOLHA PGTO               ","FARMACIA DESC. FOLHA PGTO               ","FARMACIA DESC. FOLHA PGTO               ","FARMACIA DESC. FOLHA PGTO               ","FARMACIA DESC. FOLHA PGTO               ","OBRIGACOES TRABALHISTA E PREVIDENCIARIAS","EXIGIVEIS A CURTO PRAZO                 ","PASSIVO CIRCULANTE                      ","PASSIVO                                 ","21012015            ","21012015            ","21012015            ","21012015            ","21012015            ","21012015            ","21012015            ","21012               ","2101                ","21                  ","2                   ","P |01|AK5200||"
"21012               ","2","P |01|CT1200||21012016","P |01|CT1200||21012016","P |01|CT1200||21012016","P |01|CT1200||21012016","P |01|CT1200||21012016","P |01|CT1200||21012016","P |01|CT1200||21012016","P |01|CT1200||21012","P |01|CT1200||2101","P |01|CT1200||21","P |01|CT1200||2","PENSAO ALIMENTICIA  A PAGAR             ","PENSAO ALIMENTICIA  A PAGAR             ","PENSAO ALIMENTICIA  A PAGAR             ","PENSAO ALIMENTICIA  A PAGAR             ","PENSAO ALIMENTICIA  A PAGAR             ","PENSAO ALIMENTICIA  A PAGAR             ","PENSAO ALIMENTICIA  A PAGAR             ","OBRIGACOES TRABALHISTA E PREVIDENCIARIAS","EXIGIVEIS A CURTO PRAZO                 ","PASSIVO CIRCULANTE                      ","PASSIVO                                 ","21012016            ","21012016            ","21012016            ","21012016            ","21012016            ","21012016            ","21012016            ","21012               ","2101                ","21                  ","2                   ","P |01|AK5200||"
"21012               ","2","P |01|CT1200||21012017","P |01|CT1200||21012017","P |01|CT1200||21012017","P |01|CT1200||21012017","P |01|CT1200||21012017","P |01|CT1200||21012017","P |01|CT1200||21012017","P |01|CT1200||21012","P |01|CT1200||2101","P |01|CT1200||21","P |01|CT1200||2","FORNECEDOR DE CONV. MEDICO A PAGAR      ","FORNECEDOR DE CONV. MEDICO A PAGAR      ","FORNECEDOR DE CONV. MEDICO A PAGAR      ","FORNECEDOR DE CONV. MEDICO A PAGAR      ","FORNECEDOR DE CONV. MEDICO A PAGAR      ","FORNECEDOR DE CONV. MEDICO A PAGAR      ","FORNECEDOR DE CONV. MEDICO A PAGAR      ","OBRIGACOES TRABALHISTA E PREVIDENCIARIAS","EXIGIVEIS A CURTO PRAZO                 ","PASSIVO CIRCULANTE                      ","PASSIVO                                 ","21012017            ","21012017            ","21012017            ","21012017            ","21012017            ","21012017            ","21012017            ","21012               ","2101                ","21                  ","2                   ","P |01|AK5200||"
"21012               ","2","P |01|CT1200||21012018","P |01|CT1200||21012018","P |01|CT1200||21012018","P |01|CT1200||21012018","P |01|CT1200||21012018","P |01|CT1200||21012018","P |01|CT1200||21012018","P |01|CT1200||21012","P |01|CT1200||2101","P |01|CT1200||21","P |01|CT1200||2","FORNECEDOR DE VALE REFEICAO A PAGAR     ","FORNECEDOR DE VALE REFEICAO A PAGAR     ","FORNECEDOR DE VALE REFEICAO A PAGAR     ","FORNECEDOR DE VALE REFEICAO A PAGAR     ","FORNECEDOR DE VALE REFEICAO A PAGAR     ","FORNECEDOR DE VALE REFEICAO A PAGAR     ","FORNECEDOR DE VALE REFEICAO A PAGAR     ","OBRIGACOES TRABALHISTA E PREVIDENCIARIAS","EXIGIVEIS A CURTO PRAZO                 ","PASSIVO CIRCULANTE                      ","PASSIVO                                 ","21012018            ","21012018            ","21012018            ","21012018            ","21012018            ","21012018            ","21012018            ","21012               ","2101                ","21                  ","2                   ","P |01|AK5200||"
"21012               ","2","P |01|CT1200||21012019","P |01|CT1200||21012019","P |01|CT1200||21012019","P |01|CT1200||21012019","P |01|CT1200||21012019","P |01|CT1200||21012019","P |01|CT1200||21012019","P |01|CT1200||21012","P |01|CT1200||2101","P |01|CT1200||21","P |01|CT1200||2","FORNECEDOR DE VALE TRANSPORTE A PAGAR   ","FORNECEDOR DE VALE TRANSPORTE A PAGAR   ","FORNECEDOR DE VALE TRANSPORTE A PAGAR   ","FORNECEDOR DE VALE TRANSPORTE A PAGAR   ","FORNECEDOR DE VALE TRANSPORTE A PAGAR   ","FORNECEDOR DE VALE TRANSPORTE A PAGAR   ","FORNECEDOR DE VALE TRANSPORTE A PAGAR   ","OBRIGACOES TRABALHISTA E PREVIDENCIARIAS","EXIGIVEIS A CURTO PRAZO                 ","PASSIVO CIRCULANTE                      ","PASSIVO                                 ","21012019            ","21012019            ","21012019            ","21012019            ","21012019            ","21012019            ","21012019            ","21012               ","2101                ","21                  ","2                   ","P |01|AK5200||"
"21012               ","2","P |01|CT1200||21012020","P |01|CT1200||21012020","P |01|CT1200||21012020","P |01|CT1200||21012020","P |01|CT1200||21012020","P |01|CT1200||21012020","P |01|CT1200||21012020","P |01|CT1200||21012","P |01|CT1200||2101","P |01|CT1200||21","P |01|CT1200||2","FORNECEDOR DE SEGUROS VIDA A PAGAR      ","FORNECEDOR DE SEGUROS VIDA A PAGAR      ","FORNECEDOR DE SEGUROS VIDA A PAGAR      ","FORNECEDOR DE SEGUROS VIDA A PAGAR      ","FORNECEDOR DE SEGUROS VIDA A PAGAR      ","FORNECEDOR DE SEGUROS VIDA A PAGAR      ","FORNECEDOR DE SEGUROS VIDA A PAGAR      ","OBRIGACOES TRABALHISTA E PREVIDENCIARIAS","EXIGIVEIS A CURTO PRAZO                 ","PASSIVO CIRCULANTE                      ","PASSIVO                                 ","21012020            ","21012020            ","21012020            ","21012020            ","21012020            ","21012020            ","21012020            ","21012               ","2101                ","21                  ","2                   ","P |01|AK5200||"
"21012               ","2","P |01|CT1200||21012021","P |01|CT1200||21012021","P |01|CT1200||21012021","P |01|CT1200||21012021","P |01|CT1200||21012021","P |01|CT1200||21012021","P |01|CT1200||21012021","P |01|CT1200||21012","P |01|CT1200||2101","P |01|CT1200||21","P |01|CT1200||2","FORNECEDOR DE CONV.ODONTOLOGICO A PAGAR ","FORNECEDOR DE CONV.ODONTOLOGICO A PAGAR ","FORNECEDOR DE CONV.ODONTOLOGICO A PAGAR ","FORNECEDOR DE CONV.ODONTOLOGICO A PAGAR ","FORNECEDOR DE CONV.ODONTOLOGICO A PAGAR ","FORNECEDOR DE CONV.ODONTOLOGICO A PAGAR ","FORNECEDOR DE CONV.ODONTOLOGICO A PAGAR ","OBRIGACOES TRABALHISTA E PREVIDENCIARIAS","EXIGIVEIS A CURTO PRAZO                 ","PASSIVO CIRCULANTE                      ","PASSIVO                                 ","21012021            ","21012021            ","21012021            ","21012021            ","21012021            ","21012021            ","21012021            ","21012               ","2101                ","21                  ","2                   ","P |01|AK5200||"
"21013               ","2","P |01|CT1200||21013001","P |01|CT1200||21013001","P |01|CT1200||21013001","P |01|CT1200||21013001","P |01|CT1200||21013001","P |01|CT1200||21013001","P |01|CT1200||21013001","P |01|CT1200||21013","P |01|CT1200||2101","P |01|CT1200||21","P |01|CT1200||2","INSS S/ NOTA FISCAL                     ","INSS S/ NOTA FISCAL                     ","INSS S/ NOTA FISCAL                     ","INSS S/ NOTA FISCAL                     ","INSS S/ NOTA FISCAL                     ","INSS S/ NOTA FISCAL                     ","INSS S/ NOTA FISCAL                     ","OBRIGACOES TRIBUTARIAS                  ","EXIGIVEIS A CURTO PRAZO                 ","PASSIVO CIRCULANTE                      ","PASSIVO                                 ","21013001            ","21013001            ","21013001            ","21013001            ","21013001            ","21013001            ","21013001            ","21013               ","2101                ","21                  ","2                   ","P |01|AK5200||"
"21013               ","2","P |01|CT1200||21013002","P |01|CT1200||21013002","P |01|CT1200||21013002","P |01|CT1200||21013002","P |01|CT1200||21013002","P |01|CT1200||21013002","P |01|CT1200||21013002","P |01|CT1200||21013","P |01|CT1200||2101","P |01|CT1200||21","P |01|CT1200||2","FGTS A PAGAR                            ","FGTS A PAGAR                            ","FGTS A PAGAR                            ","FGTS A PAGAR                            ","FGTS A PAGAR                            ","FGTS A PAGAR                            ","FGTS A PAGAR                            ","OBRIGACOES TRIBUTARIAS                  ","EXIGIVEIS A CURTO PRAZO                 ","PASSIVO CIRCULANTE                      ","PASSIVO                                 ","21013002            ","21013002            ","21013002            ","21013002            ","21013002            ","21013002            ","21013002            ","21013               ","2101                ","21                  ","2                   ","P |01|AK5200||"
"21013               ","2","P |01|CT1200||21013003","P |01|CT1200||21013003","P |01|CT1200||21013003","P |01|CT1200||21013003","P |01|CT1200||21013003","P |01|CT1200||21013003","P |01|CT1200||21013003","P |01|CT1200||21013","P |01|CT1200||2101","P |01|CT1200||21","P |01|CT1200||2","COFINS A RECOLHER                       ","COFINS A RECOLHER                       ","COFINS A RECOLHER                       ","COFINS A RECOLHER                       ","COFINS A RECOLHER                       ","COFINS A RECOLHER                       ","COFINS A RECOLHER                       ","OBRIGACOES TRIBUTARIAS                  ","EXIGIVEIS A CURTO PRAZO                 ","PASSIVO CIRCULANTE                      ","PASSIVO                                 ","21013003            ","21013003            ","21013003            ","21013003            ","21013003            ","21013003            ","21013003            ","21013               ","2101                ","21                  ","2                   ","P |01|AK5200||"
"21013               ","2","P |01|CT1200||21013004","P |01|CT1200||21013004","P |01|CT1200||21013004","P |01|CT1200||21013004","P |01|CT1200||21013004","P |01|CT1200||21013004","P |01|CT1200||21013004","P |01|CT1200||21013","P |01|CT1200||2101","P |01|CT1200||21","P |01|CT1200||2","PIS A RECOLHER                          ","PIS A RECOLHER                          ","PIS A RECOLHER                          ","PIS A RECOLHER                          ","PIS A RECOLHER                          ","PIS A RECOLHER                          ","PIS A RECOLHER                          ","OBRIGACOES TRIBUTARIAS                  ","EXIGIVEIS A CURTO PRAZO                 ","PASSIVO CIRCULANTE                      ","PASSIVO                                 ","21013004            ","21013004            ","21013004            ","21013004            ","21013004            ","21013004            ","21013004            ","21013               ","2101                ","21                  ","2                   ","P |01|AK5200||"
"21013               ","2","P |01|CT1200||21013005","P |01|CT1200||21013005","P |01|CT1200||21013005","P |01|CT1200||21013005","P |01|CT1200||21013005","P |01|CT1200||21013005","P |01|CT1200||21013005","P |01|CT1200||21013","P |01|CT1200||2101","P |01|CT1200||21","P |01|CT1200||2","IRRF FOLHA PGTO                         ","IRRF FOLHA PGTO                         ","IRRF FOLHA PGTO                         ","IRRF FOLHA PGTO                         ","IRRF FOLHA PGTO                         ","IRRF FOLHA PGTO                         ","IRRF FOLHA PGTO                         ","OBRIGACOES TRIBUTARIAS                  ","EXIGIVEIS A CURTO PRAZO                 ","PASSIVO CIRCULANTE                      ","PASSIVO                                 ","21013005            ","21013005            ","21013005            ","21013005            ","21013005            ","21013005            ","21013005            ","21013               ","2101                ","21                  ","2                   ","P |01|AK5200||"
"21013               ","2","P |01|CT1200||21013006","P |01|CT1200||21013006","P |01|CT1200||21013006","P |01|CT1200||21013006","P |01|CT1200||21013006","P |01|CT1200||21013006","P |01|CT1200||21013006","P |01|CT1200||21013","P |01|CT1200||2101","P |01|CT1200||21","P |01|CT1200||2","ISS S/ NOTA FISCAL                      ","ISS S/ NOTA FISCAL                      ","ISS S/ NOTA FISCAL                      ","ISS S/ NOTA FISCAL                      ","ISS S/ NOTA FISCAL                      ","ISS S/ NOTA FISCAL                      ","ISS S/ NOTA FISCAL                      ","OBRIGACOES TRIBUTARIAS                  ","EXIGIVEIS A CURTO PRAZO                 ","PASSIVO CIRCULANTE                      ","PASSIVO                                 ","21013006            ","21013006            ","21013006            ","21013006            ","21013006            ","21013006            ","21013006            ","21013               ","2101                ","21                  ","2                   ","P |01|AK5200||"
"21013               ","2","P |01|CT1200||21013007","P |01|CT1200||21013007","P |01|CT1200||21013007","P |01|CT1200||21013007","P |01|CT1200||21013007","P |01|CT1200||21013007","P |01|CT1200||21013007","P |01|CT1200||21013","P |01|CT1200||2101","P |01|CT1200||21","P |01|CT1200||2","CSLL A PAGAR                            ","CSLL A PAGAR                            ","CSLL A PAGAR                            ","CSLL A PAGAR                            ","CSLL A PAGAR                            ","CSLL A PAGAR                            ","CSLL A PAGAR                            ","OBRIGACOES TRIBUTARIAS                  ","EXIGIVEIS A CURTO PRAZO                 ","PASSIVO CIRCULANTE                      ","PASSIVO                                 ","21013007            ","21013007            ","21013007            ","21013007            ","21013007            ","21013007            ","21013007            ","21013               ","2101                ","21                  ","2                   ","P |01|AK5200||"
"21013               ","2","P |01|CT1200||21013008","P |01|CT1200||21013008","P |01|CT1200||21013008","P |01|CT1200||21013008","P |01|CT1200||21013008","P |01|CT1200||21013008","P |01|CT1200||21013008","P |01|CT1200||21013","P |01|CT1200||2101","P |01|CT1200||21","P |01|CT1200||2","CONTRIBUICAO SINDICAL A PAGAR           ","CONTRIBUICAO SINDICAL A PAGAR           ","CONTRIBUICAO SINDICAL A PAGAR           ","CONTRIBUICAO SINDICAL A PAGAR           ","CONTRIBUICAO SINDICAL A PAGAR           ","CONTRIBUICAO SINDICAL A PAGAR           ","CONTRIBUICAO SINDICAL A PAGAR           ","OBRIGACOES TRIBUTARIAS                  ","EXIGIVEIS A CURTO PRAZO                 ","PASSIVO CIRCULANTE                      ","PASSIVO                                 ","21013008            ","21013008            ","21013008            ","21013008            ","21013008            ","21013008            ","21013008            ","21013               ","2101                ","21                  ","2                   ","P |01|AK5200||"
"21013               ","2","P |01|CT1200||21013009","P |01|CT1200||21013009","P |01|CT1200||21013009","P |01|CT1200||21013009","P |01|CT1200||21013009","P |01|CT1200||21013009","P |01|CT1200||21013009","P |01|CT1200||21013","P |01|CT1200||2101","P |01|CT1200||21","P |01|CT1200||2","ISS A RECOLHER                          ","ISS A RECOLHER                          ","ISS A RECOLHER                          ","ISS A RECOLHER                          ","ISS A RECOLHER                          ","ISS A RECOLHER                          ","ISS A RECOLHER                          ","OBRIGACOES TRIBUTARIAS                  ","EXIGIVEIS A CURTO PRAZO                 ","PASSIVO CIRCULANTE                      ","PASSIVO                                 ","21013009            ","21013009            ","21013009            ","21013009            ","21013009            ","21013009            ","21013009            ","21013               ","2101                ","21                  ","2                   ","P |01|AK5200||"
"21013               ","2","P |01|CT1200||21013010","P |01|CT1200||21013010","P |01|CT1200||21013010","P |01|CT1200||21013010","P |01|CT1200||21013010","P |01|CT1200||21013010","P |01|CT1200||21013010","P |01|CT1200||21013","P |01|CT1200||2101","P |01|CT1200||21","P |01|CT1200||2","PIS, COFINS, CSLL A PAGAR               ","PIS, COFINS, CSLL A PAGAR               ","PIS, COFINS, CSLL A PAGAR               ","PIS, COFINS, CSLL A PAGAR               ","PIS, COFINS, CSLL A PAGAR               ","PIS, COFINS, CSLL A PAGAR               ","PIS, COFINS, CSLL A PAGAR               ","OBRIGACOES TRIBUTARIAS                  ","EXIGIVEIS A CURTO PRAZO                 ","PASSIVO CIRCULANTE                      ","PASSIVO                                 ","21013010            ","21013010            ","21013010            ","21013010            ","21013010            ","21013010            ","21013010            ","21013               ","2101                ","21                  ","2                   ","P |01|AK5200||"
"21013               ","2","P |01|CT1200||21013011","P |01|CT1200||21013011","P |01|CT1200||21013011","P |01|CT1200||21013011","P |01|CT1200||21013011","P |01|CT1200||21013011","P |01|CT1200||21013011","P |01|CT1200||21013","P |01|CT1200||2101","P |01|CT1200||21","P |01|CT1200||2","IRRF S/FORNECEDORES A PAGAR             ","IRRF S/FORNECEDORES A PAGAR             ","IRRF S/FORNECEDORES A PAGAR             ","IRRF S/FORNECEDORES A PAGAR             ","IRRF S/FORNECEDORES A PAGAR             ","IRRF S/FORNECEDORES A PAGAR             ","IRRF S/FORNECEDORES A PAGAR             ","OBRIGACOES TRIBUTARIAS                  ","EXIGIVEIS A CURTO PRAZO                 ","PASSIVO CIRCULANTE                      ","PASSIVO                                 ","21013011            ","21013011            ","21013011            ","21013011            ","21013011            ","21013011            ","21013011            ","21013               ","2101                ","21                  ","2                   ","P |01|AK5200||"
"21013               ","2","P |01|CT1200||21013012","P |01|CT1200||21013012","P |01|CT1200||21013012","P |01|CT1200||21013012","P |01|CT1200||21013012","P |01|CT1200||21013012","P |01|CT1200||21013012","P |01|CT1200||21013","P |01|CT1200||2101","P |01|CT1200||21","P |01|CT1200||2","IRPJ  A PAGAR                           ","IRPJ  A PAGAR                           ","IRPJ  A PAGAR                           ","IRPJ  A PAGAR                           ","IRPJ  A PAGAR                           ","IRPJ  A PAGAR                           ","IRPJ  A PAGAR                           ","OBRIGACOES TRIBUTARIAS                  ","EXIGIVEIS A CURTO PRAZO                 ","PASSIVO CIRCULANTE                      ","PASSIVO                                 ","21013012            ","21013012            ","21013012            ","21013012            ","21013012            ","21013012            ","21013012            ","21013               ","2101                ","21                  ","2                   ","P |01|AK5200||"
"21013               ","2","P |01|CT1200||21013013","P |01|CT1200||21013013","P |01|CT1200||21013013","P |01|CT1200||21013013","P |01|CT1200||21013013","P |01|CT1200||21013013","P |01|CT1200||21013013","P |01|CT1200||21013","P |01|CT1200||2101","P |01|CT1200||21","P |01|CT1200||2","CREDITO CONSIGNADO EM FOLHA A PAGAR     ","CREDITO CONSIGNADO EM FOLHA A PAGAR     ","CREDITO CONSIGNADO EM FOLHA A PAGAR     ","CREDITO CONSIGNADO EM FOLHA A PAGAR     ","CREDITO CONSIGNADO EM FOLHA A PAGAR     ","CREDITO CONSIGNADO EM FOLHA A PAGAR     ","CREDITO CONSIGNADO EM FOLHA A PAGAR     ","OBRIGACOES TRIBUTARIAS                  ","EXIGIVEIS A CURTO PRAZO                 ","PASSIVO CIRCULANTE                      ","PASSIVO                                 ","21013013            ","21013013            ","21013013            ","21013013            ","21013013            ","21013013            ","21013013            ","21013               ","2101                ","21                  ","2                   ","P |01|AK5200||"
"21013               ","2","P |01|CT1200||21013014","P |01|CT1200||21013014","P |01|CT1200||21013014","P |01|CT1200||21013014","P |01|CT1200||21013014","P |01|CT1200||21013014","P |01|CT1200||21013014","P |01|CT1200||21013","P |01|CT1200||2101","P |01|CT1200||21","P |01|CT1200||2","OUTROS IMPOSTOS/TAXAS PREFEITURA        ","OUTROS IMPOSTOS/TAXAS PREFEITURA        ","OUTROS IMPOSTOS/TAXAS PREFEITURA        ","OUTROS IMPOSTOS/TAXAS PREFEITURA        ","OUTROS IMPOSTOS/TAXAS PREFEITURA        ","OUTROS IMPOSTOS/TAXAS PREFEITURA        ","OUTROS IMPOSTOS/TAXAS PREFEITURA        ","OBRIGACOES TRIBUTARIAS                  ","EXIGIVEIS A CURTO PRAZO                 ","PASSIVO CIRCULANTE                      ","PASSIVO                                 ","21013014            ","21013014            ","21013014            ","21013014            ","21013014            ","21013014            ","21013014            ","21013               ","2101                ","21                  ","2                   ","P |01|AK5200||"
"21013               ","2","P |01|CT1200||21013015","P |01|CT1200||21013015","P |01|CT1200||21013015","P |01|CT1200||21013015","P |01|CT1200||21013015","P |01|CT1200||21013015","P |01|CT1200||21013015","P |01|CT1200||21013","P |01|CT1200||2101","P |01|CT1200||21","P |01|CT1200||2","IR S/ ALUGUEL                           ","IR S/ ALUGUEL                           ","IR S/ ALUGUEL                           ","IR S/ ALUGUEL                           ","IR S/ ALUGUEL                           ","IR S/ ALUGUEL                           ","IR S/ ALUGUEL                           ","OBRIGACOES TRIBUTARIAS                  ","EXIGIVEIS A CURTO PRAZO                 ","PASSIVO CIRCULANTE                      ","PASSIVO                                 ","21013015            ","21013015            ","21013015            ","21013015            ","21013015            ","21013015            ","21013015            ","21013               ","2101                ","21                  ","2                   ","P |01|AK5200||"
"21013               ","2","P |01|CT1200||21013016","P |01|CT1200||21013016","P |01|CT1200||21013016","P |01|CT1200||21013016","P |01|CT1200||21013016","P |01|CT1200||21013016","P |01|CT1200||21013016","P |01|CT1200||21013","P |01|CT1200||2101","P |01|CT1200||21","P |01|CT1200||2","ISS RETIDO NA FONTE A PAGAR             ","ISS RETIDO NA FONTE A PAGAR             ","ISS RETIDO NA FONTE A PAGAR             ","ISS RETIDO NA FONTE A PAGAR             ","ISS RETIDO NA FONTE A PAGAR             ","ISS RETIDO NA FONTE A PAGAR             ","ISS RETIDO NA FONTE A PAGAR             ","OBRIGACOES TRIBUTARIAS                  ","EXIGIVEIS A CURTO PRAZO                 ","PASSIVO CIRCULANTE                      ","PASSIVO                                 ","21013016            ","21013016            ","21013016            ","21013016            ","21013016            ","21013016            ","21013016            ","21013               ","2101                ","21                  ","2                   ","P |01|AK5200||"
"21013               ","2","P |01|CT1200||21013017","P |01|CT1200||21013017","P |01|CT1200||21013017","P |01|CT1200||21013017","P |01|CT1200||21013017","P |01|CT1200||21013017","P |01|CT1200||21013017","P |01|CT1200||21013","P |01|CT1200||2101","P |01|CT1200||21","P |01|CT1200||2","IRRF S/CONTRATO MUTUO                   ","IRRF S/CONTRATO MUTUO                   ","IRRF S/CONTRATO MUTUO                   ","IRRF S/CONTRATO MUTUO                   ","IRRF S/CONTRATO MUTUO                   ","IRRF S/CONTRATO MUTUO                   ","IRRF S/CONTRATO MUTUO                   ","OBRIGACOES TRIBUTARIAS                  ","EXIGIVEIS A CURTO PRAZO                 ","PASSIVO CIRCULANTE                      ","PASSIVO                                 ","21013017            ","21013017            ","21013017            ","21013017            ","21013017            ","21013017            ","21013017            ","21013               ","2101                ","21                  ","2                   ","P |01|AK5200||"
"21013               ","2","P |01|CT1200||21013018","P |01|CT1200||21013018","P |01|CT1200||21013018","P |01|CT1200||21013018","P |01|CT1200||21013018","P |01|CT1200||21013018","P |01|CT1200||21013018","P |01|CT1200||21013","P |01|CT1200||2101","P |01|CT1200||21","P |01|CT1200||2","IOF A PAGAR                             ","IOF A PAGAR                             ","IOF A PAGAR                             ","IOF A PAGAR                             ","IOF A PAGAR                             ","IOF A PAGAR                             ","IOF A PAGAR                             ","OBRIGACOES TRIBUTARIAS                  ","EXIGIVEIS A CURTO PRAZO                 ","PASSIVO CIRCULANTE                      ","PASSIVO                                 ","21013018            ","21013018            ","21013018            ","21013018            ","21013018            ","21013018            ","21013018            ","21013               ","2101                ","21                  ","2                   ","P |01|AK5200||"
"21014               ","2","P |01|CT1200||21014001","P |01|CT1200||21014001","P |01|CT1200||21014001","P |01|CT1200||21014001","P |01|CT1200||21014001","P |01|CT1200||21014001","P |01|CT1200||21014001","P |01|CT1200||21014","P |01|CT1200||2101","P |01|CT1200||21","P |01|CT1200||2","DESPESAS A RESSARCIR                    ","DESPESAS A RESSARCIR                    ","DESPESAS A RESSARCIR                    ","DESPESAS A RESSARCIR                    ","DESPESAS A RESSARCIR                    ","DESPESAS A RESSARCIR                    ","DESPESAS A RESSARCIR                    ","OUTROS VALORES A PAGAR                  ","EXIGIVEIS A CURTO PRAZO                 ","PASSIVO CIRCULANTE                      ","PASSIVO                                 ","21014001            ","21014001            ","21014001            ","21014001            ","21014001            ","21014001            ","21014001            ","21014               ","2101                ","21                  ","2                   ","P |01|AK5200||"
"21014               ","2","P |01|CT1200||21014002","P |01|CT1200||21014002","P |01|CT1200||21014002","P |01|CT1200||21014002","P |01|CT1200||21014002","P |01|CT1200||21014002","P |01|CT1200||21014002","P |01|CT1200||21014","P |01|CT1200||2101","P |01|CT1200||21","P |01|CT1200||2","ADIANTAMENTO DE CLIENTES                ","ADIANTAMENTO DE CLIENTES                ","ADIANTAMENTO DE CLIENTES                ","ADIANTAMENTO DE CLIENTES                ","ADIANTAMENTO DE CLIENTES                ","ADIANTAMENTO DE CLIENTES                ","ADIANTAMENTO DE CLIENTES                ","OUTROS VALORES A PAGAR                  ","EXIGIVEIS A CURTO PRAZO                 ","PASSIVO CIRCULANTE                      ","PASSIVO                                 ","21014002            ","21014002            ","21014002            ","21014002            ","21014002            ","21014002            ","21014002            ","21014               ","2101                ","21                  ","2                   ","P |01|AK5200||"
"21014               ","2","P |01|CT1200||21014003","P |01|CT1200||21014003","P |01|CT1200||21014003","P |01|CT1200||21014003","P |01|CT1200||21014003","P |01|CT1200||21014003","P |01|CT1200||21014003","P |01|CT1200||21014","P |01|CT1200||2101","P |01|CT1200||21","P |01|CT1200||2","ALUGUEIS A PAGAR                        ","ALUGUEIS A PAGAR                        ","ALUGUEIS A PAGAR                        ","ALUGUEIS A PAGAR                        ","ALUGUEIS A PAGAR                        ","ALUGUEIS A PAGAR                        ","ALUGUEIS A PAGAR                        ","OUTROS VALORES A PAGAR                  ","EXIGIVEIS A CURTO PRAZO                 ","PASSIVO CIRCULANTE                      ","PASSIVO                                 ","21014003            ","21014003            ","21014003            ","21014003            ","21014003            ","21014003            ","21014003            ","21014               ","2101                ","21                  ","2                   ","P |01|AK5200||"
"21014               ","2","P |01|CT1200||21014004","P |01|CT1200||21014004","P |01|CT1200||21014004","P |01|CT1200||21014004","P |01|CT1200||21014004","P |01|CT1200||21014004","P |01|CT1200||21014004","P |01|CT1200||21014","P |01|CT1200||2101","P |01|CT1200||21","P |01|CT1200||2","SEGUROS A PAGAR                         ","SEGUROS A PAGAR                         ","SEGUROS A PAGAR                         ","SEGUROS A PAGAR                         ","SEGUROS A PAGAR                         ","SEGUROS A PAGAR                         ","SEGUROS A PAGAR                         ","OUTROS VALORES A PAGAR                  ","EXIGIVEIS A CURTO PRAZO                 ","PASSIVO CIRCULANTE                      ","PASSIVO                                 ","21014004            ","21014004            ","21014004            ","21014004            ","21014004            ","21014004            ","21014004            ","21014               ","2101                ","21                  ","2                   ","P |01|AK5200||"
"21014               ","2","P |01|CT1200||21014005","P |01|CT1200||21014005","P |01|CT1200||21014005","P |01|CT1200||21014005","P |01|CT1200||21014005","P |01|CT1200||21014005","P |01|CT1200||21014005","P |01|CT1200||21014","P |01|CT1200||2101","P |01|CT1200||21","P |01|CT1200||2","ACORDO TRABALHISTA-FASSONY JEFFERSON    ","ACORDO TRABALHISTA-FASSONY JEFFERSON    ","ACORDO TRABALHISTA-FASSONY JEFFERSON    ","ACORDO TRABALHISTA-FASSONY JEFFERSON    ","ACORDO TRABALHISTA-FASSONY JEFFERSON    ","ACORDO TRABALHISTA-FASSONY JEFFERSON    ","ACORDO TRABALHISTA-FASSONY JEFFERSON    ","OUTROS VALORES A PAGAR                  ","EXIGIVEIS A CURTO PRAZO                 ","PASSIVO CIRCULANTE                      ","PASSIVO                                 ","21014005            ","21014005            ","21014005            ","21014005            ","21014005            ","21014005            ","21014005            ","21014               ","2101                ","21                  ","2                   ","P |01|AK5200||"
"21014               ","2","P |01|CT1200||21014006","P |01|CT1200||21014006","P |01|CT1200||21014006","P |01|CT1200||21014006","P |01|CT1200||21014006","P |01|CT1200||21014006","P |01|CT1200||21014006","P |01|CT1200||21014","P |01|CT1200||2101","P |01|CT1200||21","P |01|CT1200||2","AJUSTE SALDO BUFFER/BACKLOG             ","AJUSTE SALDO BUFFER/BACKLOG             ","AJUSTE SALDO BUFFER/BACKLOG             ","AJUSTE SALDO BUFFER/BACKLOG             ","AJUSTE SALDO BUFFER/BACKLOG             ","AJUSTE SALDO BUFFER/BACKLOG             ","AJUSTE SALDO BUFFER/BACKLOG             ","OUTROS VALORES A PAGAR                  ","EXIGIVEIS A CURTO PRAZO                 ","PASSIVO CIRCULANTE                      ","PASSIVO                                 ","21014006            ","21014006            ","21014006            ","21014006            ","21014006            ","21014006            ","21014006            ","21014               ","2101                ","21                  ","2                   ","P |01|AK5200||"
"21014               ","2","P |01|CT1200||21014007","P |01|CT1200||21014007","P |01|CT1200||21014007","P |01|CT1200||21014007","P |01|CT1200||21014007","P |01|CT1200||21014007","P |01|CT1200||21014007","P |01|CT1200||21014","P |01|CT1200||2101","P |01|CT1200||21","P |01|CT1200||2","ALMIR ROGERIO VERIDIANO                 ","ALMIR ROGERIO VERIDIANO                 ","ALMIR ROGERIO VERIDIANO                 ","ALMIR ROGERIO VERIDIANO                 ","ALMIR ROGERIO VERIDIANO                 ","ALMIR ROGERIO VERIDIANO                 ","ALMIR ROGERIO VERIDIANO                 ","OUTROS VALORES A PAGAR                  ","EXIGIVEIS A CURTO PRAZO                 ","PASSIVO CIRCULANTE                      ","PASSIVO                                 ","21014007            ","21014007            ","21014007            ","21014007            ","21014007            ","21014007            ","21014007            ","21014               ","2101                ","21                  ","2                   ","P |01|AK5200||"
"21014               ","2","P |01|CT1200||21014008","P |01|CT1200||21014008","P |01|CT1200||21014008","P |01|CT1200||21014008","P |01|CT1200||21014008","P |01|CT1200||21014008","P |01|CT1200||21014008","P |01|CT1200||21014","P |01|CT1200||2101","P |01|CT1200||21","P |01|CT1200||2","DESPESAS REEMBOLSAVEIS                  ","DESPESAS REEMBOLSAVEIS                  ","DESPESAS REEMBOLSAVEIS                  ","DESPESAS REEMBOLSAVEIS                  ","DESPESAS REEMBOLSAVEIS                  ","DESPESAS REEMBOLSAVEIS                  ","DESPESAS REEMBOLSAVEIS                  ","OUTROS VALORES A PAGAR                  ","EXIGIVEIS A CURTO PRAZO                 ","PASSIVO CIRCULANTE                      ","PASSIVO                                 ","21014008            ","21014008            ","21014008            ","21014008            ","21014008            ","21014008            ","21014008            ","21014               ","2101                ","21                  ","2                   ","P |01|AK5200||"
"21014               ","2","P |01|CT1200||21014009","P |01|CT1200||21014009","P |01|CT1200||21014009","P |01|CT1200||21014009","P |01|CT1200||21014009","P |01|CT1200||21014009","P |01|CT1200||21014009","P |01|CT1200||21014","P |01|CT1200||2101","P |01|CT1200||21","P |01|CT1200||2","TOP PARTICIPACOES                       ","TOP PARTICIPACOES                       ","TOP PARTICIPACOES                       ","TOP PARTICIPACOES                       ","TOP PARTICIPACOES                       ","TOP PARTICIPACOES                       ","TOP PARTICIPACOES                       ","OUTROS VALORES A PAGAR                  ","EXIGIVEIS A CURTO PRAZO                 ","PASSIVO CIRCULANTE                      ","PASSIVO                                 ","21014009            ","21014009            ","21014009            ","21014009            ","21014009            ","21014009            ","21014009            ","21014               ","2101                ","21                  ","2                   ","P |01|AK5200||"
"21014               ","2","P |01|CT1200||21014010","P |01|CT1200||21014010","P |01|CT1200||21014010","P |01|CT1200||21014010","P |01|CT1200||21014010","P |01|CT1200||21014010","P |01|CT1200||21014010","P |01|CT1200||21014","P |01|CT1200||2101","P |01|CT1200||21","P |01|CT1200||2","WAYUP SJRP SISTEMAS DE GESTAO LTDA      ","WAYUP SJRP SISTEMAS DE GESTAO LTDA      ","WAYUP SJRP SISTEMAS DE GESTAO LTDA      ","WAYUP SJRP SISTEMAS DE GESTAO LTDA      ","WAYUP SJRP SISTEMAS DE GESTAO LTDA      ","WAYUP SJRP SISTEMAS DE GESTAO LTDA      ","WAYUP SJRP SISTEMAS DE GESTAO LTDA      ","OUTROS VALORES A PAGAR                  ","EXIGIVEIS A CURTO PRAZO                 ","PASSIVO CIRCULANTE                      ","PASSIVO                                 ","21014010            ","21014010            ","21014010            ","21014010            ","21014010            ","21014010            ","21014010            ","21014               ","2101                ","21                  ","2                   ","P |01|AK5200||"
"21014               ","2","P |01|CT1200||21014011","P |01|CT1200||21014011","P |01|CT1200||21014011","P |01|CT1200||21014011","P |01|CT1200||21014011","P |01|CT1200||21014011","P |01|CT1200||21014011","P |01|CT1200||21014","P |01|CT1200||2101","P |01|CT1200||21","P |01|CT1200||2","GEISA CARLA BORGES                      ","GEISA CARLA BORGES                      ","GEISA CARLA BORGES                      ","GEISA CARLA BORGES                      ","GEISA CARLA BORGES                      ","GEISA CARLA BORGES                      ","GEISA CARLA BORGES                      ","OUTROS VALORES A PAGAR                  ","EXIGIVEIS A CURTO PRAZO                 ","PASSIVO CIRCULANTE                      ","PASSIVO                                 ","21014011            ","21014011            ","21014011            ","21014011            ","21014011            ","21014011            ","21014011            ","21014               ","2101                ","21                  ","2                   ","P |01|AK5200||"
"21014               ","2","P |01|CT1200||21014012","P |01|CT1200||21014012","P |01|CT1200||21014012","P |01|CT1200||21014012","P |01|CT1200||21014012","P |01|CT1200||21014012","P |01|CT1200||21014012","P |01|CT1200||21014","P |01|CT1200||2101","P |01|CT1200||21","P |01|CT1200||2","COMPRA DE CARTEIRAS DE CLIENTES         ","COMPRA DE CARTEIRAS DE CLIENTES         ","COMPRA DE CARTEIRAS DE CLIENTES         ","COMPRA DE CARTEIRAS DE CLIENTES         ","COMPRA DE CARTEIRAS DE CLIENTES         ","COMPRA DE CARTEIRAS DE CLIENTES         ","COMPRA DE CARTEIRAS DE CLIENTES         ","OUTROS VALORES A PAGAR                  ","EXIGIVEIS A CURTO PRAZO                 ","PASSIVO CIRCULANTE                      ","PASSIVO                                 ","21014012            ","21014012            ","21014012            ","21014012            ","21014012            ","21014012            ","21014012            ","21014               ","2101                ","21                  ","2                   ","P |01|AK5200||"
"21014               ","2","P |01|CT1200||21014013","P |01|CT1200||21014013","P |01|CT1200||21014013","P |01|CT1200||21014013","P |01|CT1200||21014013","P |01|CT1200||21014013","P |01|CT1200||21014013","P |01|CT1200||21014","P |01|CT1200||2101","P |01|CT1200||21","P |01|CT1200||2","RATEIOS DESP. OPERACIONAIS INTRA GRUPO  ","RATEIOS DESP. OPERACIONAIS INTRA GRUPO  ","RATEIOS DESP. OPERACIONAIS INTRA GRUPO  ","RATEIOS DESP. OPERACIONAIS INTRA GRUPO  ","RATEIOS DESP. OPERACIONAIS INTRA GRUPO  ","RATEIOS DESP. OPERACIONAIS INTRA GRUPO  ","RATEIOS DESP. OPERACIONAIS INTRA GRUPO  ","OUTROS VALORES A PAGAR                  ","EXIGIVEIS A CURTO PRAZO                 ","PASSIVO CIRCULANTE                      ","PASSIVO                                 ","21014013            ","21014013            ","21014013            ","21014013            ","21014013            ","21014013            ","21014013            ","21014               ","2101                ","21                  ","2                   ","P |01|AK5200||"
"21014               ","2","P |01|CT1200||21014014","P |01|CT1200||21014014","P |01|CT1200||21014014","P |01|CT1200||21014014","P |01|CT1200||21014014","P |01|CT1200||21014014","P |01|CT1200||21014014","P |01|CT1200||21014","P |01|CT1200||2101","P |01|CT1200||21","P |01|CT1200||2","WAYUP SERVICOS EM TECNOLOGIA LTDA       ","WAYUP SERVICOS EM TECNOLOGIA LTDA       ","WAYUP SERVICOS EM TECNOLOGIA LTDA       ","WAYUP SERVICOS EM TECNOLOGIA LTDA       ","WAYUP SERVICOS EM TECNOLOGIA LTDA       ","WAYUP SERVICOS EM TECNOLOGIA LTDA       ","WAYUP SERVICOS EM TECNOLOGIA LTDA       ","OUTROS VALORES A PAGAR                  ","EXIGIVEIS A CURTO PRAZO                 ","PASSIVO CIRCULANTE                      ","PASSIVO                                 ","21014014            ","21014014            ","21014014            ","21014014            ","21014014            ","21014014            ","21014014            ","21014               ","2101                ","21                  ","2                   ","P |01|AK5200||"
"21014               ","2","P |01|CT1200||21014015","P |01|CT1200||21014015","P |01|CT1200||21014015","P |01|CT1200||21014015","P |01|CT1200||21014015","P |01|CT1200||21014015","P |01|CT1200||21014015","P |01|CT1200||21014","P |01|CT1200||2101","P |01|CT1200||21","P |01|CT1200||2","ADIANTAMENTO PARA FUTURO AUMENTO CAPITAL","ADIANTAMENTO PARA FUTURO AUMENTO CAPITAL","ADIANTAMENTO PARA FUTURO AUMENTO CAPITAL","ADIANTAMENTO PARA FUTURO AUMENTO CAPITAL","ADIANTAMENTO PARA FUTURO AUMENTO CAPITAL","ADIANTAMENTO PARA FUTURO AUMENTO CAPITAL","ADIANTAMENTO PARA FUTURO AUMENTO CAPITAL","OUTROS VALORES A PAGAR                  ","EXIGIVEIS A CURTO PRAZO                 ","PASSIVO CIRCULANTE                      ","PASSIVO                                 ","21014015            ","21014015            ","21014015            ","21014015            ","21014015            ","21014015            ","21014015            ","21014               ","2101                ","21                  ","2                   ","P |01|AK5200||"
"21015               ","2","P |01|CT1200||21015001","P |01|CT1200||21015001","P |01|CT1200||21015001","P |01|CT1200||21015001","P |01|CT1200||21015001","P |01|CT1200||21015001","P |01|CT1200||21015001","P |01|CT1200||21015","P |01|CT1200||2101","P |01|CT1200||21","P |01|CT1200||2","ITAU- CTA GARANTIDA-WAYUP SJRP          ","ITAU- CTA GARANTIDA-WAYUP SJRP          ","ITAU- CTA GARANTIDA-WAYUP SJRP          ","ITAU- CTA GARANTIDA-WAYUP SJRP          ","ITAU- CTA GARANTIDA-WAYUP SJRP          ","ITAU- CTA GARANTIDA-WAYUP SJRP          ","ITAU- CTA GARANTIDA-WAYUP SJRP          ","EMPRESTIMOS BANCARIOS                   ","EXIGIVEIS A CURTO PRAZO                 ","PASSIVO CIRCULANTE                      ","PASSIVO                                 ","21015001            ","21015001            ","21015001            ","21015001            ","21015001            ","21015001            ","21015001            ","21015               ","2101                ","21                  ","2                   ","P |01|AK5200||"
"21015               ","2","P |01|CT1200||21015002","P |01|CT1200||21015002","P |01|CT1200||21015002","P |01|CT1200||21015002","P |01|CT1200||21015002","P |01|CT1200||21015002","P |01|CT1200||21015002","P |01|CT1200||21015","P |01|CT1200||2101","P |01|CT1200||21","P |01|CT1200||2","FINANCIAMENTO COMPASS LIMITED - RICARDO ","FINANCIAMENTO COMPASS LIMITED - RICARDO ","FINANCIAMENTO COMPASS LIMITED - RICARDO ","FINANCIAMENTO COMPASS LIMITED - RICARDO ","FINANCIAMENTO COMPASS LIMITED - RICARDO ","FINANCIAMENTO COMPASS LIMITED - RICARDO ","FINANCIAMENTO COMPASS LIMITED - RICARDO ","EMPRESTIMOS BANCARIOS                   ","EXIGIVEIS A CURTO PRAZO                 ","PASSIVO CIRCULANTE                      ","PASSIVO                                 ","21015002            ","21015002            ","21015002            ","21015002            ","21015002            ","21015002            ","21015002            ","21015               ","2101                ","21                  ","2                   ","P |01|AK5200||"
"21015               ","2","P |01|CT1200||21015003","P |01|CT1200||21015003","P |01|CT1200||21015003","P |01|CT1200||21015003","P |01|CT1200||21015003","P |01|CT1200||21015003","P |01|CT1200||21015003","P |01|CT1200||21015","P |01|CT1200||2101","P |01|CT1200||21","P |01|CT1200||2","CAP.GIRO BRADESCO -SJRP CONT 012.552.869","CAP.GIRO BRADESCO -SJRP CONT 012.552.869","CAP.GIRO BRADESCO -SJRP CONT 012.552.869","CAP.GIRO BRADESCO -SJRP CONT 012.552.869","CAP.GIRO BRADESCO -SJRP CONT 012.552.869","CAP.GIRO BRADESCO -SJRP CONT 012.552.869","CAP.GIRO BRADESCO -SJRP CONT 012.552.869","EMPRESTIMOS BANCARIOS                   ","EXIGIVEIS A CURTO PRAZO                 ","PASSIVO CIRCULANTE                      ","PASSIVO                                 ","21015003            ","21015003            ","21015003            ","21015003            ","21015003            ","21015003            ","21015003            ","21015               ","2101                ","21                  ","2                   ","P |01|AK5200||"
"21015               ","2","P |01|CT1200||21015004","P |01|CT1200||21015004","P |01|CT1200||21015004","P |01|CT1200||21015004","P |01|CT1200||21015004","P |01|CT1200||21015004","P |01|CT1200||21015004","P |01|CT1200||21015","P |01|CT1200||2101","P |01|CT1200||21","P |01|CT1200||2","FINANCIAMENTO VEICULO FOX-SJRP          ","FINANCIAMENTO VEICULO FOX-SJRP          ","FINANCIAMENTO VEICULO FOX-SJRP          ","FINANCIAMENTO VEICULO FOX-SJRP          ","FINANCIAMENTO VEICULO FOX-SJRP          ","FINANCIAMENTO VEICULO FOX-SJRP          ","FINANCIAMENTO VEICULO FOX-SJRP          ","EMPRESTIMOS BANCARIOS                   ","EXIGIVEIS A CURTO PRAZO                 ","PASSIVO CIRCULANTE                      ","PASSIVO                                 ","21015004            ","21015004            ","21015004            ","21015004            ","21015004            ","21015004            ","21015004            ","21015               ","2101                ","21                  ","2                   ","P |01|AK5200||"
"21015               ","2","P |01|CT1200||21015005","P |01|CT1200||21015005","P |01|CT1200||21015005","P |01|CT1200||21015005","P |01|CT1200||21015005","P |01|CT1200||21015005","P |01|CT1200||21015005","P |01|CT1200||21015","P |01|CT1200||2101","P |01|CT1200||21","P |01|CT1200||2","CAP.GIRO BRADESCO- INNOVARE             ","CAP.GIRO BRADESCO- INNOVARE             ","CAP.GIRO BRADESCO- INNOVARE             ","CAP.GIRO BRADESCO- INNOVARE             ","CAP.GIRO BRADESCO- INNOVARE             ","CAP.GIRO BRADESCO- INNOVARE             ","CAP.GIRO BRADESCO- INNOVARE             ","EMPRESTIMOS BANCARIOS                   ","EXIGIVEIS A CURTO PRAZO                 ","PASSIVO CIRCULANTE                      ","PASSIVO                                 ","21015005            ","21015005            ","21015005            ","21015005            ","21015005            ","21015005            ","21015005            ","21015               ","2101                ","21                  ","2                   ","P |01|AK5200||"
"21015               ","2","P |01|CT1200||21015006","P |01|CT1200||21015006","P |01|CT1200||21015006","P |01|CT1200||21015006","P |01|CT1200||21015006","P |01|CT1200||21015006","P |01|CT1200||21015006","P |01|CT1200||21015","P |01|CT1200||2101","P |01|CT1200||21","P |01|CT1200||2","SICRED JBM- EMPRÉSTIMO CC               ","SICRED JBM- EMPRÉSTIMO CC               ","SICRED JBM- EMPRÉSTIMO CC               ","SICRED JBM- EMPRÉSTIMO CC               ","SICRED JBM- EMPRÉSTIMO CC               ","SICRED JBM- EMPRÉSTIMO CC               ","SICRED JBM- EMPRÉSTIMO CC               ","EMPRESTIMOS BANCARIOS                   ","EXIGIVEIS A CURTO PRAZO                 ","PASSIVO CIRCULANTE                      ","PASSIVO                                 ","21015006            ","21015006            ","21015006            ","21015006            ","21015006            ","21015006            ","21015006            ","21015               ","2101                ","21                  ","2                   ","P |01|AK5200||"
"21015               ","2","P |01|CT1200||21015007","P |01|CT1200||21015007","P |01|CT1200||21015007","P |01|CT1200||21015007","P |01|CT1200||21015007","P |01|CT1200||21015007","P |01|CT1200||21015007","P |01|CT1200||21015","P |01|CT1200||2101","P |01|CT1200||21","P |01|CT1200||2","SICRED-CAPITAL GIRO JBM                 ","SICRED-CAPITAL GIRO JBM                 ","SICRED-CAPITAL GIRO JBM                 ","SICRED-CAPITAL GIRO JBM                 ","SICRED-CAPITAL GIRO JBM                 ","SICRED-CAPITAL GIRO JBM                 ","SICRED-CAPITAL GIRO JBM                 ","EMPRESTIMOS BANCARIOS                   ","EXIGIVEIS A CURTO PRAZO                 ","PASSIVO CIRCULANTE                      ","PASSIVO                                 ","21015007            ","21015007            ","21015007            ","21015007            ","21015007            ","21015007            ","21015007            ","21015               ","2101                ","21                  ","2                   ","P |01|AK5200||"
"21015               ","2","P |01|CT1200||21015008","P |01|CT1200||21015008","P |01|CT1200||21015008","P |01|CT1200||21015008","P |01|CT1200||21015008","P |01|CT1200||21015008","P |01|CT1200||21015008","P |01|CT1200||21015","P |01|CT1200||2101","P |01|CT1200||21","P |01|CT1200||2","ITAU - WAYUP SJRP- C.GARANTIDA          ","ITAU - WAYUP SJRP- C.GARANTIDA          ","ITAU - WAYUP SJRP- C.GARANTIDA          ","ITAU - WAYUP SJRP- C.GARANTIDA          ","ITAU - WAYUP SJRP- C.GARANTIDA          ","ITAU - WAYUP SJRP- C.GARANTIDA          ","ITAU - WAYUP SJRP- C.GARANTIDA          ","EMPRESTIMOS BANCARIOS                   ","EXIGIVEIS A CURTO PRAZO                 ","PASSIVO CIRCULANTE                      ","PASSIVO                                 ","21015008            ","21015008            ","21015008            ","21015008            ","21015008            ","21015008            ","21015008            ","21015               ","2101                ","21                  ","2                   ","P |01|AK5200||"
"21015               ","2","P |01|CT1200||21015009","P |01|CT1200||21015009","P |01|CT1200||21015009","P |01|CT1200||21015009","P |01|CT1200||21015009","P |01|CT1200||21015009","P |01|CT1200||21015009","P |01|CT1200||21015","P |01|CT1200||2101","P |01|CT1200||21","P |01|CT1200||2","ITAU-WAYUP SERVICOS- CAPITAL DE GIRO    ","ITAU-WAYUP SERVICOS- CAPITAL DE GIRO    ","ITAU-WAYUP SERVICOS- CAPITAL DE GIRO    ","ITAU-WAYUP SERVICOS- CAPITAL DE GIRO    ","ITAU-WAYUP SERVICOS- CAPITAL DE GIRO    ","ITAU-WAYUP SERVICOS- CAPITAL DE GIRO    ","ITAU-WAYUP SERVICOS- CAPITAL DE GIRO    ","EMPRESTIMOS BANCARIOS                   ","EXIGIVEIS A CURTO PRAZO                 ","PASSIVO CIRCULANTE                      ","PASSIVO                                 ","21015009            ","21015009            ","21015009            ","21015009            ","21015009            ","21015009            ","21015009            ","21015               ","2101                ","21                  ","2                   ","P |01|AK5200||"
"21015               ","2","P |01|CT1200||21015010","P |01|CT1200||21015010","P |01|CT1200||21015010","P |01|CT1200||21015010","P |01|CT1200||21015010","P |01|CT1200||21015010","P |01|CT1200||21015010","P |01|CT1200||21015","P |01|CT1200||2101","P |01|CT1200||21","P |01|CT1200||2","B.BRASIL- CONTA GARANTIDA               ","B.BRASIL- CONTA GARANTIDA               ","B.BRASIL- CONTA GARANTIDA               ","B.BRASIL- CONTA GARANTIDA               ","B.BRASIL- CONTA GARANTIDA               ","B.BRASIL- CONTA GARANTIDA               ","B.BRASIL- CONTA GARANTIDA               ","EMPRESTIMOS BANCARIOS                   ","EXIGIVEIS A CURTO PRAZO                 ","PASSIVO CIRCULANTE                      ","PASSIVO                                 ","21015010            ","21015010            ","21015010            ","21015010            ","21015010            ","21015010            ","21015010            ","21015               ","2101                ","21                  ","2                   ","P |01|AK5200||"
"21015               ","2","P |01|CT1200||21015011","P |01|CT1200||21015011","P |01|CT1200||21015011","P |01|CT1200||21015011","P |01|CT1200||21015011","P |01|CT1200||21015011","P |01|CT1200||21015011","P |01|CT1200||21015","P |01|CT1200||2101","P |01|CT1200||21","P |01|CT1200||2","SICREDI-  EMPRESTIMO WAYUP SISTEMAS     ","SICREDI-  EMPRESTIMO WAYUP SISTEMAS     ","SICREDI-  EMPRESTIMO WAYUP SISTEMAS     ","SICREDI-  EMPRESTIMO WAYUP SISTEMAS     ","SICREDI-  EMPRESTIMO WAYUP SISTEMAS     ","SICREDI-  EMPRESTIMO WAYUP SISTEMAS     ","SICREDI-  EMPRESTIMO WAYUP SISTEMAS     ","EMPRESTIMOS BANCARIOS                   ","EXIGIVEIS A CURTO PRAZO                 ","PASSIVO CIRCULANTE                      ","PASSIVO                                 ","21015011            ","21015011            ","21015011            ","21015011            ","21015011            ","21015011            ","21015011            ","21015               ","2101                ","21                  ","2                   ","P |01|AK5200||"
"21015               ","2","P |01|CT1200||21015012","P |01|CT1200||21015012","P |01|CT1200||21015012","P |01|CT1200||21015012","P |01|CT1200||21015012","P |01|CT1200||21015012","P |01|CT1200||21015012","P |01|CT1200||21015","P |01|CT1200||2101","P |01|CT1200||21","P |01|CT1200||2","ITAU - EMPRESTIMO BANCARIO 4131         ","ITAU - EMPRESTIMO BANCARIO 4131         ","ITAU - EMPRESTIMO BANCARIO 4131         ","ITAU - EMPRESTIMO BANCARIO 4131         ","ITAU - EMPRESTIMO BANCARIO 4131         ","ITAU - EMPRESTIMO BANCARIO 4131         ","ITAU - EMPRESTIMO BANCARIO 4131         ","EMPRESTIMOS BANCARIOS                   ","EXIGIVEIS A CURTO PRAZO                 ","PASSIVO CIRCULANTE                      ","PASSIVO                                 ","21015012            ","21015012            ","21015012            ","21015012            ","21015012            ","21015012            ","21015012            ","21015               ","2101                ","21                  ","2                   ","P |01|AK5200||"
"21016               ","2","P |01|CT1200||21016001","P |01|CT1200||21016001","P |01|CT1200||21016001","P |01|CT1200||21016001","P |01|CT1200||21016001","P |01|CT1200||21016001","P |01|CT1200||21016001","P |01|CT1200||21016","P |01|CT1200||2101","P |01|CT1200||21","P |01|CT1200||2","TOTVS S/A - MUTUO                       ","TOTVS S/A - MUTUO                       ","TOTVS S/A - MUTUO                       ","TOTVS S/A - MUTUO                       ","TOTVS S/A - MUTUO                       ","TOTVS S/A - MUTUO                       ","TOTVS S/A - MUTUO                       ","OUTROS EMPRESTIMOS                      ","EXIGIVEIS A CURTO PRAZO                 ","PASSIVO CIRCULANTE                      ","PASSIVO                                 ","21016001            ","21016001            ","21016001            ","21016001            ","21016001            ","21016001            ","21016001            ","21016               ","2101                ","21                  ","2                   ","P |01|AK5200||"
"21016               ","2","P |01|CT1200||21016002","P |01|CT1200||21016002","P |01|CT1200||21016002","P |01|CT1200||21016002","P |01|CT1200||21016002","P |01|CT1200||21016002","P |01|CT1200||21016002","P |01|CT1200||21016","P |01|CT1200||2101","P |01|CT1200||21","P |01|CT1200||2","MUTUO EMPRESA WAYUP SJRP X SERVICOS     ","MUTUO EMPRESA WAYUP SJRP X SERVICOS     ","MUTUO EMPRESA WAYUP SJRP X SERVICOS     ","MUTUO EMPRESA WAYUP SJRP X SERVICOS     ","MUTUO EMPRESA WAYUP SJRP X SERVICOS     ","MUTUO EMPRESA WAYUP SJRP X SERVICOS     ","MUTUO EMPRESA WAYUP SJRP X SERVICOS     ","OUTROS EMPRESTIMOS                      ","EXIGIVEIS A CURTO PRAZO                 ","PASSIVO CIRCULANTE                      ","PASSIVO                                 ","21016002            ","21016002            ","21016002            ","21016002            ","21016002            ","21016002            ","21016002            ","21016               ","2101                ","21                  ","2                   ","P |01|AK5200||"
"21016               ","2","P |01|CT1200||21016003","P |01|CT1200||21016003","P |01|CT1200||21016003","P |01|CT1200||21016003","P |01|CT1200||21016003","P |01|CT1200||21016003","P |01|CT1200||21016003","P |01|CT1200||21016","P |01|CT1200||2101","P |01|CT1200||21","P |01|CT1200||2","EMPRESTIMO SOCIO LUIS RICARDO CISNEIRO  ","EMPRESTIMO SOCIO LUIS RICARDO CISNEIRO  ","EMPRESTIMO SOCIO LUIS RICARDO CISNEIRO  ","EMPRESTIMO SOCIO LUIS RICARDO CISNEIRO  ","EMPRESTIMO SOCIO LUIS RICARDO CISNEIRO  ","EMPRESTIMO SOCIO LUIS RICARDO CISNEIRO  ","EMPRESTIMO SOCIO LUIS RICARDO CISNEIRO  ","OUTROS EMPRESTIMOS                      ","EXIGIVEIS A CURTO PRAZO                 ","PASSIVO CIRCULANTE                      ","PASSIVO                                 ","21016003            ","21016003            ","21016003            ","21016003            ","21016003            ","21016003            ","21016003            ","21016               ","2101                ","21                  ","2                   ","P |01|AK5200||"
"21016               ","2","P |01|CT1200||21016004","P |01|CT1200||21016004","P |01|CT1200||21016004","P |01|CT1200||21016004","P |01|CT1200||21016004","P |01|CT1200||21016004","P |01|CT1200||21016004","P |01|CT1200||21016","P |01|CT1200||2101","P |01|CT1200||21","P |01|CT1200||2","MUTUO TOTVS X W.SERVICOS-COMPRA LONDRINA","MUTUO TOTVS X W.SERVICOS-COMPRA LONDRINA","MUTUO TOTVS X W.SERVICOS-COMPRA LONDRINA","MUTUO TOTVS X W.SERVICOS-COMPRA LONDRINA","MUTUO TOTVS X W.SERVICOS-COMPRA LONDRINA","MUTUO TOTVS X W.SERVICOS-COMPRA LONDRINA","MUTUO TOTVS X W.SERVICOS-COMPRA LONDRINA","OUTROS EMPRESTIMOS                      ","EXIGIVEIS A CURTO PRAZO                 ","PASSIVO CIRCULANTE                      ","PASSIVO                                 ","21016004            ","21016004            ","21016004            ","21016004            ","21016004            ","21016004            ","21016004            ","21016               ","2101                ","21                  ","2                   ","P |01|AK5200||"
"21016               ","2","P |01|CT1200||21016005","P |01|CT1200||21016005","P |01|CT1200||21016005","P |01|CT1200||21016005","P |01|CT1200||21016005","P |01|CT1200||21016005","P |01|CT1200||21016005","P |01|CT1200||21016","P |01|CT1200||2101","P |01|CT1200||21","P |01|CT1200||2","MUTUO SOC.VALTER BELTRAME X SJRP        ","MUTUO SOC.VALTER BELTRAME X SJRP        ","MUTUO SOC.VALTER BELTRAME X SJRP        ","MUTUO SOC.VALTER BELTRAME X SJRP        ","MUTUO SOC.VALTER BELTRAME X SJRP        ","MUTUO SOC.VALTER BELTRAME X SJRP        ","MUTUO SOC.VALTER BELTRAME X SJRP        ","OUTROS EMPRESTIMOS                      ","EXIGIVEIS A CURTO PRAZO                 ","PASSIVO CIRCULANTE                      ","PASSIVO                                 ","21016005            ","21016005            ","21016005            ","21016005            ","21016005            ","21016005            ","21016005            ","21016               ","2101                ","21                  ","2                   ","P |01|AK5200||"
"21016               ","2","P |01|CT1200||21016006","P |01|CT1200||21016006","P |01|CT1200||21016006","P |01|CT1200||21016006","P |01|CT1200||21016006","P |01|CT1200||21016006","P |01|CT1200||21016006","P |01|CT1200||21016","P |01|CT1200||2101","P |01|CT1200||21","P |01|CT1200||2","MUTUO INNOVARE X WAYUP SERVICOS         ","MUTUO INNOVARE X WAYUP SERVICOS         ","MUTUO INNOVARE X WAYUP SERVICOS         ","MUTUO INNOVARE X WAYUP SERVICOS         ","MUTUO INNOVARE X WAYUP SERVICOS         ","MUTUO INNOVARE X WAYUP SERVICOS         ","MUTUO INNOVARE X WAYUP SERVICOS         ","OUTROS EMPRESTIMOS                      ","EXIGIVEIS A CURTO PRAZO                 ","PASSIVO CIRCULANTE                      ","PASSIVO                                 ","21016006            ","21016006            ","21016006            ","21016006            ","21016006            ","21016006            ","21016006            ","21016               ","2101                ","21                  ","2                   ","P |01|AK5200||"
"21016               ","2","P |01|CT1200||21016007","P |01|CT1200||21016007","P |01|CT1200||21016007","P |01|CT1200||21016007","P |01|CT1200||21016007","P |01|CT1200||21016007","P |01|CT1200||21016007","P |01|CT1200||21016","P |01|CT1200||2101","P |01|CT1200||21","P |01|CT1200||2","TOTVS SA ( DM )                         ","TOTVS SA ( DM )                         ","TOTVS SA ( DM )                         ","TOTVS SA ( DM )                         ","TOTVS SA ( DM )                         ","TOTVS SA ( DM )                         ","TOTVS SA ( DM )                         ","OUTROS EMPRESTIMOS                      ","EXIGIVEIS A CURTO PRAZO                 ","PASSIVO CIRCULANTE                      ","PASSIVO                                 ","21016007            ","21016007            ","21016007            ","21016007            ","21016007            ","21016007            ","21016007            ","21016               ","2101                ","21                  ","2                   ","P |01|AK5200||"
"21016               ","2","P |01|CT1200||21016008","P |01|CT1200||21016008","P |01|CT1200||21016008","P |01|CT1200||21016008","P |01|CT1200||21016008","P |01|CT1200||21016008","P |01|CT1200||21016008","P |01|CT1200||21016","P |01|CT1200||2101","P |01|CT1200||21","P |01|CT1200||2","MUTUO ML X WAYUP SJRP                   ","MUTUO ML X WAYUP SJRP                   ","MUTUO ML X WAYUP SJRP                   ","MUTUO ML X WAYUP SJRP                   ","MUTUO ML X WAYUP SJRP                   ","MUTUO ML X WAYUP SJRP                   ","MUTUO ML X WAYUP SJRP                   ","OUTROS EMPRESTIMOS                      ","EXIGIVEIS A CURTO PRAZO                 ","PASSIVO CIRCULANTE                      ","PASSIVO                                 ","21016008            ","21016008            ","21016008            ","21016008            ","21016008            ","21016008            ","21016008            ","21016               ","2101                ","21                  ","2                   ","P |01|AK5200||"
"21016               ","2","P |01|CT1200||21016009","P |01|CT1200||21016009","P |01|CT1200||21016009","P |01|CT1200||21016009","P |01|CT1200||21016009","P |01|CT1200||21016009","P |01|CT1200||21016009","P |01|CT1200||21016","P |01|CT1200||2101","P |01|CT1200||21","P |01|CT1200||2","FINANCEIRA ALFA S/A                     ","FINANCEIRA ALFA S/A                     ","FINANCEIRA ALFA S/A                     ","FINANCEIRA ALFA S/A                     ","FINANCEIRA ALFA S/A                     ","FINANCEIRA ALFA S/A                     ","FINANCEIRA ALFA S/A                     ","OUTROS EMPRESTIMOS                      ","EXIGIVEIS A CURTO PRAZO                 ","PASSIVO CIRCULANTE                      ","PASSIVO                                 ","21016009            ","21016009            ","21016009            ","21016009            ","21016009            ","21016009            ","21016009            ","21016               ","2101                ","21                  ","2                   ","P |01|AK5200||"
"21016               ","2","P |01|CT1200||21016010","P |01|CT1200||21016010","P |01|CT1200||21016010","P |01|CT1200||21016010","P |01|CT1200||21016010","P |01|CT1200||21016010","P |01|CT1200||21016010","P |01|CT1200||21016","P |01|CT1200||2101","P |01|CT1200||21","P |01|CT1200||2","EMPRESTIMO MUTUO VALTER X INNOVARE      ","EMPRESTIMO MUTUO VALTER X INNOVARE      ","EMPRESTIMO MUTUO VALTER X INNOVARE      ","EMPRESTIMO MUTUO VALTER X INNOVARE      ","EMPRESTIMO MUTUO VALTER X INNOVARE      ","EMPRESTIMO MUTUO VALTER X INNOVARE      ","EMPRESTIMO MUTUO VALTER X INNOVARE      ","OUTROS EMPRESTIMOS                      ","EXIGIVEIS A CURTO PRAZO                 ","PASSIVO CIRCULANTE                      ","PASSIVO                                 ","21016010            ","21016010            ","21016010            ","21016010            ","21016010            ","21016010            ","21016010            ","21016               ","2101                ","21                  ","2                   ","P |01|AK5200||"
"21016               ","2","P |01|CT1200||21016011","P |01|CT1200||21016011","P |01|CT1200||21016011","P |01|CT1200||21016011","P |01|CT1200||21016011","P |01|CT1200||21016011","P |01|CT1200||21016011","P |01|CT1200||21016","P |01|CT1200||2101","P |01|CT1200||21","P |01|CT1200||2","CONTA CORRENTE TOP X WAYUP SERVICOS     ","CONTA CORRENTE TOP X WAYUP SERVICOS     ","CONTA CORRENTE TOP X WAYUP SERVICOS     ","CONTA CORRENTE TOP X WAYUP SERVICOS     ","CONTA CORRENTE TOP X WAYUP SERVICOS     ","CONTA CORRENTE TOP X WAYUP SERVICOS     ","CONTA CORRENTE TOP X WAYUP SERVICOS     ","OUTROS EMPRESTIMOS                      ","EXIGIVEIS A CURTO PRAZO                 ","PASSIVO CIRCULANTE                      ","PASSIVO                                 ","21016011            ","21016011            ","21016011            ","21016011            ","21016011            ","21016011            ","21016011            ","21016               ","2101                ","21                  ","2                   ","P |01|AK5200||"
"21016               ","2","P |01|CT1200||21016012","P |01|CT1200||21016012","P |01|CT1200||21016012","P |01|CT1200||21016012","P |01|CT1200||21016012","P |01|CT1200||21016012","P |01|CT1200||21016012","P |01|CT1200||21016","P |01|CT1200||2101","P |01|CT1200||21","P |01|CT1200||2","CONTA CORRENTE TOP X WAYUP SJRP         ","CONTA CORRENTE TOP X WAYUP SJRP         ","CONTA CORRENTE TOP X WAYUP SJRP         ","CONTA CORRENTE TOP X WAYUP SJRP         ","CONTA CORRENTE TOP X WAYUP SJRP         ","CONTA CORRENTE TOP X WAYUP SJRP         ","CONTA CORRENTE TOP X WAYUP SJRP         ","OUTROS EMPRESTIMOS                      ","EXIGIVEIS A CURTO PRAZO                 ","PASSIVO CIRCULANTE                      ","PASSIVO                                 ","21016012            ","21016012            ","21016012            ","21016012            ","21016012            ","21016012            ","21016012            ","21016               ","2101                ","21                  ","2                   ","P |01|AK5200||"
"21016               ","2","P |01|CT1200||21016013","P |01|CT1200||21016013","P |01|CT1200||21016013","P |01|CT1200||21016013","P |01|CT1200||21016013","P |01|CT1200||21016013","P |01|CT1200||21016013","P |01|CT1200||21016","P |01|CT1200||2101","P |01|CT1200||21","P |01|CT1200||2","MUTUO TOTVSXW. SERVICOS-COMPRA CASCAVEL ","MUTUO TOTVSXW. SERVICOS-COMPRA CASCAVEL ","MUTUO TOTVSXW. SERVICOS-COMPRA CASCAVEL ","MUTUO TOTVSXW. SERVICOS-COMPRA CASCAVEL ","MUTUO TOTVSXW. SERVICOS-COMPRA CASCAVEL ","MUTUO TOTVSXW. SERVICOS-COMPRA CASCAVEL ","MUTUO TOTVSXW. SERVICOS-COMPRA CASCAVEL ","OUTROS EMPRESTIMOS                      ","EXIGIVEIS A CURTO PRAZO                 ","PASSIVO CIRCULANTE                      ","PASSIVO                                 ","21016013            ","21016013            ","21016013            ","21016013            ","21016013            ","21016013            ","21016013            ","21016               ","2101                ","21                  ","2                   ","P |01|AK5200||"
"21016               ","2","P |01|CT1200||21016014","P |01|CT1200||21016014","P |01|CT1200||21016014","P |01|CT1200||21016014","P |01|CT1200||21016014","P |01|CT1200||21016014","P |01|CT1200||21016014","P |01|CT1200||21016","P |01|CT1200||2101","P |01|CT1200||21","P |01|CT1200||2","JOBS X AGENCIA- MUTUO - JBM             ","JOBS X AGENCIA- MUTUO - JBM             ","JOBS X AGENCIA- MUTUO - JBM             ","JOBS X AGENCIA- MUTUO - JBM             ","JOBS X AGENCIA- MUTUO - JBM             ","JOBS X AGENCIA- MUTUO - JBM             ","JOBS X AGENCIA- MUTUO - JBM             ","OUTROS EMPRESTIMOS                      ","EXIGIVEIS A CURTO PRAZO                 ","PASSIVO CIRCULANTE                      ","PASSIVO                                 ","21016014            ","21016014            ","21016014            ","21016014            ","21016014            ","21016014            ","21016014            ","21016               ","2101                ","21                  ","2                   ","P |01|AK5200||"
"21016               ","2","P |01|CT1200||21016015","P |01|CT1200||21016015","P |01|CT1200||21016015","P |01|CT1200||21016015","P |01|CT1200||21016015","P |01|CT1200||21016015","P |01|CT1200||21016015","P |01|CT1200||21016","P |01|CT1200||2101","P |01|CT1200||21","P |01|CT1200||2","MUTUO JOBS X W.SJRP                     ","MUTUO JOBS X W.SJRP                     ","MUTUO JOBS X W.SJRP                     ","MUTUO JOBS X W.SJRP                     ","MUTUO JOBS X W.SJRP                     ","MUTUO JOBS X W.SJRP                     ","MUTUO JOBS X W.SJRP                     ","OUTROS EMPRESTIMOS                      ","EXIGIVEIS A CURTO PRAZO                 ","PASSIVO CIRCULANTE                      ","PASSIVO                                 ","21016015            ","21016015            ","21016015            ","21016015            ","21016015            ","21016015            ","21016015            ","21016               ","2101                ","21                  ","2                   ","P |01|AK5200||"
"21016               ","2","P |01|CT1200||21016016","P |01|CT1200||21016016","P |01|CT1200||21016016","P |01|CT1200||21016016","P |01|CT1200||21016016","P |01|CT1200||21016016","P |01|CT1200||21016016","P |01|CT1200||21016","P |01|CT1200||2101","P |01|CT1200||21","P |01|CT1200||2","SUPRIMENTO DE CAIXA- MATHEUS            ","SUPRIMENTO DE CAIXA- MATHEUS            ","SUPRIMENTO DE CAIXA- MATHEUS            ","SUPRIMENTO DE CAIXA- MATHEUS            ","SUPRIMENTO DE CAIXA- MATHEUS            ","SUPRIMENTO DE CAIXA- MATHEUS            ","SUPRIMENTO DE CAIXA- MATHEUS            ","OUTROS EMPRESTIMOS                      ","EXIGIVEIS A CURTO PRAZO                 ","PASSIVO CIRCULANTE                      ","PASSIVO                                 ","21016016            ","21016016            ","21016016            ","21016016            ","21016016            ","21016016            ","21016016            ","21016               ","2101                ","21                  ","2                   ","P |01|AK5200||"
"21016               ","2","P |01|CT1200||21016017","P |01|CT1200||21016017","P |01|CT1200||21016017","P |01|CT1200||21016017","P |01|CT1200||21016017","P |01|CT1200||21016017","P |01|CT1200||21016017","P |01|CT1200||21016","P |01|CT1200||2101","P |01|CT1200||21","P |01|CT1200||2","SUPRIMENTO DE CAIXA-DOUGLAS             ","SUPRIMENTO DE CAIXA-DOUGLAS             ","SUPRIMENTO DE CAIXA-DOUGLAS             ","SUPRIMENTO DE CAIXA-DOUGLAS             ","SUPRIMENTO DE CAIXA-DOUGLAS             ","SUPRIMENTO DE CAIXA-DOUGLAS             ","SUPRIMENTO DE CAIXA-DOUGLAS             ","OUTROS EMPRESTIMOS                      ","EXIGIVEIS A CURTO PRAZO                 ","PASSIVO CIRCULANTE                      ","PASSIVO                                 ","21016017            ","21016017            ","21016017            ","21016017            ","21016017            ","21016017            ","21016017            ","21016               ","2101                ","21                  ","2                   ","P |01|AK5200||"
"21016               ","2","P |01|CT1200||21016018","P |01|CT1200||21016018","P |01|CT1200||21016018","P |01|CT1200||21016018","P |01|CT1200||21016018","P |01|CT1200||21016018","P |01|CT1200||21016018","P |01|CT1200||21016","P |01|CT1200||2101","P |01|CT1200||21","P |01|CT1200||2","MUTUO TOTVS SA X WAYUP SJRP ( MODA RS)  ","MUTUO TOTVS SA X WAYUP SJRP ( MODA RS)  ","MUTUO TOTVS SA X WAYUP SJRP ( MODA RS)  ","MUTUO TOTVS SA X WAYUP SJRP ( MODA RS)  ","MUTUO TOTVS SA X WAYUP SJRP ( MODA RS)  ","MUTUO TOTVS SA X WAYUP SJRP ( MODA RS)  ","MUTUO TOTVS SA X WAYUP SJRP ( MODA RS)  ","OUTROS EMPRESTIMOS                      ","EXIGIVEIS A CURTO PRAZO                 ","PASSIVO CIRCULANTE                      ","PASSIVO                                 ","21016018            ","21016018            ","21016018            ","21016018            ","21016018            ","21016018            ","21016018            ","21016               ","2101                ","21                  ","2                   ","P |01|AK5200||"
"21016               ","2","P |01|CT1200||21016019","P |01|CT1200||21016019","P |01|CT1200||21016019","P |01|CT1200||21016019","P |01|CT1200||21016019","P |01|CT1200||21016019","P |01|CT1200||21016019","P |01|CT1200||21016","P |01|CT1200||2101","P |01|CT1200||21","P |01|CT1200||2","MUTUO TOP PARTICIPACOES X WAYUP SERVICOS","MUTUO TOP PARTICIPACOES X WAYUP SERVICOS","MUTUO TOP PARTICIPACOES X WAYUP SERVICOS","MUTUO TOP PARTICIPACOES X WAYUP SERVICOS","MUTUO TOP PARTICIPACOES X WAYUP SERVICOS","MUTUO TOP PARTICIPACOES X WAYUP SERVICOS","MUTUO TOP PARTICIPACOES X WAYUP SERVICOS","OUTROS EMPRESTIMOS                      ","EXIGIVEIS A CURTO PRAZO                 ","PASSIVO CIRCULANTE                      ","PASSIVO                                 ","21016019            ","21016019            ","21016019            ","21016019            ","21016019            ","21016019            ","21016019            ","21016               ","2101                ","21                  ","2                   ","P |01|AK5200||"
"21016               ","2","P |01|CT1200||21016020","P |01|CT1200||21016020","P |01|CT1200||21016020","P |01|CT1200||21016020","P |01|CT1200||21016020","P |01|CT1200||21016020","P |01|CT1200||21016020","P |01|CT1200||21016","P |01|CT1200||2101","P |01|CT1200||21","P |01|CT1200||2","MUTUO MODA X WAYUP SERVICOS             ","MUTUO MODA X WAYUP SERVICOS             ","MUTUO MODA X WAYUP SERVICOS             ","MUTUO MODA X WAYUP SERVICOS             ","MUTUO MODA X WAYUP SERVICOS             ","MUTUO MODA X WAYUP SERVICOS             ","MUTUO MODA X WAYUP SERVICOS             ","OUTROS EMPRESTIMOS                      ","EXIGIVEIS A CURTO PRAZO                 ","PASSIVO CIRCULANTE                      ","PASSIVO                                 ","21016020            ","21016020            ","21016020            ","21016020            ","21016020            ","21016020            ","21016020            ","21016               ","2101                ","21                  ","2                   ","P |01|AK5200||"
"21016               ","2","P |01|CT1200||21016021","P |01|CT1200||21016021","P |01|CT1200||21016021","P |01|CT1200||21016021","P |01|CT1200||21016021","P |01|CT1200||21016021","P |01|CT1200||21016021","P |01|CT1200||21016","P |01|CT1200||2101","P |01|CT1200||21","P |01|CT1200||2","MUTUO SERVICOS X RESULTAR               ","MUTUO SERVICOS X RESULTAR               ","MUTUO SERVICOS X RESULTAR               ","MUTUO SERVICOS X RESULTAR               ","MUTUO SERVICOS X RESULTAR               ","MUTUO SERVICOS X RESULTAR               ","MUTUO SERVICOS X RESULTAR               ","OUTROS EMPRESTIMOS                      ","EXIGIVEIS A CURTO PRAZO                 ","PASSIVO CIRCULANTE                      ","PASSIVO                                 ","21016021            ","21016021            ","21016021            ","21016021            ","21016021            ","21016021            ","21016021            ","21016               ","2101                ","21                  ","2                   ","P |01|AK5200||"
"21016               ","2","P |01|CT1200||21016022","P |01|CT1200||21016022","P |01|CT1200||21016022","P |01|CT1200||21016022","P |01|CT1200||21016022","P |01|CT1200||21016022","P |01|CT1200||21016022","P |01|CT1200||21016","P |01|CT1200||2101","P |01|CT1200||21","P |01|CT1200||2","MUTUO RESULTAR X WAYUP SISTEMAS         ","MUTUO RESULTAR X WAYUP SISTEMAS         ","MUTUO RESULTAR X WAYUP SISTEMAS         ","MUTUO RESULTAR X WAYUP SISTEMAS         ","MUTUO RESULTAR X WAYUP SISTEMAS         ","MUTUO RESULTAR X WAYUP SISTEMAS         ","MUTUO RESULTAR X WAYUP SISTEMAS         ","OUTROS EMPRESTIMOS                      ","EXIGIVEIS A CURTO PRAZO                 ","PASSIVO CIRCULANTE                      ","PASSIVO                                 ","21016022            ","21016022            ","21016022            ","21016022            ","21016022            ","21016022            ","21016022            ","21016               ","2101                ","21                  ","2                   ","P |01|AK5200||"
"21017               ","2","P |01|CT1200||21017001","P |01|CT1200||21017001","P |01|CT1200||21017001","P |01|CT1200||21017001","P |01|CT1200||21017001","P |01|CT1200||21017001","P |01|CT1200||21017001","P |01|CT1200||21017","P |01|CT1200||2101","P |01|CT1200||21","P |01|CT1200||2","WAYUP SJRP SISTEMAS DE GESTAO LTDA      ","WAYUP SJRP SISTEMAS DE GESTAO LTDA      ","WAYUP SJRP SISTEMAS DE GESTAO LTDA      ","WAYUP SJRP SISTEMAS DE GESTAO LTDA      ","WAYUP SJRP SISTEMAS DE GESTAO LTDA      ","WAYUP SJRP SISTEMAS DE GESTAO LTDA      ","WAYUP SJRP SISTEMAS DE GESTAO LTDA      ","ADIANTAMENTO DE DIVIDENDOS              ","EXIGIVEIS A CURTO PRAZO                 ","PASSIVO CIRCULANTE                      ","PASSIVO                                 ","21017001            ","21017001            ","21017001            ","21017001            ","21017001            ","21017001            ","21017001            ","21017               ","2101                ","21                  ","2                   ","P |01|AK5200||"
"21017               ","2","P |01|CT1200||21017002","P |01|CT1200||21017002","P |01|CT1200||21017002","P |01|CT1200||21017002","P |01|CT1200||21017002","P |01|CT1200||21017002","P |01|CT1200||21017002","P |01|CT1200||21017","P |01|CT1200||2101","P |01|CT1200||21","P |01|CT1200||2","WAYUP SERVICOS EM TECNOLOGIA LTDA       ","WAYUP SERVICOS EM TECNOLOGIA LTDA       ","WAYUP SERVICOS EM TECNOLOGIA LTDA       ","WAYUP SERVICOS EM TECNOLOGIA LTDA       ","WAYUP SERVICOS EM TECNOLOGIA LTDA       ","WAYUP SERVICOS EM TECNOLOGIA LTDA       ","WAYUP SERVICOS EM TECNOLOGIA LTDA       ","ADIANTAMENTO DE DIVIDENDOS              ","EXIGIVEIS A CURTO PRAZO                 ","PASSIVO CIRCULANTE                      ","PASSIVO                                 ","21017002            ","21017002            ","21017002            ","21017002            ","21017002            ","21017002            ","21017002            ","21017               ","2101                ","21                  ","2                   ","P |01|AK5200||"
"21018               ","2","P |01|CT1200||21018001","P |01|CT1200||21018001","P |01|CT1200||21018001","P |01|CT1200||21018001","P |01|CT1200||21018001","P |01|CT1200||21018001","P |01|CT1200||21018001","P |01|CT1200||21018","P |01|CT1200||2101","P |01|CT1200||21","P |01|CT1200||2","M.A. BELTRAME PARTICIPACOES LTDA        ","M.A. BELTRAME PARTICIPACOES LTDA        ","M.A. BELTRAME PARTICIPACOES LTDA        ","M.A. BELTRAME PARTICIPACOES LTDA        ","M.A. BELTRAME PARTICIPACOES LTDA        ","M.A. BELTRAME PARTICIPACOES LTDA        ","M.A. BELTRAME PARTICIPACOES LTDA        ","DIVIDENDOS A PAGAR                      ","EXIGIVEIS A CURTO PRAZO                 ","PASSIVO CIRCULANTE                      ","PASSIVO                                 ","21018001            ","21018001            ","21018001            ","21018001            ","21018001            ","21018001            ","21018001            ","21018               ","2101                ","21                  ","2                   ","P |01|AK5200||"
"21018               ","2","P |01|CT1200||21018002","P |01|CT1200||21018002","P |01|CT1200||21018002","P |01|CT1200||21018002","P |01|CT1200||21018002","P |01|CT1200||21018002","P |01|CT1200||21018002","P |01|CT1200||21018","P |01|CT1200||2101","P |01|CT1200||21","P |01|CT1200||2","CISNEIRO PARTICIPACOES LTDA             ","CISNEIRO PARTICIPACOES LTDA             ","CISNEIRO PARTICIPACOES LTDA             ","CISNEIRO PARTICIPACOES LTDA             ","CISNEIRO PARTICIPACOES LTDA             ","CISNEIRO PARTICIPACOES LTDA             ","CISNEIRO PARTICIPACOES LTDA             ","DIVIDENDOS A PAGAR                      ","EXIGIVEIS A CURTO PRAZO                 ","PASSIVO CIRCULANTE                      ","PASSIVO                                 ","21018002            ","21018002            ","21018002            ","21018002            ","21018002            ","21018002            ","21018002            ","21018               ","2101                ","21                  ","2                   ","P |01|AK5200||"
"21018               ","2","P |01|CT1200||21018003","P |01|CT1200||21018003","P |01|CT1200||21018003","P |01|CT1200||21018003","P |01|CT1200||21018003","P |01|CT1200||21018003","P |01|CT1200||21018003","P |01|CT1200||21018","P |01|CT1200||2101","P |01|CT1200||21","P |01|CT1200||2","EE.WW. PARTICIPACOES LTDA               ","EE.WW. PARTICIPACOES LTDA               ","EE.WW. PARTICIPACOES LTDA               ","EE.WW. PARTICIPACOES LTDA               ","EE.WW. PARTICIPACOES LTDA               ","EE.WW. PARTICIPACOES LTDA               ","EE.WW. PARTICIPACOES LTDA               ","DIVIDENDOS A PAGAR                      ","EXIGIVEIS A CURTO PRAZO                 ","PASSIVO CIRCULANTE                      ","PASSIVO                                 ","21018003            ","21018003            ","21018003            ","21018003            ","21018003            ","21018003            ","21018003            ","21018               ","2101                ","21                  ","2                   ","P |01|AK5200||"
"21018               ","2","P |01|CT1200||21018004","P |01|CT1200||21018004","P |01|CT1200||21018004","P |01|CT1200||21018004","P |01|CT1200||21018004","P |01|CT1200||21018004","P |01|CT1200||21018004","P |01|CT1200||21018","P |01|CT1200||2101","P |01|CT1200||21","P |01|CT1200||2","BELTRAME E MOZARDO PARTICIPACOES LTDA   ","BELTRAME E MOZARDO PARTICIPACOES LTDA   ","BELTRAME E MOZARDO PARTICIPACOES LTDA   ","BELTRAME E MOZARDO PARTICIPACOES LTDA   ","BELTRAME E MOZARDO PARTICIPACOES LTDA   ","BELTRAME E MOZARDO PARTICIPACOES LTDA   ","BELTRAME E MOZARDO PARTICIPACOES LTDA   ","DIVIDENDOS A PAGAR                      ","EXIGIVEIS A CURTO PRAZO                 ","PASSIVO CIRCULANTE                      ","PASSIVO                                 ","21018004            ","21018004            ","21018004            ","21018004            ","21018004            ","21018004            ","21018004            ","21018               ","2101                ","21                  ","2                   ","P |01|AK5200||"
"21018               ","2","P |01|CT1200||21018005","P |01|CT1200||21018005","P |01|CT1200||21018005","P |01|CT1200||21018005","P |01|CT1200||21018005","P |01|CT1200||21018005","P |01|CT1200||21018005","P |01|CT1200||21018","P |01|CT1200||2101","P |01|CT1200||21","P |01|CT1200||2","PR7 PARTICIPACOES LTDA                  ","PR7 PARTICIPACOES LTDA                  ","PR7 PARTICIPACOES LTDA                  ","PR7 PARTICIPACOES LTDA                  ","PR7 PARTICIPACOES LTDA                  ","PR7 PARTICIPACOES LTDA                  ","PR7 PARTICIPACOES LTDA                  ","DIVIDENDOS A PAGAR                      ","EXIGIVEIS A CURTO PRAZO                 ","PASSIVO CIRCULANTE                      ","PASSIVO                                 ","21018005            ","21018005            ","21018005            ","21018005            ","21018005            ","21018005            ","21018005            ","21018               ","2101                ","21                  ","2                   ","P |01|AK5200||"
"21018               ","2","P |01|CT1200||21018006","P |01|CT1200||21018006","P |01|CT1200||21018006","P |01|CT1200||21018006","P |01|CT1200||21018006","P |01|CT1200||21018006","P |01|CT1200||21018006","P |01|CT1200||21018","P |01|CT1200||2101","P |01|CT1200||21","P |01|CT1200||2","RO INVESTIMENTOS E PARTICPACOES LTDA    ","RO INVESTIMENTOS E PARTICPACOES LTDA    ","RO INVESTIMENTOS E PARTICPACOES LTDA    ","RO INVESTIMENTOS E PARTICPACOES LTDA    ","RO INVESTIMENTOS E PARTICPACOES LTDA    ","RO INVESTIMENTOS E PARTICPACOES LTDA    ","RO INVESTIMENTOS E PARTICPACOES LTDA    ","DIVIDENDOS A PAGAR                      ","EXIGIVEIS A CURTO PRAZO                 ","PASSIVO CIRCULANTE                      ","PASSIVO                                 ","21018006            ","21018006            ","21018006            ","21018006            ","21018006            ","21018006            ","21018006            ","21018               ","2101                ","21                  ","2                   ","P |01|AK5200||"
"21018               ","2","P |01|CT1200||21018007","P |01|CT1200||21018007","P |01|CT1200||21018007","P |01|CT1200||21018007","P |01|CT1200||21018007","P |01|CT1200||21018007","P |01|CT1200||21018007","P |01|CT1200||21018","P |01|CT1200||2101","P |01|CT1200||21","P |01|CT1200||2","ARRUDA & BEVENUTO PARTICIPACOES LTDA    ","ARRUDA & BEVENUTO PARTICIPACOES LTDA    ","ARRUDA & BEVENUTO PARTICIPACOES LTDA    ","ARRUDA & BEVENUTO PARTICIPACOES LTDA    ","ARRUDA & BEVENUTO PARTICIPACOES LTDA    ","ARRUDA & BEVENUTO PARTICIPACOES LTDA    ","ARRUDA & BEVENUTO PARTICIPACOES LTDA    ","DIVIDENDOS A PAGAR                      ","EXIGIVEIS A CURTO PRAZO                 ","PASSIVO CIRCULANTE                      ","PASSIVO                                 ","21018007            ","21018007            ","21018007            ","21018007            ","21018007            ","21018007            ","21018007            ","21018               ","2101                ","21                  ","2                   ","P |01|AK5200||"
"21018               ","2","P |01|CT1200||21018008","P |01|CT1200||21018008","P |01|CT1200||21018008","P |01|CT1200||21018008","P |01|CT1200||21018008","P |01|CT1200||21018008","P |01|CT1200||21018008","P |01|CT1200||21018","P |01|CT1200||2101","P |01|CT1200||21","P |01|CT1200||2","NAPPI PARTICIPACOES LTDA                ","NAPPI PARTICIPACOES LTDA                ","NAPPI PARTICIPACOES LTDA                ","NAPPI PARTICIPACOES LTDA                ","NAPPI PARTICIPACOES LTDA                ","NAPPI PARTICIPACOES LTDA                ","NAPPI PARTICIPACOES LTDA                ","DIVIDENDOS A PAGAR                      ","EXIGIVEIS A CURTO PRAZO                 ","PASSIVO CIRCULANTE                      ","PASSIVO                                 ","21018008            ","21018008            ","21018008            ","21018008            ","21018008            ","21018008            ","21018008            ","21018               ","2101                ","21                  ","2                   ","P |01|AK5200||"
"21018               ","2","P |01|CT1200||21018009","P |01|CT1200||21018009","P |01|CT1200||21018009","P |01|CT1200||21018009","P |01|CT1200||21018009","P |01|CT1200||21018009","P |01|CT1200||21018009","P |01|CT1200||21018","P |01|CT1200||2101","P |01|CT1200||21","P |01|CT1200||2","MARCO AURELIO BELTRAME                  ","MARCO AURELIO BELTRAME                  ","MARCO AURELIO BELTRAME                  ","MARCO AURELIO BELTRAME                  ","MARCO AURELIO BELTRAME                  ","MARCO AURELIO BELTRAME                  ","MARCO AURELIO BELTRAME                  ","DIVIDENDOS A PAGAR                      ","EXIGIVEIS A CURTO PRAZO                 ","PASSIVO CIRCULANTE                      ","PASSIVO                                 ","21018009            ","21018009            ","21018009            ","21018009            ","21018009            ","21018009            ","21018009            ","21018               ","2101                ","21                  ","2                   ","P |01|AK5200||"
"21018               ","2","P |01|CT1200||21018010","P |01|CT1200||21018010","P |01|CT1200||21018010","P |01|CT1200||21018010","P |01|CT1200||21018010","P |01|CT1200||21018010","P |01|CT1200||21018010","P |01|CT1200||21018","P |01|CT1200||2101","P |01|CT1200||21","P |01|CT1200||2","LUIS RICARDO CISNEIRO                   ","LUIS RICARDO CISNEIRO                   ","LUIS RICARDO CISNEIRO                   ","LUIS RICARDO CISNEIRO                   ","LUIS RICARDO CISNEIRO                   ","LUIS RICARDO CISNEIRO                   ","LUIS RICARDO CISNEIRO                   ","DIVIDENDOS A PAGAR                      ","EXIGIVEIS A CURTO PRAZO                 ","PASSIVO CIRCULANTE                      ","PASSIVO                                 ","21018010            ","21018010            ","21018010            ","21018010            ","21018010            ","21018010            ","21018010            ","21018               ","2101                ","21                  ","2                   ","P |01|AK5200||"
"21018               ","2","P |01|CT1200||21018011","P |01|CT1200||21018011","P |01|CT1200||21018011","P |01|CT1200||21018011","P |01|CT1200||21018011","P |01|CT1200||21018011","P |01|CT1200||21018011","P |01|CT1200||21018","P |01|CT1200||2101","P |01|CT1200||21","P |01|CT1200||2","EMERSON WAGNER                          ","EMERSON WAGNER                          ","EMERSON WAGNER                          ","EMERSON WAGNER                          ","EMERSON WAGNER                          ","EMERSON WAGNER                          ","EMERSON WAGNER                          ","DIVIDENDOS A PAGAR                      ","EXIGIVEIS A CURTO PRAZO                 ","PASSIVO CIRCULANTE                      ","PASSIVO                                 ","21018011            ","21018011            ","21018011            ","21018011            ","21018011            ","21018011            ","21018011            ","21018               ","2101                ","21                  ","2                   ","P |01|AK5200||"
"21018               ","2","P |01|CT1200||21018012","P |01|CT1200||21018012","P |01|CT1200||21018012","P |01|CT1200||21018012","P |01|CT1200||21018012","P |01|CT1200||21018012","P |01|CT1200||21018012","P |01|CT1200||21018","P |01|CT1200||2101","P |01|CT1200||21","P |01|CT1200||2","VALTER JOSE BELTRAME                    ","VALTER JOSE BELTRAME                    ","VALTER JOSE BELTRAME                    ","VALTER JOSE BELTRAME                    ","VALTER JOSE BELTRAME                    ","VALTER JOSE BELTRAME                    ","VALTER JOSE BELTRAME                    ","DIVIDENDOS A PAGAR                      ","EXIGIVEIS A CURTO PRAZO                 ","PASSIVO CIRCULANTE                      ","PASSIVO                                 ","21018012            ","21018012            ","21018012            ","21018012            ","21018012            ","21018012            ","21018012            ","21018               ","2101                ","21                  ","2                   ","P |01|AK5200||"
"21018               ","2","P |01|CT1200||21018013","P |01|CT1200||21018013","P |01|CT1200||21018013","P |01|CT1200||21018013","P |01|CT1200||21018013","P |01|CT1200||21018013","P |01|CT1200||21018013","P |01|CT1200||21018","P |01|CT1200||2101","P |01|CT1200||21","P |01|CT1200||2","ALESSANDRO CHAVES PERALTA               ","ALESSANDRO CHAVES PERALTA               ","ALESSANDRO CHAVES PERALTA               ","ALESSANDRO CHAVES PERALTA               ","ALESSANDRO CHAVES PERALTA               ","ALESSANDRO CHAVES PERALTA               ","ALESSANDRO CHAVES PERALTA               ","DIVIDENDOS A PAGAR                      ","EXIGIVEIS A CURTO PRAZO                 ","PASSIVO CIRCULANTE                      ","PASSIVO                                 ","21018013            ","21018013            ","21018013            ","21018013            ","21018013            ","21018013            ","21018013            ","21018               ","2101                ","21                  ","2                   ","P |01|AK5200||"
"21018               ","2","P |01|CT1200||21018014","P |01|CT1200||21018014","P |01|CT1200||21018014","P |01|CT1200||21018014","P |01|CT1200||21018014","P |01|CT1200||21018014","P |01|CT1200||21018014","P |01|CT1200||21018","P |01|CT1200||2101","P |01|CT1200||21","P |01|CT1200||2","RODRIGO OLIVEIRA BRITO                  ","RODRIGO OLIVEIRA BRITO                  ","RODRIGO OLIVEIRA BRITO                  ","RODRIGO OLIVEIRA BRITO                  ","RODRIGO OLIVEIRA BRITO                  ","RODRIGO OLIVEIRA BRITO                  ","RODRIGO OLIVEIRA BRITO                  ","DIVIDENDOS A PAGAR                      ","EXIGIVEIS A CURTO PRAZO                 ","PASSIVO CIRCULANTE                      ","PASSIVO                                 ","21018014            ","21018014            ","21018014            ","21018014            ","21018014            ","21018014            ","21018014            ","21018               ","2101                ","21                  ","2                   ","P |01|AK5200||"
"21018               ","2","P |01|CT1200||21018015","P |01|CT1200||21018015","P |01|CT1200||21018015","P |01|CT1200||21018015","P |01|CT1200||21018015","P |01|CT1200||21018015","P |01|CT1200||21018015","P |01|CT1200||21018","P |01|CT1200||2101","P |01|CT1200||21","P |01|CT1200||2","ADERSON PAIS DE ARRUDA                  ","ADERSON PAIS DE ARRUDA                  ","ADERSON PAIS DE ARRUDA                  ","ADERSON PAIS DE ARRUDA                  ","ADERSON PAIS DE ARRUDA                  ","ADERSON PAIS DE ARRUDA                  ","ADERSON PAIS DE ARRUDA                  ","DIVIDENDOS A PAGAR                      ","EXIGIVEIS A CURTO PRAZO                 ","PASSIVO CIRCULANTE                      ","PASSIVO                                 ","21018015            ","21018015            ","21018015            ","21018015            ","21018015            ","21018015            ","21018015            ","21018               ","2101                ","21                  ","2                   ","P |01|AK5200||"
"21018               ","2","P |01|CT1200||21018016","P |01|CT1200||21018016","P |01|CT1200||21018016","P |01|CT1200||21018016","P |01|CT1200||21018016","P |01|CT1200||21018016","P |01|CT1200||21018016","P |01|CT1200||21018","P |01|CT1200||2101","P |01|CT1200||21","P |01|CT1200||2","FERNANDO EDUARDO NAPPI                  ","FERNANDO EDUARDO NAPPI                  ","FERNANDO EDUARDO NAPPI                  ","FERNANDO EDUARDO NAPPI                  ","FERNANDO EDUARDO NAPPI                  ","FERNANDO EDUARDO NAPPI                  ","FERNANDO EDUARDO NAPPI                  ","DIVIDENDOS A PAGAR                      ","EXIGIVEIS A CURTO PRAZO                 ","PASSIVO CIRCULANTE                      ","PASSIVO                                 ","21018016            ","21018016            ","21018016            ","21018016            ","21018016            ","21018016            ","21018016            ","21018               ","2101                ","21                  ","2                   ","P |01|AK5200||"
"21019               ","1","P |01|CT1200||210191","P |01|CT1200||210191","P |01|CT1200||210191","P |01|CT1200||210191","P |01|CT1200||210191","P |01|CT1200||210191","P |01|CT1200||210191","P |01|CT1200||21019","P |01|CT1200||2101","P |01|CT1200||21","P |01|CT1200||2","PROVISAO DE ENCARGOS                    ","PROVISAO DE ENCARGOS                    ","PROVISAO DE ENCARGOS                    ","PROVISAO DE ENCARGOS                    ","PROVISAO DE ENCARGOS                    ","PROVISAO DE ENCARGOS                    ","PROVISAO DE ENCARGOS                    ","PROVISOES                               ","EXIGIVEIS A CURTO PRAZO                 ","PASSIVO CIRCULANTE                      ","PASSIVO                                 ","210191              ","210191              ","210191              ","210191              ","210191              ","210191              ","210191              ","21019               ","2101                ","21                  ","2                   ","P |01|AK5200||"
"21019               ","1","P |01|CT1200||210192","P |01|CT1200||210192","P |01|CT1200||210192","P |01|CT1200||210192","P |01|CT1200||210192","P |01|CT1200||210192","P |01|CT1200||210192","P |01|CT1200||21019","P |01|CT1200||2101","P |01|CT1200||21","P |01|CT1200||2","PROVISOES PARA CONTINGENCIAS            ","PROVISOES PARA CONTINGENCIAS            ","PROVISOES PARA CONTINGENCIAS            ","PROVISOES PARA CONTINGENCIAS            ","PROVISOES PARA CONTINGENCIAS            ","PROVISOES PARA CONTINGENCIAS            ","PROVISOES PARA CONTINGENCIAS            ","PROVISOES                               ","EXIGIVEIS A CURTO PRAZO                 ","PASSIVO CIRCULANTE                      ","PASSIVO                                 ","210192              ","210192              ","210192              ","210192              ","210192              ","210192              ","210192              ","21019               ","2101                ","21                  ","2                   ","P |01|AK5200||"
"210191              ","2","P |01|CT1200||21019101","P |01|CT1200||21019101","P |01|CT1200||21019101","P |01|CT1200||21019101","P |01|CT1200||21019101","P |01|CT1200||21019101","P |01|CT1200||210191","P |01|CT1200||21019","P |01|CT1200||2101","P |01|CT1200||21","P |01|CT1200||2","PROVISAO DE FERIAS A PAGAR              ","PROVISAO DE FERIAS A PAGAR              ","PROVISAO DE FERIAS A PAGAR              ","PROVISAO DE FERIAS A PAGAR              ","PROVISAO DE FERIAS A PAGAR              ","PROVISAO DE FERIAS A PAGAR              ","PROVISAO DE ENCARGOS                    ","PROVISOES                               ","EXIGIVEIS A CURTO PRAZO                 ","PASSIVO CIRCULANTE                      ","PASSIVO                                 ","21019101            ","21019101            ","21019101            ","21019101            ","21019101            ","21019101            ","210191              ","21019               ","2101                ","21                  ","2                   ","P |01|AK5200||"
"210191              ","2","P |01|CT1200||21019102","P |01|CT1200||21019102","P |01|CT1200||21019102","P |01|CT1200||21019102","P |01|CT1200||21019102","P |01|CT1200||21019102","P |01|CT1200||210191","P |01|CT1200||21019","P |01|CT1200||2101","P |01|CT1200||21","P |01|CT1200||2","PROVISAO INSS S/FERIAS A PAGAR          ","PROVISAO INSS S/FERIAS A PAGAR          ","PROVISAO INSS S/FERIAS A PAGAR          ","PROVISAO INSS S/FERIAS A PAGAR          ","PROVISAO INSS S/FERIAS A PAGAR          ","PROVISAO INSS S/FERIAS A PAGAR          ","PROVISAO DE ENCARGOS                    ","PROVISOES                               ","EXIGIVEIS A CURTO PRAZO                 ","PASSIVO CIRCULANTE                      ","PASSIVO                                 ","21019102            ","21019102            ","21019102            ","21019102            ","21019102            ","21019102            ","210191              ","21019               ","2101                ","21                  ","2                   ","P |01|AK5200||"
"210191              ","2","P |01|CT1200||21019103","P |01|CT1200||21019103","P |01|CT1200||21019103","P |01|CT1200||21019103","P |01|CT1200||21019103","P |01|CT1200||21019103","P |01|CT1200||210191","P |01|CT1200||21019","P |01|CT1200||2101","P |01|CT1200||21","P |01|CT1200||2","PROVISAO FGTS S/FERIAS A PAGAR          ","PROVISAO FGTS S/FERIAS A PAGAR          ","PROVISAO FGTS S/FERIAS A PAGAR          ","PROVISAO FGTS S/FERIAS A PAGAR          ","PROVISAO FGTS S/FERIAS A PAGAR          ","PROVISAO FGTS S/FERIAS A PAGAR          ","PROVISAO DE ENCARGOS                    ","PROVISOES                               ","EXIGIVEIS A CURTO PRAZO                 ","PASSIVO CIRCULANTE                      ","PASSIVO                                 ","21019103            ","21019103            ","21019103            ","21019103            ","21019103            ","21019103            ","210191              ","21019               ","2101                ","21                  ","2                   ","P |01|AK5200||"
"210191              ","2","P |01|CT1200||21019104","P |01|CT1200||21019104","P |01|CT1200||21019104","P |01|CT1200||21019104","P |01|CT1200||21019104","P |01|CT1200||21019104","P |01|CT1200||210191","P |01|CT1200||21019","P |01|CT1200||2101","P |01|CT1200||21","P |01|CT1200||2","PROVISAO 13º SALARIO A PAGAR            ","PROVISAO 13º SALARIO A PAGAR            ","PROVISAO 13º SALARIO A PAGAR            ","PROVISAO 13º SALARIO A PAGAR            ","PROVISAO 13º SALARIO A PAGAR            ","PROVISAO 13º SALARIO A PAGAR            ","PROVISAO DE ENCARGOS                    ","PROVISOES                               ","EXIGIVEIS A CURTO PRAZO                 ","PASSIVO CIRCULANTE                      ","PASSIVO                                 ","21019104            ","21019104            ","21019104            ","21019104            ","21019104            ","21019104            ","210191              ","21019               ","2101                ","21                  ","2                   ","P |01|AK5200||"
"210191              ","2","P |01|CT1200||21019105","P |01|CT1200||21019105","P |01|CT1200||21019105","P |01|CT1200||21019105","P |01|CT1200||21019105","P |01|CT1200||21019105","P |01|CT1200||210191","P |01|CT1200||21019","P |01|CT1200||2101","P |01|CT1200||21","P |01|CT1200||2","PROVISAO INSS S/13º SALARIO A PAGAR     ","PROVISAO INSS S/13º SALARIO A PAGAR     ","PROVISAO INSS S/13º SALARIO A PAGAR     ","PROVISAO INSS S/13º SALARIO A PAGAR     ","PROVISAO INSS S/13º SALARIO A PAGAR     ","PROVISAO INSS S/13º SALARIO A PAGAR     ","PROVISAO DE ENCARGOS                    ","PROVISOES                               ","EXIGIVEIS A CURTO PRAZO                 ","PASSIVO CIRCULANTE                      ","PASSIVO                                 ","21019105            ","21019105            ","21019105            ","21019105            ","21019105            ","21019105            ","210191              ","21019               ","2101                ","21                  ","2                   ","P |01|AK5200||"
"210191              ","2","P |01|CT1200||21019106","P |01|CT1200||21019106","P |01|CT1200||21019106","P |01|CT1200||21019106","P |01|CT1200||21019106","P |01|CT1200||21019106","P |01|CT1200||210191","P |01|CT1200||21019","P |01|CT1200||2101","P |01|CT1200||21","P |01|CT1200||2","PROVISAO FGTS S/13º SALARIO A PAGAR     ","PROVISAO FGTS S/13º SALARIO A PAGAR     ","PROVISAO FGTS S/13º SALARIO A PAGAR     ","PROVISAO FGTS S/13º SALARIO A PAGAR     ","PROVISAO FGTS S/13º SALARIO A PAGAR     ","PROVISAO FGTS S/13º SALARIO A PAGAR     ","PROVISAO DE ENCARGOS                    ","PROVISOES                               ","EXIGIVEIS A CURTO PRAZO                 ","PASSIVO CIRCULANTE                      ","PASSIVO                                 ","21019106            ","21019106            ","21019106            ","21019106            ","21019106            ","21019106            ","210191              ","21019               ","2101                ","21                  ","2                   ","P |01|AK5200||"
"210192              ","2","P |01|CT1200||21019201","P |01|CT1200||21019201","P |01|CT1200||21019201","P |01|CT1200||21019201","P |01|CT1200||21019201","P |01|CT1200||21019201","P |01|CT1200||210192","P |01|CT1200||21019","P |01|CT1200||2101","P |01|CT1200||21","P |01|CT1200||2","ELETROTRAFO PRODUTOS ELETRONICOS        ","ELETROTRAFO PRODUTOS ELETRONICOS        ","ELETROTRAFO PRODUTOS ELETRONICOS        ","ELETROTRAFO PRODUTOS ELETRONICOS        ","ELETROTRAFO PRODUTOS ELETRONICOS        ","ELETROTRAFO PRODUTOS ELETRONICOS        ","PROVISOES PARA CONTINGENCIAS            ","PROVISOES                               ","EXIGIVEIS A CURTO PRAZO                 ","PASSIVO CIRCULANTE                      ","PASSIVO                                 ","21019201            ","21019201            ","21019201            ","21019201            ","21019201            ","21019201            ","210192              ","21019               ","2101                ","21                  ","2                   ","P |01|AK5200||"
"210192              ","2","P |01|CT1200||21019202","P |01|CT1200||21019202","P |01|CT1200||21019202","P |01|CT1200||21019202","P |01|CT1200||21019202","P |01|CT1200||21019202","P |01|CT1200||210192","P |01|CT1200||21019","P |01|CT1200||2101","P |01|CT1200||21","P |01|CT1200||2","L.C. OLIVEIRA ANDRADE (AGTEC)           ","L.C. OLIVEIRA ANDRADE (AGTEC)           ","L.C. OLIVEIRA ANDRADE (AGTEC)           ","L.C. OLIVEIRA ANDRADE (AGTEC)           ","L.C. OLIVEIRA ANDRADE (AGTEC)           ","L.C. OLIVEIRA ANDRADE (AGTEC)           ","PROVISOES PARA CONTINGENCIAS            ","PROVISOES                               ","EXIGIVEIS A CURTO PRAZO                 ","PASSIVO CIRCULANTE                      ","PASSIVO                                 ","21019202            ","21019202            ","21019202            ","21019202            ","21019202            ","21019202            ","210192              ","21019               ","2101                ","21                  ","2                   ","P |01|AK5200||"
"210192              ","2","P |01|CT1200||21019203","P |01|CT1200||21019203","P |01|CT1200||21019203","P |01|CT1200||21019203","P |01|CT1200||21019203","P |01|CT1200||21019203","P |01|CT1200||210192","P |01|CT1200||21019","P |01|CT1200||2101","P |01|CT1200||21","P |01|CT1200||2","AGNOALDO LIMA                           ","AGNOALDO LIMA                           ","AGNOALDO LIMA                           ","AGNOALDO LIMA                           ","AGNOALDO LIMA                           ","AGNOALDO LIMA                           ","PROVISOES PARA CONTINGENCIAS            ","PROVISOES                               ","EXIGIVEIS A CURTO PRAZO                 ","PASSIVO CIRCULANTE                      ","PASSIVO                                 ","21019203            ","21019203            ","21019203            ","21019203            ","21019203            ","21019203            ","210192              ","21019               ","2101                ","21                  ","2                   ","P |01|AK5200||"
"2102                ","1","P |01|CT1200||21021","P |01|CT1200||21021","P |01|CT1200||21021","P |01|CT1200||21021","P |01|CT1200||21021","P |01|CT1200||21021","P |01|CT1200||21021","P |01|CT1200||21021","P |01|CT1200||2102","P |01|CT1200||21","P |01|CT1200||2","OUTROS VALORES A PAGAR                  ","OUTROS VALORES A PAGAR                  ","OUTROS VALORES A PAGAR                  ","OUTROS VALORES A PAGAR                  ","OUTROS VALORES A PAGAR                  ","OUTROS VALORES A PAGAR                  ","OUTROS VALORES A PAGAR                  ","OUTROS VALORES A PAGAR                  ","OUTROS                                  ","PASSIVO CIRCULANTE                      ","PASSIVO                                 ","21021               ","21021               ","21021               ","21021               ","21021               ","21021               ","21021               ","21021               ","2102                ","21                  ","2                   ","P |01|AK5200||"
"2102                ","1","P |01|CT1200||21022","P |01|CT1200||21022","P |01|CT1200||21022","P |01|CT1200||21022","P |01|CT1200||21022","P |01|CT1200||21022","P |01|CT1200||21022","P |01|CT1200||21022","P |01|CT1200||2102","P |01|CT1200||21","P |01|CT1200||2","EMPRESTIMOS                             ","EMPRESTIMOS                             ","EMPRESTIMOS                             ","EMPRESTIMOS                             ","EMPRESTIMOS                             ","EMPRESTIMOS                             ","EMPRESTIMOS                             ","EMPRESTIMOS                             ","OUTROS                                  ","PASSIVO CIRCULANTE                      ","PASSIVO                                 ","21022               ","21022               ","21022               ","21022               ","21022               ","21022               ","21022               ","21022               ","2102                ","21                  ","2                   ","P |01|AK5200||"
"2102                ","1","P |01|CT1200||21023","P |01|CT1200||21023","P |01|CT1200||21023","P |01|CT1200||21023","P |01|CT1200||21023","P |01|CT1200||21023","P |01|CT1200||21023","P |01|CT1200||21023","P |01|CT1200||2102","P |01|CT1200||21","P |01|CT1200||2","LUCROS E DIVIDENDOS A PAGAR             ","LUCROS E DIVIDENDOS A PAGAR             ","LUCROS E DIVIDENDOS A PAGAR             ","LUCROS E DIVIDENDOS A PAGAR             ","LUCROS E DIVIDENDOS A PAGAR             ","LUCROS E DIVIDENDOS A PAGAR             ","LUCROS E DIVIDENDOS A PAGAR             ","LUCROS E DIVIDENDOS A PAGAR             ","OUTROS                                  ","PASSIVO CIRCULANTE                      ","PASSIVO                                 ","21023               ","21023               ","21023               ","21023               ","21023               ","21023               ","21023               ","21023               ","2102                ","21                  ","2                   ","P |01|AK5200||"
"21021               ","2","P |01|CT1200||21021001","P |01|CT1200||21021001","P |01|CT1200||21021001","P |01|CT1200||21021001","P |01|CT1200||21021001","P |01|CT1200||21021001","P |01|CT1200||21021001","P |01|CT1200||21021","P |01|CT1200||2102","P |01|CT1200||21","P |01|CT1200||2","COMPRA  DE CARTEIRAS DE CLIENTES        ","COMPRA  DE CARTEIRAS DE CLIENTES        ","COMPRA  DE CARTEIRAS DE CLIENTES        ","COMPRA  DE CARTEIRAS DE CLIENTES        ","COMPRA  DE CARTEIRAS DE CLIENTES        ","COMPRA  DE CARTEIRAS DE CLIENTES        ","COMPRA  DE CARTEIRAS DE CLIENTES        ","OUTROS VALORES A PAGAR                  ","OUTROS                                  ","PASSIVO CIRCULANTE                      ","PASSIVO                                 ","21021001            ","21021001            ","21021001            ","21021001            ","21021001            ","21021001            ","21021001            ","21021               ","2102                ","21                  ","2                   ","P |01|AK5200||"
"21021               ","2","P |01|CT1200||21021003","P |01|CT1200||21021003","P |01|CT1200||21021003","P |01|CT1200||21021003","P |01|CT1200||21021003","P |01|CT1200||21021003","P |01|CT1200||21021003","P |01|CT1200||21021","P |01|CT1200||2102","P |01|CT1200||21","P |01|CT1200||2","FINANCIAMENTO TOTVS - MUTUO SJRP        ","FINANCIAMENTO TOTVS - MUTUO SJRP        ","FINANCIAMENTO TOTVS - MUTUO SJRP        ","FINANCIAMENTO TOTVS - MUTUO SJRP        ","FINANCIAMENTO TOTVS - MUTUO SJRP        ","FINANCIAMENTO TOTVS - MUTUO SJRP        ","FINANCIAMENTO TOTVS - MUTUO SJRP        ","OUTROS VALORES A PAGAR                  ","OUTROS                                  ","PASSIVO CIRCULANTE                      ","PASSIVO                                 ","21021003            ","21021003            ","21021003            ","21021003            ","21021003            ","21021003            ","21021003            ","21021               ","2102                ","21                  ","2                   ","P |01|AK5200||"
"21021               ","2","P |01|CT1200||21021004","P |01|CT1200||21021004","P |01|CT1200||21021004","P |01|CT1200||21021004","P |01|CT1200||21021004","P |01|CT1200||21021004","P |01|CT1200||21021004","P |01|CT1200||21021","P |01|CT1200||2102","P |01|CT1200||21","P |01|CT1200||2","WAYUP SERVICOS EM TECNOLOGIA LTDA       ","WAYUP SERVICOS EM TECNOLOGIA LTDA       ","WAYUP SERVICOS EM TECNOLOGIA LTDA       ","WAYUP SERVICOS EM TECNOLOGIA LTDA       ","WAYUP SERVICOS EM TECNOLOGIA LTDA       ","WAYUP SERVICOS EM TECNOLOGIA LTDA       ","WAYUP SERVICOS EM TECNOLOGIA LTDA       ","OUTROS VALORES A PAGAR                  ","OUTROS                                  ","PASSIVO CIRCULANTE                      ","PASSIVO                                 ","21021004            ","21021004            ","21021004            ","21021004            ","21021004            ","21021004            ","21021004            ","21021               ","2102                ","21                  ","2                   ","P |01|AK5200||"
"21022               ","2","P |01|CT1200||21022001","P |01|CT1200||21022001","P |01|CT1200||21022001","P |01|CT1200||21022001","P |01|CT1200||21022001","P |01|CT1200||21022001","P |01|CT1200||21022001","P |01|CT1200||21022","P |01|CT1200||2102","P |01|CT1200||21","P |01|CT1200||2","MUTUO WAYUP SERVICOS X WAYUP SJRP       ","MUTUO WAYUP SERVICOS X WAYUP SJRP       ","MUTUO WAYUP SERVICOS X WAYUP SJRP       ","MUTUO WAYUP SERVICOS X WAYUP SJRP       ","MUTUO WAYUP SERVICOS X WAYUP SJRP       ","MUTUO WAYUP SERVICOS X WAYUP SJRP       ","MUTUO WAYUP SERVICOS X WAYUP SJRP       ","EMPRESTIMOS                             ","OUTROS                                  ","PASSIVO CIRCULANTE                      ","PASSIVO                                 ","21022001            ","21022001            ","21022001            ","21022001            ","21022001            ","21022001            ","21022001            ","21022               ","2102                ","21                  ","2                   ","P |01|AK5200||"
"21023               ","2","P |01|CT1200||21023001","P |01|CT1200||21023001","P |01|CT1200||21023001","P |01|CT1200||21023001","P |01|CT1200||21023001","P |01|CT1200||21023001","P |01|CT1200||21023001","P |01|CT1200||21023","P |01|CT1200||2102","P |01|CT1200||21","P |01|CT1200||2","TOP PARTICIPACOES S/A- LUCROS A PAGAR   ","TOP PARTICIPACOES S/A- LUCROS A PAGAR   ","TOP PARTICIPACOES S/A- LUCROS A PAGAR   ","TOP PARTICIPACOES S/A- LUCROS A PAGAR   ","TOP PARTICIPACOES S/A- LUCROS A PAGAR   ","TOP PARTICIPACOES S/A- LUCROS A PAGAR   ","TOP PARTICIPACOES S/A- LUCROS A PAGAR   ","LUCROS E DIVIDENDOS A PAGAR             ","OUTROS                                  ","PASSIVO CIRCULANTE                      ","PASSIVO                                 ","21023001            ","21023001            ","21023001            ","21023001            ","21023001            ","21023001            ","21023001            ","21023               ","2102                ","21                  ","2                   ","P |01|AK5200||"
"2103                ","1","P |01|CT1200||21032","P |01|CT1200||21032","P |01|CT1200||21032","P |01|CT1200||21032","P |01|CT1200||21032","P |01|CT1200||21032","P |01|CT1200||21032","P |01|CT1200||21032","P |01|CT1200||2103","P |01|CT1200||21","P |01|CT1200||2","PROVISAO ENCARGOS                       ","PROVISAO ENCARGOS                       ","PROVISAO ENCARGOS                       ","PROVISAO ENCARGOS                       ","PROVISAO ENCARGOS                       ","PROVISAO ENCARGOS                       ","PROVISAO ENCARGOS                       ","PROVISAO ENCARGOS                       ","PROVISOES                               ","PASSIVO CIRCULANTE                      ","PASSIVO                                 ","21032               ","21032               ","21032               ","21032               ","21032               ","21032               ","21032               ","21032               ","2103                ","21                  ","2                   ","P |01|AK5200||"
"2103                ","1","P |01|CT1200||21033","P |01|CT1200||21033","P |01|CT1200||21033","P |01|CT1200||21033","P |01|CT1200||21033","P |01|CT1200||21033","P |01|CT1200||21033","P |01|CT1200||21033","P |01|CT1200||2103","P |01|CT1200||21","P |01|CT1200||2","PROVISOES PARA GARANTIAS                ","PROVISOES PARA GARANTIAS                ","PROVISOES PARA GARANTIAS                ","PROVISOES PARA GARANTIAS                ","PROVISOES PARA GARANTIAS                ","PROVISOES PARA GARANTIAS                ","PROVISOES PARA GARANTIAS                ","PROVISOES PARA GARANTIAS                ","PROVISOES                               ","PASSIVO CIRCULANTE                      ","PASSIVO                                 ","21033               ","21033               ","21033               ","21033               ","21033               ","21033               ","21033               ","21033               ","2103                ","21                  ","2                   ","P |01|AK5200||"
"2103                ","1","P |01|CT1200||21034","P |01|CT1200||21034","P |01|CT1200||21034","P |01|CT1200||21034","P |01|CT1200||21034","P |01|CT1200||21034","P |01|CT1200||21034","P |01|CT1200||21034","P |01|CT1200||2103","P |01|CT1200||21","P |01|CT1200||2","PROVISOES PARA CONTINGENCIAS            ","PROVISOES PARA CONTINGENCIAS            ","PROVISOES PARA CONTINGENCIAS            ","PROVISOES PARA CONTINGENCIAS            ","PROVISOES PARA CONTINGENCIAS            ","PROVISOES PARA CONTINGENCIAS            ","PROVISOES PARA CONTINGENCIAS            ","PROVISOES PARA CONTINGENCIAS            ","PROVISOES                               ","PASSIVO CIRCULANTE                      ","PASSIVO                                 ","21034               ","21034               ","21034               ","21034               ","21034               ","21034               ","21034               ","21034               ","2103                ","21                  ","2                   ","P |01|AK5200||"
"2103                ","1","P |01|CT1200||21035","P |01|CT1200||21035","P |01|CT1200||21035","P |01|CT1200||21035","P |01|CT1200||21035","P |01|CT1200||21035","P |01|CT1200||21035","P |01|CT1200||21035","P |01|CT1200||2103","P |01|CT1200||21","P |01|CT1200||2","PROVISOES OUTRAS                        ","PROVISOES OUTRAS                        ","PROVISOES OUTRAS                        ","PROVISOES OUTRAS                        ","PROVISOES OUTRAS                        ","PROVISOES OUTRAS                        ","PROVISOES OUTRAS                        ","PROVISOES OUTRAS                        ","PROVISOES                               ","PASSIVO CIRCULANTE                      ","PASSIVO                                 ","21035               ","21035               ","21035               ","21035               ","21035               ","21035               ","21035               ","21035               ","2103                ","21                  ","2                   ","P |01|AK5200||"
"21032               ","2","P |01|CT1200||21032001","P |01|CT1200||21032001","P |01|CT1200||21032001","P |01|CT1200||21032001","P |01|CT1200||21032001","P |01|CT1200||21032001","P |01|CT1200||21032001","P |01|CT1200||21032","P |01|CT1200||2103","P |01|CT1200||21","P |01|CT1200||2","PROVISAO FERIAS A PAGAR                 ","PROVISAO FERIAS A PAGAR                 ","PROVISAO FERIAS A PAGAR                 ","PROVISAO FERIAS A PAGAR                 ","PROVISAO FERIAS A PAGAR                 ","PROVISAO FERIAS A PAGAR                 ","PROVISAO FERIAS A PAGAR                 ","PROVISAO ENCARGOS                       ","PROVISOES                               ","PASSIVO CIRCULANTE                      ","PASSIVO                                 ","21032001            ","21032001            ","21032001            ","21032001            ","21032001            ","21032001            ","21032001            ","21032               ","2103                ","21                  ","2                   ","P |01|AK5200||"
"21032               ","2","P |01|CT1200||21032002","P |01|CT1200||21032002","P |01|CT1200||21032002","P |01|CT1200||21032002","P |01|CT1200||21032002","P |01|CT1200||21032002","P |01|CT1200||21032002","P |01|CT1200||21032","P |01|CT1200||2103","P |01|CT1200||21","P |01|CT1200||2","PROVISAO 13 SALARIO A PAGAR             ","PROVISAO 13 SALARIO A PAGAR             ","PROVISAO 13 SALARIO A PAGAR             ","PROVISAO 13 SALARIO A PAGAR             ","PROVISAO 13 SALARIO A PAGAR             ","PROVISAO 13 SALARIO A PAGAR             ","PROVISAO 13 SALARIO A PAGAR             ","PROVISAO ENCARGOS                       ","PROVISOES                               ","PASSIVO CIRCULANTE                      ","PASSIVO                                 ","21032002            ","21032002            ","21032002            ","21032002            ","21032002            ","21032002            ","21032002            ","21032               ","2103                ","21                  ","2                   ","P |01|AK5200||"
"21032               ","2","P |01|CT1200||21032004","P |01|CT1200||21032004","P |01|CT1200||21032004","P |01|CT1200||21032004","P |01|CT1200||21032004","P |01|CT1200||21032004","P |01|CT1200||21032004","P |01|CT1200||21032","P |01|CT1200||2103","P |01|CT1200||21","P |01|CT1200||2","PROVISAO INSS S/ FERIAS                 ","PROVISAO INSS S/ FERIAS                 ","PROVISAO INSS S/ FERIAS                 ","PROVISAO INSS S/ FERIAS                 ","PROVISAO INSS S/ FERIAS                 ","PROVISAO INSS S/ FERIAS                 ","PROVISAO INSS S/ FERIAS                 ","PROVISAO ENCARGOS                       ","PROVISOES                               ","PASSIVO CIRCULANTE                      ","PASSIVO                                 ","21032004            ","21032004            ","21032004            ","21032004            ","21032004            ","21032004            ","21032004            ","21032               ","2103                ","21                  ","2                   ","P |01|AK5200||"
"21032               ","2","P |01|CT1200||21032005","P |01|CT1200||21032005","P |01|CT1200||21032005","P |01|CT1200||21032005","P |01|CT1200||21032005","P |01|CT1200||21032005","P |01|CT1200||21032005","P |01|CT1200||21032","P |01|CT1200||2103","P |01|CT1200||21","P |01|CT1200||2","PROVISAO DE FGTS S/ FERIAS              ","PROVISAO DE FGTS S/ FERIAS              ","PROVISAO DE FGTS S/ FERIAS              ","PROVISAO DE FGTS S/ FERIAS              ","PROVISAO DE FGTS S/ FERIAS              ","PROVISAO DE FGTS S/ FERIAS              ","PROVISAO DE FGTS S/ FERIAS              ","PROVISAO ENCARGOS                       ","PROVISOES                               ","PASSIVO CIRCULANTE                      ","PASSIVO                                 ","21032005            ","21032005            ","21032005            ","21032005            ","21032005            ","21032005            ","21032005            ","21032               ","2103                ","21                  ","2                   ","P |01|AK5200||"
"21032               ","2","P |01|CT1200||21032006","P |01|CT1200||21032006","P |01|CT1200||21032006","P |01|CT1200||21032006","P |01|CT1200||21032006","P |01|CT1200||21032006","P |01|CT1200||21032006","P |01|CT1200||21032","P |01|CT1200||2103","P |01|CT1200||21","P |01|CT1200||2","PROVISAO DE INSS S/ 13° SALARIO         ","PROVISAO DE INSS S/ 13° SALARIO         ","PROVISAO DE INSS S/ 13° SALARIO         ","PROVISAO DE INSS S/ 13° SALARIO         ","PROVISAO DE INSS S/ 13° SALARIO         ","PROVISAO DE INSS S/ 13° SALARIO         ","PROVISAO DE INSS S/ 13° SALARIO         ","PROVISAO ENCARGOS                       ","PROVISOES                               ","PASSIVO CIRCULANTE                      ","PASSIVO                                 ","21032006            ","21032006            ","21032006            ","21032006            ","21032006            ","21032006            ","21032006            ","21032               ","2103                ","21                  ","2                   ","P |01|AK5200||"
"21032               ","2","P |01|CT1200||21032007","P |01|CT1200||21032007","P |01|CT1200||21032007","P |01|CT1200||21032007","P |01|CT1200||21032007","P |01|CT1200||21032007","P |01|CT1200||21032007","P |01|CT1200||21032","P |01|CT1200||2103","P |01|CT1200||21","P |01|CT1200||2","PROVISAO DE FGTS 13° SALARIO            ","PROVISAO DE FGTS 13° SALARIO            ","PROVISAO DE FGTS 13° SALARIO            ","PROVISAO DE FGTS 13° SALARIO            ","PROVISAO DE FGTS 13° SALARIO            ","PROVISAO DE FGTS 13° SALARIO            ","PROVISAO DE FGTS 13° SALARIO            ","PROVISAO ENCARGOS                       ","PROVISOES                               ","PASSIVO CIRCULANTE                      ","PASSIVO                                 ","21032007            ","21032007            ","21032007            ","21032007            ","21032007            ","21032007            ","21032007            ","21032               ","2103                ","21                  ","2                   ","P |01|AK5200||"
"21032               ","2","P |01|CT1200||21032008","P |01|CT1200||21032008","P |01|CT1200||21032008","P |01|CT1200||21032008","P |01|CT1200||21032008","P |01|CT1200||21032008","P |01|CT1200||21032008","P |01|CT1200||21032","P |01|CT1200||2103","P |01|CT1200||21","P |01|CT1200||2","PROVISAO PARA CSLL                      ","PROVISAO PARA CSLL                      ","PROVISAO PARA CSLL                      ","PROVISAO PARA CSLL                      ","PROVISAO PARA CSLL                      ","PROVISAO PARA CSLL                      ","PROVISAO PARA CSLL                      ","PROVISAO ENCARGOS                       ","PROVISOES                               ","PASSIVO CIRCULANTE                      ","PASSIVO                                 ","21032008            ","21032008            ","21032008            ","21032008            ","21032008            ","21032008            ","21032008            ","21032               ","2103                ","21                  ","2                   ","P |01|AK5200||"
"21032               ","2","P |01|CT1200||21032009","P |01|CT1200||21032009","P |01|CT1200||21032009","P |01|CT1200||21032009","P |01|CT1200||21032009","P |01|CT1200||21032009","P |01|CT1200||21032009","P |01|CT1200||21032","P |01|CT1200||2103","P |01|CT1200||21","P |01|CT1200||2","PROVISAO PARA IRPJ                      ","PROVISAO PARA IRPJ                      ","PROVISAO PARA IRPJ                      ","PROVISAO PARA IRPJ                      ","PROVISAO PARA IRPJ                      ","PROVISAO PARA IRPJ                      ","PROVISAO PARA IRPJ                      ","PROVISAO ENCARGOS                       ","PROVISOES                               ","PASSIVO CIRCULANTE                      ","PASSIVO                                 ","21032009            ","21032009            ","21032009            ","21032009            ","21032009            ","21032009            ","21032009            ","21032               ","2103                ","21                  ","2                   ","P |01|AK5200||"
"21032               ","2","P |01|CT1200||21032010","P |01|CT1200||21032010","P |01|CT1200||21032010","P |01|CT1200||21032010","P |01|CT1200||21032010","P |01|CT1200||21032010","P |01|CT1200||21032010","P |01|CT1200||21032","P |01|CT1200||2103","P |01|CT1200||21","P |01|CT1200||2","PROVISAO PARA PAGAMENTO PREST. SERVICOS ","PROVISAO PARA PAGAMENTO PREST. SERVICOS ","PROVISAO PARA PAGAMENTO PREST. SERVICOS ","PROVISAO PARA PAGAMENTO PREST. SERVICOS ","PROVISAO PARA PAGAMENTO PREST. SERVICOS ","PROVISAO PARA PAGAMENTO PREST. SERVICOS ","PROVISAO PARA PAGAMENTO PREST. SERVICOS ","PROVISAO ENCARGOS                       ","PROVISOES                               ","PASSIVO CIRCULANTE                      ","PASSIVO                                 ","21032010            ","21032010            ","21032010            ","21032010            ","21032010            ","21032010            ","21032010            ","21032               ","2103                ","21                  ","2                   ","P |01|AK5200||"
"21033               ","2","P |01|CT1200||21033001","P |01|CT1200||21033001","P |01|CT1200||21033001","P |01|CT1200||21033001","P |01|CT1200||21033001","P |01|CT1200||21033001","P |01|CT1200||21033001","P |01|CT1200||21033","P |01|CT1200||2103","P |01|CT1200||21","P |01|CT1200||2","FASSONY JEFERSON DE OLIVERIA            ","FASSONY JEFERSON DE OLIVERIA            ","FASSONY JEFERSON DE OLIVERIA            ","FASSONY JEFERSON DE OLIVERIA            ","FASSONY JEFERSON DE OLIVERIA            ","FASSONY JEFERSON DE OLIVERIA            ","FASSONY JEFERSON DE OLIVERIA            ","PROVISAO OUTRAS OBRIGACOES              ","PROVISOES                               ","PASSIVO CIRCULANTE                      ","PASSIVO                                 ","21033001            ","21033001            ","21033001            ","21033001            ","21033001            ","21033001            ","21033001            ","21033               ","2103                ","21                  ","2                   ","P |01|AK5200||"
"21033               ","2","P |01|CT1200||21033001","P |01|CT1200||21033001","P |01|CT1200||21033001","P |01|CT1200||21033001","P |01|CT1200||21033001","P |01|CT1200||21033001","P |01|CT1200||21033001","P |01|CT1200||21033","P |01|CT1200||2103","P |01|CT1200||21","P |01|CT1200||2","FASSONY JEFERSON DE OLIVERIA            ","FASSONY JEFERSON DE OLIVERIA            ","FASSONY JEFERSON DE OLIVERIA            ","FASSONY JEFERSON DE OLIVERIA            ","FASSONY JEFERSON DE OLIVERIA            ","FASSONY JEFERSON DE OLIVERIA            ","FASSONY JEFERSON DE OLIVERIA            ","PROVISOES PARA GARANTIAS                ","PROVISOES                               ","PASSIVO CIRCULANTE                      ","PASSIVO                                 ","21033001            ","21033001            ","21033001            ","21033001            ","21033001            ","21033001            ","21033001            ","21033               ","2103                ","21                  ","2                   ","P |01|AK5200||"
"21033               ","2","P |01|CT1200||21033002","P |01|CT1200||21033002","P |01|CT1200||21033002","P |01|CT1200||21033002","P |01|CT1200||21033002","P |01|CT1200||21033002","P |01|CT1200||21033002","P |01|CT1200||21033","P |01|CT1200||2103","P |01|CT1200||21","P |01|CT1200||2","ELETROTRAFO PRODUTOS ELETRONICOS        ","ELETROTRAFO PRODUTOS ELETRONICOS        ","ELETROTRAFO PRODUTOS ELETRONICOS        ","ELETROTRAFO PRODUTOS ELETRONICOS        ","ELETROTRAFO PRODUTOS ELETRONICOS        ","ELETROTRAFO PRODUTOS ELETRONICOS        ","ELETROTRAFO PRODUTOS ELETRONICOS        ","PROVISAO OUTRAS OBRIGACOES              ","PROVISOES                               ","PASSIVO CIRCULANTE                      ","PASSIVO                                 ","21033002            ","21033002            ","21033002            ","21033002            ","21033002            ","21033002            ","21033002            ","21033               ","2103                ","21                  ","2                   ","P |01|AK5200||"
"21033               ","2","P |01|CT1200||21033002","P |01|CT1200||21033002","P |01|CT1200||21033002","P |01|CT1200||21033002","P |01|CT1200||21033002","P |01|CT1200||21033002","P |01|CT1200||21033002","P |01|CT1200||21033","P |01|CT1200||2103","P |01|CT1200||21","P |01|CT1200||2","ELETROTRAFO PRODUTOS ELETRONICOS        ","ELETROTRAFO PRODUTOS ELETRONICOS        ","ELETROTRAFO PRODUTOS ELETRONICOS        ","ELETROTRAFO PRODUTOS ELETRONICOS        ","ELETROTRAFO PRODUTOS ELETRONICOS        ","ELETROTRAFO PRODUTOS ELETRONICOS        ","ELETROTRAFO PRODUTOS ELETRONICOS        ","PROVISOES PARA GARANTIAS                ","PROVISOES                               ","PASSIVO CIRCULANTE                      ","PASSIVO                                 ","21033002            ","21033002            ","21033002            ","21033002            ","21033002            ","21033002            ","21033002            ","21033               ","2103                ","21                  ","2                   ","P |01|AK5200||"
"21034               ","2","P |01|CT1200||21034001","P |01|CT1200||21034001","P |01|CT1200||21034001","P |01|CT1200||21034001","P |01|CT1200||21034001","P |01|CT1200||21034001","P |01|CT1200||21034001","P |01|CT1200||21034","P |01|CT1200||2103","P |01|CT1200||21","P |01|CT1200||2","L.C. OLIVEIRA ANDRADE(AGTEC)            ","L.C. OLIVEIRA ANDRADE(AGTEC)            ","L.C. OLIVEIRA ANDRADE(AGTEC)            ","L.C. OLIVEIRA ANDRADE(AGTEC)            ","L.C. OLIVEIRA ANDRADE(AGTEC)            ","L.C. OLIVEIRA ANDRADE(AGTEC)            ","L.C. OLIVEIRA ANDRADE(AGTEC)            ","PROVISOES FORNECEDORES A PAGAR          ","PROVISOES                               ","PASSIVO CIRCULANTE                      ","PASSIVO                                 ","21034001            ","21034001            ","21034001            ","21034001            ","21034001            ","21034001            ","21034001            ","21034               ","2103                ","21                  ","2                   ","P |01|AK5200||"
"21034               ","2","P |01|CT1200||21034001","P |01|CT1200||21034001","P |01|CT1200||21034001","P |01|CT1200||21034001","P |01|CT1200||21034001","P |01|CT1200||21034001","P |01|CT1200||21034001","P |01|CT1200||21034","P |01|CT1200||2103","P |01|CT1200||21","P |01|CT1200||2","L.C. OLIVEIRA ANDRADE(AGTEC)            ","L.C. OLIVEIRA ANDRADE(AGTEC)            ","L.C. OLIVEIRA ANDRADE(AGTEC)            ","L.C. OLIVEIRA ANDRADE(AGTEC)            ","L.C. OLIVEIRA ANDRADE(AGTEC)            ","L.C. OLIVEIRA ANDRADE(AGTEC)            ","L.C. OLIVEIRA ANDRADE(AGTEC)            ","PROVISOES PARA CONTINGENCIAS            ","PROVISOES                               ","PASSIVO CIRCULANTE                      ","PASSIVO                                 ","21034001            ","21034001            ","21034001            ","21034001            ","21034001            ","21034001            ","21034001            ","21034               ","2103                ","21                  ","2                   ","P |01|AK5200||"
"21034               ","2","P |01|CT1200||21034002","P |01|CT1200||21034002","P |01|CT1200||21034002","P |01|CT1200||21034002","P |01|CT1200||21034002","P |01|CT1200||21034002","P |01|CT1200||21034002","P |01|CT1200||21034","P |01|CT1200||2103","P |01|CT1200||21","P |01|CT1200||2","AGNOALDO LIMA                           ","AGNOALDO LIMA                           ","AGNOALDO LIMA                           ","AGNOALDO LIMA                           ","AGNOALDO LIMA                           ","AGNOALDO LIMA                           ","AGNOALDO LIMA                           ","PROVISOES FORNECEDORES A PAGAR          ","PROVISOES                               ","PASSIVO CIRCULANTE                      ","PASSIVO                                 ","21034002            ","21034002            ","21034002            ","21034002            ","21034002            ","21034002            ","21034002            ","21034               ","2103                ","21                  ","2                   ","P |01|AK5200||"
"21034               ","2","P |01|CT1200||21034002","P |01|CT1200||21034002","P |01|CT1200||21034002","P |01|CT1200||21034002","P |01|CT1200||21034002","P |01|CT1200||21034002","P |01|CT1200||21034002","P |01|CT1200||21034","P |01|CT1200||2103","P |01|CT1200||21","P |01|CT1200||2","AGNOALDO LIMA                           ","AGNOALDO LIMA                           ","AGNOALDO LIMA                           ","AGNOALDO LIMA                           ","AGNOALDO LIMA                           ","AGNOALDO LIMA                           ","AGNOALDO LIMA                           ","PROVISOES PARA CONTINGENCIAS            ","PROVISOES                               ","PASSIVO CIRCULANTE                      ","PASSIVO                                 ","21034002            ","21034002            ","21034002            ","21034002            ","21034002            ","21034002            ","21034002            ","21034               ","2103                ","21                  ","2                   ","P |01|AK5200||"
"21035               ","2","P |01|CT1200||21035001","P |01|CT1200||21035001","P |01|CT1200||21035001","P |01|CT1200||21035001","P |01|CT1200||21035001","P |01|CT1200||21035001","P |01|CT1200||21035001","P |01|CT1200||21035","P |01|CT1200||2103","P |01|CT1200||21","P |01|CT1200||2","PROVISOES PARA PAGAMENTO PREST. SERVICOS","PROVISOES PARA PAGAMENTO PREST. SERVICOS","PROVISOES PARA PAGAMENTO PREST. SERVICOS","PROVISOES PARA PAGAMENTO PREST. SERVICOS","PROVISOES PARA PAGAMENTO PREST. SERVICOS","PROVISOES PARA PAGAMENTO PREST. SERVICOS","PROVISOES PARA PAGAMENTO PREST. SERVICOS","PROVISOES OUTRAS                        ","PROVISOES                               ","PASSIVO CIRCULANTE                      ","PASSIVO                                 ","21035001            ","21035001            ","21035001            ","21035001            ","21035001            ","21035001            ","21035001            ","21035               ","2103                ","21                  ","2                   ","P |01|AK5200||"
"2104                ","1","P |01|CT1200||21041","P |01|CT1200||21041","P |01|CT1200||21041","P |01|CT1200||21041","P |01|CT1200||21041","P |01|CT1200||21041","P |01|CT1200||21041","P |01|CT1200||21041","P |01|CT1200||2104","P |01|CT1200||21","P |01|CT1200||2","AJUSTE BUBA                             ","AJUSTE BUBA                             ","AJUSTE BUBA                             ","AJUSTE BUBA                             ","AJUSTE BUBA                             ","AJUSTE BUBA                             ","AJUSTE BUBA                             ","AJUSTE BUBA                             ","AJUSTE BUBA                             ","PASSIVO CIRCULANTE                      ","PASSIVO                                 ","21041               ","21041               ","21041               ","21041               ","21041               ","21041               ","21041               ","21041               ","2104                ","21                  ","2                   ","P |01|AK5200||"
"21041               ","2","P |01|CT1200||21041001","P |01|CT1200||21041001","P |01|CT1200||21041001","P |01|CT1200||21041001","P |01|CT1200||21041001","P |01|CT1200||21041001","P |01|CT1200||21041001","P |01|CT1200||21041","P |01|CT1200||2104","P |01|CT1200||21","P |01|CT1200||2","SALDO BUFFER/BACK LOG DOS PROJETOS      ","SALDO BUFFER/BACK LOG DOS PROJETOS      ","SALDO BUFFER/BACK LOG DOS PROJETOS      ","SALDO BUFFER/BACK LOG DOS PROJETOS      ","SALDO BUFFER/BACK LOG DOS PROJETOS      ","SALDO BUFFER/BACK LOG DOS PROJETOS      ","SALDO BUFFER/BACK LOG DOS PROJETOS      ","AJUSTE BUBA                             ","AJUSTE BUBA                             ","PASSIVO CIRCULANTE                      ","PASSIVO                                 ","21041001            ","21041001            ","21041001            ","21041001            ","21041001            ","21041001            ","21041001            ","21041               ","2104                ","21                  ","2                   ","P |01|AK5200||"
"22                  ","1","P |01|CT1200||2201","P |01|CT1200||2201","P |01|CT1200||2201","P |01|CT1200||2201","P |01|CT1200||2201","P |01|CT1200||2201","P |01|CT1200||2201","P |01|CT1200||2201","P |01|CT1200||2201","P |01|CT1200||22","P |01|CT1200||2","VALORES EXIGIVEL A LONGO PRAZO          ","VALORES EXIGIVEL A LONGO PRAZO          ","VALORES EXIGIVEL A LONGO PRAZO          ","VALORES EXIGIVEL A LONGO PRAZO          ","VALORES EXIGIVEL A LONGO PRAZO          ","VALORES EXIGIVEL A LONGO PRAZO          ","VALORES EXIGIVEL A LONGO PRAZO          ","VALORES EXIGIVEL A LONGO PRAZO          ","VALORES EXIGIVEL A LONGO PRAZO          ","PASSIVO NÃO CIRCULANTE                  ","PASSIVO                                 ","2201                ","2201                ","2201                ","2201                ","2201                ","2201                ","2201                ","2201                ","2201                ","22                  ","2                   ","P |01|AK5200||"
"2201                ","1","P |01|CT1200||22011","P |01|CT1200||22011","P |01|CT1200||22011","P |01|CT1200||22011","P |01|CT1200||22011","P |01|CT1200||22011","P |01|CT1200||22011","P |01|CT1200||22011","P |01|CT1200||2201","P |01|CT1200||22","P |01|CT1200||2","EMPRESTIMOS/CONTRATOS/MUTUOS            ","EMPRESTIMOS/CONTRATOS/MUTUOS            ","EMPRESTIMOS/CONTRATOS/MUTUOS            ","EMPRESTIMOS/CONTRATOS/MUTUOS            ","EMPRESTIMOS/CONTRATOS/MUTUOS            ","EMPRESTIMOS/CONTRATOS/MUTUOS            ","EMPRESTIMOS/CONTRATOS/MUTUOS            ","EMPRESTIMOS/CONTRATOS/MUTUOS            ","VALORES EXIGIVEL A LONGO PRAZO          ","PASSIVO NÃO CIRCULANTE                  ","PASSIVO                                 ","22011               ","22011               ","22011               ","22011               ","22011               ","22011               ","22011               ","22011               ","2201                ","22                  ","2                   ","P |01|AK5200||"
"2201                ","1","P |01|CT1200||22012","P |01|CT1200||22012","P |01|CT1200||22012","P |01|CT1200||22012","P |01|CT1200||22012","P |01|CT1200||22012","P |01|CT1200||22012","P |01|CT1200||22012","P |01|CT1200||2201","P |01|CT1200||22","P |01|CT1200||2","INSTITUICAO FINANCEIRA                  ","INSTITUICAO FINANCEIRA                  ","INSTITUICAO FINANCEIRA                  ","INSTITUICAO FINANCEIRA                  ","INSTITUICAO FINANCEIRA                  ","INSTITUICAO FINANCEIRA                  ","INSTITUICAO FINANCEIRA                  ","INSTITUICAO FINANCEIRA                  ","VALORES EXIGIVEL A LONGO PRAZO          ","PASSIVO NÃO CIRCULANTE                  ","PASSIVO                                 ","22012               ","22012               ","22012               ","22012               ","22012               ","22012               ","22012               ","22012               ","2201                ","22                  ","2                   ","P |01|AK5200||"
"22011               ","2","P |01|CT1200||22011001","P |01|CT1200||22011001","P |01|CT1200||22011001","P |01|CT1200||22011001","P |01|CT1200||22011001","P |01|CT1200||22011001","P |01|CT1200||22011001","P |01|CT1200||22011","P |01|CT1200||2201","P |01|CT1200||22","P |01|CT1200||2","C/C CISAO (DM) INTERCOMPANY WAYUP SJRP  ","C/C CISAO (DM) INTERCOMPANY WAYUP SJRP  ","C/C CISAO (DM) INTERCOMPANY WAYUP SJRP  ","C/C CISAO (DM) INTERCOMPANY WAYUP SJRP  ","C/C CISAO (DM) INTERCOMPANY WAYUP SJRP  ","C/C CISAO (DM) INTERCOMPANY WAYUP SJRP  ","C/C CISAO (DM) INTERCOMPANY WAYUP SJRP  ","EMPRESTIMOS/CONTRATOS/MUTUOS            ","VALORES EXIGIVEL A LONGO PRAZO          ","PASSIVO NÃO CIRCULANTE                  ","PASSIVO                                 ","22011001            ","22011001            ","22011001            ","22011001            ","22011001            ","22011001            ","22011001            ","22011               ","2201                ","22                  ","2                   ","P |01|AK5200||"
"22011               ","2","P |01|CT1200||22011002","P |01|CT1200||22011002","P |01|CT1200||22011002","P |01|CT1200||22011002","P |01|CT1200||22011002","P |01|CT1200||22011002","P |01|CT1200||22011002","P |01|CT1200||22011","P |01|CT1200||2201","P |01|CT1200||22","P |01|CT1200||2","TOTVS S/A                               ","TOTVS S/A                               ","TOTVS S/A                               ","TOTVS S/A                               ","TOTVS S/A                               ","TOTVS S/A                               ","TOTVS S/A                               ","EMPRESTIMOS/CONTRATOS/MUTUOS            ","VALORES EXIGIVEL A LONGO PRAZO          ","PASSIVO NÃO CIRCULANTE                  ","PASSIVO                                 ","22011002            ","22011002            ","22011002            ","22011002            ","22011002            ","22011002            ","22011002            ","22011               ","2201                ","22                  ","2                   ","P |01|AK5200||"
"22011               ","2","P |01|CT1200||22011003","P |01|CT1200||22011003","P |01|CT1200||22011003","P |01|CT1200||22011003","P |01|CT1200||22011003","P |01|CT1200||22011003","P |01|CT1200||22011003","P |01|CT1200||22011","P |01|CT1200||2201","P |01|CT1200||22","P |01|CT1200||2","TOTVS S/A (DM)                          ","TOTVS S/A (DM)                          ","TOTVS S/A (DM)                          ","TOTVS S/A (DM)                          ","TOTVS S/A (DM)                          ","TOTVS S/A (DM)                          ","TOTVS S/A (DM)                          ","EMPRESTIMOS/CONTRATOS/MUTUOS            ","VALORES EXIGIVEL A LONGO PRAZO          ","PASSIVO NÃO CIRCULANTE                  ","PASSIVO                                 ","22011003            ","22011003            ","22011003            ","22011003            ","22011003            ","22011003            ","22011003            ","22011               ","2201                ","22                  ","2                   ","P |01|AK5200||"
"22011               ","2","P |01|CT1200||22011004","P |01|CT1200||22011004","P |01|CT1200||22011004","P |01|CT1200||22011004","P |01|CT1200||22011004","P |01|CT1200||22011004","P |01|CT1200||22011004","P |01|CT1200||22011","P |01|CT1200||2201","P |01|CT1200||22","P |01|CT1200||2","TOTVS S/A COMPRA RESULTAR               ","TOTVS S/A COMPRA RESULTAR               ","TOTVS S/A COMPRA RESULTAR               ","TOTVS S/A COMPRA RESULTAR               ","TOTVS S/A COMPRA RESULTAR               ","TOTVS S/A COMPRA RESULTAR               ","TOTVS S/A COMPRA RESULTAR               ","EMPRESTIMOS/CONTRATOS/MUTUOS            ","VALORES EXIGIVEL A LONGO PRAZO          ","PASSIVO NÃO CIRCULANTE                  ","PASSIVO                                 ","22011004            ","22011004            ","22011004            ","22011004            ","22011004            ","22011004            ","22011004            ","22011               ","2201                ","22                  ","2                   ","P |01|AK5200||"
"22011               ","2","P |01|CT1200||22011005","P |01|CT1200||22011005","P |01|CT1200||22011005","P |01|CT1200||22011005","P |01|CT1200||22011005","P |01|CT1200||22011005","P |01|CT1200||22011005","P |01|CT1200||22011","P |01|CT1200||2201","P |01|CT1200||22","P |01|CT1200||2","MARCO AURELIO BELTRAME                  ","MARCO AURELIO BELTRAME                  ","MARCO AURELIO BELTRAME                  ","MARCO AURELIO BELTRAME                  ","MARCO AURELIO BELTRAME                  ","MARCO AURELIO BELTRAME                  ","MARCO AURELIO BELTRAME                  ","EMPRESTIMOS/CONTRATOS/MUTUOS            ","VALORES EXIGIVEL A LONGO PRAZO          ","PASSIVO NÃO CIRCULANTE                  ","PASSIVO                                 ","22011005            ","22011005            ","22011005            ","22011005            ","22011005            ","22011005            ","22011005            ","22011               ","2201                ","22                  ","2                   ","P |01|AK5200||"
"22011               ","2","P |01|CT1200||22011006","P |01|CT1200||22011006","P |01|CT1200||22011006","P |01|CT1200||22011006","P |01|CT1200||22011006","P |01|CT1200||22011006","P |01|CT1200||22011006","P |01|CT1200||22011","P |01|CT1200||2201","P |01|CT1200||22","P |01|CT1200||2","LUIS RICARDO CISNEIRO                   ","LUIS RICARDO CISNEIRO                   ","LUIS RICARDO CISNEIRO                   ","LUIS RICARDO CISNEIRO                   ","LUIS RICARDO CISNEIRO                   ","LUIS RICARDO CISNEIRO                   ","LUIS RICARDO CISNEIRO                   ","EMPRESTIMOS/CONTRATOS/MUTUOS            ","VALORES EXIGIVEL A LONGO PRAZO          ","PASSIVO NÃO CIRCULANTE                  ","PASSIVO                                 ","22011006            ","22011006            ","22011006            ","22011006            ","22011006            ","22011006            ","22011006            ","22011               ","2201                ","22                  ","2                   ","P |01|AK5200||"
"22011               ","2","P |01|CT1200||22011007","P |01|CT1200||22011007","P |01|CT1200||22011007","P |01|CT1200||22011007","P |01|CT1200||22011007","P |01|CT1200||22011007","P |01|CT1200||22011007","P |01|CT1200||22011","P |01|CT1200||2201","P |01|CT1200||22","P |01|CT1200||2","VALTER JOSE BELTRAME                    ","VALTER JOSE BELTRAME                    ","VALTER JOSE BELTRAME                    ","VALTER JOSE BELTRAME                    ","VALTER JOSE BELTRAME                    ","VALTER JOSE BELTRAME                    ","VALTER JOSE BELTRAME                    ","EMPRESTIMOS/CONTRATOS/MUTUOS            ","VALORES EXIGIVEL A LONGO PRAZO          ","PASSIVO NÃO CIRCULANTE                  ","PASSIVO                                 ","22011007            ","22011007            ","22011007            ","22011007            ","22011007            ","22011007            ","22011007            ","22011               ","2201                ","22                  ","2                   ","P |01|AK5200||"
"22011               ","2","P |01|CT1200||22011008","P |01|CT1200||22011008","P |01|CT1200||22011008","P |01|CT1200||22011008","P |01|CT1200||22011008","P |01|CT1200||22011008","P |01|CT1200||22011008","P |01|CT1200||22011","P |01|CT1200||2201","P |01|CT1200||22","P |01|CT1200||2","MUTUO TOTVS SA X WAYUP SJRP (MODA RS)   ","MUTUO TOTVS SA X WAYUP SJRP (MODA RS)   ","MUTUO TOTVS SA X WAYUP SJRP (MODA RS)   ","MUTUO TOTVS SA X WAYUP SJRP (MODA RS)   ","MUTUO TOTVS SA X WAYUP SJRP (MODA RS)   ","MUTUO TOTVS SA X WAYUP SJRP (MODA RS)   ","MUTUO TOTVS SA X WAYUP SJRP (MODA RS)   ","EMPRESTIMOS/CONTRATOS/MUTUOS            ","VALORES EXIGIVEL A LONGO PRAZO          ","PASSIVO NÃO CIRCULANTE                  ","PASSIVO                                 ","22011008            ","22011008            ","22011008            ","22011008            ","22011008            ","22011008            ","22011008            ","22011               ","2201                ","22                  ","2                   ","P |01|AK5200||"
"22011               ","2","P |01|CT1200||22011009","P |01|CT1200||22011009","P |01|CT1200||22011009","P |01|CT1200||22011009","P |01|CT1200||22011009","P |01|CT1200||22011009","P |01|CT1200||22011009","P |01|CT1200||22011","P |01|CT1200||2201","P |01|CT1200||22","P |01|CT1200||2","ITAU- WAYUP SERVICOS - CAPITAL DE GIRO  ","ITAU- WAYUP SERVICOS - CAPITAL DE GIRO  ","ITAU- WAYUP SERVICOS - CAPITAL DE GIRO  ","ITAU- WAYUP SERVICOS - CAPITAL DE GIRO  ","ITAU- WAYUP SERVICOS - CAPITAL DE GIRO  ","ITAU- WAYUP SERVICOS - CAPITAL DE GIRO  ","ITAU- WAYUP SERVICOS - CAPITAL DE GIRO  ","EMPRESTIMOS/CONTRATOS/MUTUOS            ","VALORES EXIGIVEL A LONGO PRAZO          ","PASSIVO NÃO CIRCULANTE                  ","PASSIVO                                 ","22011009            ","22011009            ","22011009            ","22011009            ","22011009            ","22011009            ","22011009            ","22011               ","2201                ","22                  ","2                   ","P |01|AK5200||"
"22011               ","2","P |01|CT1200||22011010","P |01|CT1200||22011010","P |01|CT1200||22011010","P |01|CT1200||22011010","P |01|CT1200||22011010","P |01|CT1200||22011010","P |01|CT1200||22011010","P |01|CT1200||22011","P |01|CT1200||2201","P |01|CT1200||22","P |01|CT1200||2","SICREDI - EMPRESTIMO WAYUP SISTEMAS     ","SICREDI - EMPRESTIMO WAYUP SISTEMAS     ","SICREDI - EMPRESTIMO WAYUP SISTEMAS     ","SICREDI - EMPRESTIMO WAYUP SISTEMAS     ","SICREDI - EMPRESTIMO WAYUP SISTEMAS     ","SICREDI - EMPRESTIMO WAYUP SISTEMAS     ","SICREDI - EMPRESTIMO WAYUP SISTEMAS     ","EMPRESTIMOS/CONTRATOS/MUTUOS            ","VALORES EXIGIVEL A LONGO PRAZO          ","PASSIVO NÃO CIRCULANTE                  ","PASSIVO                                 ","22011010            ","22011010            ","22011010            ","22011010            ","22011010            ","22011010            ","22011010            ","22011               ","2201                ","22                  ","2                   ","P |01|AK5200||"
"22011               ","2","P |01|CT1200||22011011","P |01|CT1200||22011011","P |01|CT1200||22011011","P |01|CT1200||22011011","P |01|CT1200||22011011","P |01|CT1200||22011011","P |01|CT1200||22011011","P |01|CT1200||22011","P |01|CT1200||2201","P |01|CT1200||22","P |01|CT1200||2","ITAU - EMPRESTIMO BANCARIO 4131         ","ITAU - EMPRESTIMO BANCARIO 4131         ","ITAU - EMPRESTIMO BANCARIO 4131         ","ITAU - EMPRESTIMO BANCARIO 4131         ","ITAU - EMPRESTIMO BANCARIO 4131         ","ITAU - EMPRESTIMO BANCARIO 4131         ","ITAU - EMPRESTIMO BANCARIO 4131         ","EMPRESTIMOS/CONTRATOS/MUTUOS            ","VALORES EXIGIVEL A LONGO PRAZO          ","PASSIVO NÃO CIRCULANTE                  ","PASSIVO                                 ","22011011            ","22011011            ","22011011            ","22011011            ","22011011            ","22011011            ","22011011            ","22011               ","2201                ","22                  ","2                   ","P |01|AK5200||"
"22012               ","2","P |01|CT1200||22012001","P |01|CT1200||22012001","P |01|CT1200||22012001","P |01|CT1200||22012001","P |01|CT1200||22012001","P |01|CT1200||22012001","P |01|CT1200||22012001","P |01|CT1200||22012","P |01|CT1200||2201","P |01|CT1200||22","P |01|CT1200||2","BRADESCO CAP. GIRO INNOVARE             ","BRADESCO CAP. GIRO INNOVARE             ","BRADESCO CAP. GIRO INNOVARE             ","BRADESCO CAP. GIRO INNOVARE             ","BRADESCO CAP. GIRO INNOVARE             ","BRADESCO CAP. GIRO INNOVARE             ","BRADESCO CAP. GIRO INNOVARE             ","INSTITUICAO FINANCEIRA                  ","VALORES EXIGIVEL A LONGO PRAZO          ","PASSIVO NÃO CIRCULANTE                  ","PASSIVO                                 ","22012001            ","22012001            ","22012001            ","22012001            ","22012001            ","22012001            ","22012001            ","22012               ","2201                ","22                  ","2                   ","P |01|AK5200||"
"22012               ","2","P |01|CT1200||22012002","P |01|CT1200||22012002","P |01|CT1200||22012002","P |01|CT1200||22012002","P |01|CT1200||22012002","P |01|CT1200||22012002","P |01|CT1200||22012002","P |01|CT1200||22012","P |01|CT1200||2201","P |01|CT1200||22","P |01|CT1200||2","FINANCEIRA ALFA S/A                     ","FINANCEIRA ALFA S/A                     ","FINANCEIRA ALFA S/A                     ","FINANCEIRA ALFA S/A                     ","FINANCEIRA ALFA S/A                     ","FINANCEIRA ALFA S/A                     ","FINANCEIRA ALFA S/A                     ","INSTITUICAO FINANCEIRA                  ","VALORES EXIGIVEL A LONGO PRAZO          ","PASSIVO NÃO CIRCULANTE                  ","PASSIVO                                 ","22012002            ","22012002            ","22012002            ","22012002            ","22012002            ","22012002            ","22012002            ","22012               ","2201                ","22                  ","2                   ","P |01|AK5200||"
"23                  ","1","P |01|CT1200||2301","P |01|CT1200||2301","P |01|CT1200||2301","P |01|CT1200||2301","P |01|CT1200||2301","P |01|CT1200||2301","P |01|CT1200||2301","P |01|CT1200||2301","P |01|CT1200||2301","P |01|CT1200||23","P |01|CT1200||2","CAPITAL PROPRIO                         ","CAPITAL PROPRIO                         ","CAPITAL PROPRIO                         ","CAPITAL PROPRIO                         ","CAPITAL PROPRIO                         ","CAPITAL PROPRIO                         ","CAPITAL PROPRIO                         ","CAPITAL PROPRIO                         ","CAPITAL PROPRIO                         ","PATRIMONIO LIQUIDO                      ","PASSIVO                                 ","2301                ","2301                ","2301                ","2301                ","2301                ","2301                ","2301                ","2301                ","2301                ","23                  ","2                   ","P |01|AK5200||"
"23                  ","1","P |01|CT1200||2302","P |01|CT1200||2302","P |01|CT1200||2302","P |01|CT1200||2302","P |01|CT1200||2302","P |01|CT1200||2302","P |01|CT1200||2302","P |01|CT1200||2302","P |01|CT1200||2302","P |01|CT1200||23","P |01|CT1200||2","LUCROS E DIVIDENDOS DISTRIBUIDOS        ","LUCROS E DIVIDENDOS DISTRIBUIDOS        ","LUCROS E DIVIDENDOS DISTRIBUIDOS        ","LUCROS E DIVIDENDOS DISTRIBUIDOS        ","LUCROS E DIVIDENDOS DISTRIBUIDOS        ","LUCROS E DIVIDENDOS DISTRIBUIDOS        ","LUCROS E DIVIDENDOS DISTRIBUIDOS        ","LUCROS E DIVIDENDOS DISTRIBUIDOS        ","LUCROS E DIVIDENDOS DISTRIBUIDOS        ","PATRIMONIO LIQUIDO                      ","PASSIVO                                 ","2302                ","2302                ","2302                ","2302                ","2302                ","2302                ","2302                ","2302                ","2302                ","23                  ","2                   ","P |01|AK5200||"
"23                  ","1","P |01|CT1200||2303","P |01|CT1200||2303","P |01|CT1200||2303","P |01|CT1200||2303","P |01|CT1200||2303","P |01|CT1200||2303","P |01|CT1200||2303","P |01|CT1200||2303","P |01|CT1200||2303","P |01|CT1200||23","P |01|CT1200||2","RESERVAS DE LUCROS                      ","RESERVAS DE LUCROS                      ","RESERVAS DE LUCROS                      ","RESERVAS DE LUCROS                      ","RESERVAS DE LUCROS                      ","RESERVAS DE LUCROS                      ","RESERVAS DE LUCROS                      ","RESERVAS DE LUCROS                      ","RESERVAS DE LUCROS                      ","PATRIMONIO LIQUIDO                      ","PASSIVO                                 ","2303                ","2303                ","2303                ","2303                ","2303                ","2303                ","2303                ","2303                ","2303                ","23                  ","2                   ","P |01|AK5200||"
"23                  ","1","P |01|CT1200||2304","P |01|CT1200||2304","P |01|CT1200||2304","P |01|CT1200||2304","P |01|CT1200||2304","P |01|CT1200||2304","P |01|CT1200||2304","P |01|CT1200||2304","P |01|CT1200||2304","P |01|CT1200||23","P |01|CT1200||2","LUCROS OU PREJUIZOS ACUMULADOS          ","LUCROS OU PREJUIZOS ACUMULADOS          ","LUCROS OU PREJUIZOS ACUMULADOS          ","LUCROS OU PREJUIZOS ACUMULADOS          ","LUCROS OU PREJUIZOS ACUMULADOS          ","LUCROS OU PREJUIZOS ACUMULADOS          ","LUCROS OU PREJUIZOS ACUMULADOS          ","LUCROS OU PREJUIZOS ACUMULADOS          ","LUCROS OU PREJUIZOS ACUMULADOS          ","PATRIMONIO LIQUIDO                      ","PASSIVO                                 ","2304                ","2304                ","2304                ","2304                ","2304                ","2304                ","2304                ","2304                ","2304                ","23                  ","2                   ","P |01|AK5200||"
"23                  ","1","P |01|CT1200||2305","P |01|CT1200||2305","P |01|CT1200||2305","P |01|CT1200||2305","P |01|CT1200||2305","P |01|CT1200||2305","P |01|CT1200||2305","P |01|CT1200||2305","P |01|CT1200||2305","P |01|CT1200||23","P |01|CT1200||2","OUTRAS RESERVAS                         ","OUTRAS RESERVAS                         ","OUTRAS RESERVAS                         ","OUTRAS RESERVAS                         ","OUTRAS RESERVAS                         ","OUTRAS RESERVAS                         ","OUTRAS RESERVAS                         ","OUTRAS RESERVAS                         ","OUTRAS RESERVAS                         ","PATRIMONIO LIQUIDO                      ","PASSIVO                                 ","2305                ","2305                ","2305                ","2305                ","2305                ","2305                ","2305                ","2305                ","2305                ","23                  ","2                   ","P |01|AK5200||"
"23                  ","1","P |01|CT1200||2306","P |01|CT1200||2306","P |01|CT1200||2306","P |01|CT1200||2306","P |01|CT1200||2306","P |01|CT1200||2306","P |01|CT1200||2306","P |01|CT1200||2306","P |01|CT1200||2306","P |01|CT1200||23","P |01|CT1200||2","DISTRIB. ANTECIPADAS LUCROS NO EXERCICIO","DISTRIB. ANTECIPADAS LUCROS NO EXERCICIO","DISTRIB. ANTECIPADAS LUCROS NO EXERCICIO","DISTRIB. ANTECIPADAS LUCROS NO EXERCICIO","DISTRIB. ANTECIPADAS LUCROS NO EXERCICIO","DISTRIB. ANTECIPADAS LUCROS NO EXERCICIO","DISTRIB. ANTECIPADAS LUCROS NO EXERCICIO","DISTRIB. ANTECIPADAS LUCROS NO EXERCICIO","DISTRIB. ANTECIPADAS LUCROS NO EXERCICIO","PATRIMONIO LIQUIDO                      ","PASSIVO                                 ","2306                ","2306                ","2306                ","2306                ","2306                ","2306                ","2306                ","2306                ","2306                ","23                  ","2                   ","P |01|AK5200||"
"2301                ","1","P |01|CT1200||23011","P |01|CT1200||23011","P |01|CT1200||23011","P |01|CT1200||23011","P |01|CT1200||23011","P |01|CT1200||23011","P |01|CT1200||23011","P |01|CT1200||23011","P |01|CT1200||2301","P |01|CT1200||23","P |01|CT1200||2","CAPITAL SOCIAL INTEGRALIZADO            ","CAPITAL SOCIAL INTEGRALIZADO            ","CAPITAL SOCIAL INTEGRALIZADO            ","CAPITAL SOCIAL INTEGRALIZADO            ","CAPITAL SOCIAL INTEGRALIZADO            ","CAPITAL SOCIAL INTEGRALIZADO            ","CAPITAL SOCIAL INTEGRALIZADO            ","CAPITAL SOCIAL INTEGRALIZADO            ","CAPITAL PROPRIO                         ","PATRIMONIO LIQUIDO                      ","PASSIVO                                 ","23011               ","23011               ","23011               ","23011               ","23011               ","23011               ","23011               ","23011               ","2301                ","23                  ","2                   ","P |01|AK5200||"
"23011               ","2","P |01|CT1200||23011001","P |01|CT1200||23011001","P |01|CT1200||23011001","P |01|CT1200||23011001","P |01|CT1200||23011001","P |01|CT1200||23011001","P |01|CT1200||23011001","P |01|CT1200||23011","P |01|CT1200||2301","P |01|CT1200||23","P |01|CT1200||2","CAPITAL SOCIAL SUBSCRITO                ","CAPITAL SOCIAL SUBSCRITO                ","CAPITAL SOCIAL SUBSCRITO                ","CAPITAL SOCIAL SUBSCRITO                ","CAPITAL SOCIAL SUBSCRITO                ","CAPITAL SOCIAL SUBSCRITO                ","CAPITAL SOCIAL SUBSCRITO                ","CAPITAL SOCIAL INTEGRALIZADO            ","CAPITAL PROPRIO                         ","PATRIMONIO LIQUIDO                      ","PASSIVO                                 ","23011001            ","23011001            ","23011001            ","23011001            ","23011001            ","23011001            ","23011001            ","23011               ","2301                ","23                  ","2                   ","P |01|AK5200||"
"23011               ","2","P |01|CT1200||23011002","P |01|CT1200||23011002","P |01|CT1200||23011002","P |01|CT1200||23011002","P |01|CT1200||23011002","P |01|CT1200||23011002","P |01|CT1200||23011002","P |01|CT1200||23011","P |01|CT1200||2301","P |01|CT1200||23","P |01|CT1200||2","( - ) ACOES EM TESOURARIA               ","( - ) ACOES EM TESOURARIA               ","( - ) ACOES EM TESOURARIA               ","( - ) ACOES EM TESOURARIA               ","( - ) ACOES EM TESOURARIA               ","( - ) ACOES EM TESOURARIA               ","( - ) ACOES EM TESOURARIA               ","CAPITAL SOCIAL INTEGRALIZADO            ","CAPITAL PROPRIO                         ","PATRIMONIO LIQUIDO                      ","PASSIVO                                 ","23011002            ","23011002            ","23011002            ","23011002            ","23011002            ","23011002            ","23011002            ","23011               ","2301                ","23                  ","2                   ","P |01|AK5200||"
"23011               ","2","P |01|CT1200||23011003","P |01|CT1200||23011003","P |01|CT1200||23011003","P |01|CT1200||23011003","P |01|CT1200||23011003","P |01|CT1200||23011003","P |01|CT1200||23011003","P |01|CT1200||23011","P |01|CT1200||2301","P |01|CT1200||23","P |01|CT1200||2","CAPITAL A INTEGRALIZAR                  ","CAPITAL A INTEGRALIZAR                  ","CAPITAL A INTEGRALIZAR                  ","CAPITAL A INTEGRALIZAR                  ","CAPITAL A INTEGRALIZAR                  ","CAPITAL A INTEGRALIZAR                  ","CAPITAL A INTEGRALIZAR                  ","CAPITAL SOCIAL INTEGRALIZADO            ","CAPITAL PROPRIO                         ","PATRIMONIO LIQUIDO                      ","PASSIVO                                 ","23011003            ","23011003            ","23011003            ","23011003            ","23011003            ","23011003            ","23011003            ","23011               ","2301                ","23                  ","2                   ","P |01|AK5200||"
"23011               ","2","P |01|CT1200||23011010","P |01|CT1200||23011010","P |01|CT1200||23011010","P |01|CT1200||23011010","P |01|CT1200||23011010","P |01|CT1200||23011010","P |01|CT1200||23011010","P |01|CT1200||23011","P |01|CT1200||2301","P |01|CT1200||23","P |01|CT1200||2","TOP PARTICIPACOES S/A                   ","TOP PARTICIPACOES S/A                   ","TOP PARTICIPACOES S/A                   ","TOP PARTICIPACOES S/A                   ","TOP PARTICIPACOES S/A                   ","TOP PARTICIPACOES S/A                   ","TOP PARTICIPACOES S/A                   ","CAPITAL SOCIAL INTEGRALIZADO            ","CAPITAL PROPRIO                         ","PATRIMONIO LIQUIDO                      ","PASSIVO                                 ","23011010            ","23011010            ","23011010            ","23011010            ","23011010            ","23011010            ","23011010            ","23011               ","2301                ","23                  ","2                   ","P |01|AK5200||"
"23011               ","2","P |01|CT1200||23011011","P |01|CT1200||23011011","P |01|CT1200||23011011","P |01|CT1200||23011011","P |01|CT1200||23011011","P |01|CT1200||23011011","P |01|CT1200||23011011","P |01|CT1200||23011","P |01|CT1200||2301","P |01|CT1200||23","P |01|CT1200||2","ACTVS REPRESENTACOES LTDA               ","ACTVS REPRESENTACOES LTDA               ","ACTVS REPRESENTACOES LTDA               ","ACTVS REPRESENTACOES LTDA               ","ACTVS REPRESENTACOES LTDA               ","ACTVS REPRESENTACOES LTDA               ","ACTVS REPRESENTACOES LTDA               ","CAPITAL SOCIAL INTEGRALIZADO            ","CAPITAL PROPRIO                         ","PATRIMONIO LIQUIDO                      ","PASSIVO                                 ","23011011            ","23011011            ","23011011            ","23011011            ","23011011            ","23011011            ","23011011            ","23011               ","2301                ","23                  ","2                   ","P |01|AK5200||"
"23011               ","2","P |01|CT1200||23011012","P |01|CT1200||23011012","P |01|CT1200||23011012","P |01|CT1200||23011012","P |01|CT1200||23011012","P |01|CT1200||23011012","P |01|CT1200||23011012","P |01|CT1200||23011","P |01|CT1200||2301","P |01|CT1200||23","P |01|CT1200||2","MARCO AURELIO BELTRAME                  ","MARCO AURELIO BELTRAME                  ","MARCO AURELIO BELTRAME                  ","MARCO AURELIO BELTRAME                  ","MARCO AURELIO BELTRAME                  ","MARCO AURELIO BELTRAME                  ","MARCO AURELIO BELTRAME                  ","CAPITAL SOCIAL INTEGRALIZADO            ","CAPITAL PROPRIO                         ","PATRIMONIO LIQUIDO                      ","PASSIVO                                 ","23011012            ","23011012            ","23011012            ","23011012            ","23011012            ","23011012            ","23011012            ","23011               ","2301                ","23                  ","2                   ","P |01|AK5200||"
"23011               ","2","P |01|CT1200||23011013","P |01|CT1200||23011013","P |01|CT1200||23011013","P |01|CT1200||23011013","P |01|CT1200||23011013","P |01|CT1200||23011013","P |01|CT1200||23011013","P |01|CT1200||23011","P |01|CT1200||2301","P |01|CT1200||23","P |01|CT1200||2","LUIS RICARDO CISNEIRO                   ","LUIS RICARDO CISNEIRO                   ","LUIS RICARDO CISNEIRO                   ","LUIS RICARDO CISNEIRO                   ","LUIS RICARDO CISNEIRO                   ","LUIS RICARDO CISNEIRO                   ","LUIS RICARDO CISNEIRO                   ","CAPITAL SOCIAL INTEGRALIZADO            ","CAPITAL PROPRIO                         ","PATRIMONIO LIQUIDO                      ","PASSIVO                                 ","23011013            ","23011013            ","23011013            ","23011013            ","23011013            ","23011013            ","23011013            ","23011               ","2301                ","23                  ","2                   ","P |01|AK5200||"
"23011               ","2","P |01|CT1200||23011014","P |01|CT1200||23011014","P |01|CT1200||23011014","P |01|CT1200||23011014","P |01|CT1200||23011014","P |01|CT1200||23011014","P |01|CT1200||23011014","P |01|CT1200||23011","P |01|CT1200||2301","P |01|CT1200||23","P |01|CT1200||2","EMERSON WAGNER                          ","EMERSON WAGNER                          ","EMERSON WAGNER                          ","EMERSON WAGNER                          ","EMERSON WAGNER                          ","EMERSON WAGNER                          ","EMERSON WAGNER                          ","CAPITAL SOCIAL INTEGRALIZADO            ","CAPITAL PROPRIO                         ","PATRIMONIO LIQUIDO                      ","PASSIVO                                 ","23011014            ","23011014            ","23011014            ","23011014            ","23011014            ","23011014            ","23011014            ","23011               ","2301                ","23                  ","2                   ","P |01|AK5200||"
"23011               ","2","P |01|CT1200||23011015","P |01|CT1200||23011015","P |01|CT1200||23011015","P |01|CT1200||23011015","P |01|CT1200||23011015","P |01|CT1200||23011015","P |01|CT1200||23011015","P |01|CT1200||23011","P |01|CT1200||2301","P |01|CT1200||23","P |01|CT1200||2","VALTER JOSE BELTRAME                    ","VALTER JOSE BELTRAME                    ","VALTER JOSE BELTRAME                    ","VALTER JOSE BELTRAME                    ","VALTER JOSE BELTRAME                    ","VALTER JOSE BELTRAME                    ","VALTER JOSE BELTRAME                    ","CAPITAL SOCIAL INTEGRALIZADO            ","CAPITAL PROPRIO                         ","PATRIMONIO LIQUIDO                      ","PASSIVO                                 ","23011015            ","23011015            ","23011015            ","23011015            ","23011015            ","23011015            ","23011015            ","23011               ","2301                ","23                  ","2                   ","P |01|AK5200||"
"2302                ","1","P |01|CT1200||23021","P |01|CT1200||23021","P |01|CT1200||23021","P |01|CT1200||23021","P |01|CT1200||23021","P |01|CT1200||23021","P |01|CT1200||23021","P |01|CT1200||23021","P |01|CT1200||2302","P |01|CT1200||23","P |01|CT1200||2","LUCROS DISTRIBUIDOS                     ","LUCROS DISTRIBUIDOS                     ","LUCROS DISTRIBUIDOS                     ","LUCROS DISTRIBUIDOS                     ","LUCROS DISTRIBUIDOS                     ","LUCROS DISTRIBUIDOS                     ","LUCROS DISTRIBUIDOS                     ","LUCROS DISTRIBUIDOS                     ","LUCROS E DIVIDENDOS DISTRIBUIDOS        ","PATRIMONIO LIQUIDO                      ","PASSIVO                                 ","23021               ","23021               ","23021               ","23021               ","23021               ","23021               ","23021               ","23021               ","2302                ","23                  ","2                   ","P |01|AK5200||"
"23021               ","2","P |01|CT1200||23021001","P |01|CT1200||23021001","P |01|CT1200||23021001","P |01|CT1200||23021001","P |01|CT1200||23021001","P |01|CT1200||23021001","P |01|CT1200||23021001","P |01|CT1200||23021","P |01|CT1200||2302","P |01|CT1200||23","P |01|CT1200||2","ALESSANDRO CHAVES PERALTA               ","ALESSANDRO CHAVES PERALTA               ","ALESSANDRO CHAVES PERALTA               ","ALESSANDRO CHAVES PERALTA               ","ALESSANDRO CHAVES PERALTA               ","ALESSANDRO CHAVES PERALTA               ","ALESSANDRO CHAVES PERALTA               ","LUCROS DISTRIBUIDOS                     ","LUCROS E DIVIDENDOS DISTRIBUIDOS        ","PATRIMONIO LIQUIDO                      ","PASSIVO                                 ","23021001            ","23021001            ","23021001            ","23021001            ","23021001            ","23021001            ","23021001            ","23021               ","2302                ","23                  ","2                   ","P |01|AK5200||"
"23021               ","2","P |01|CT1200||23021002","P |01|CT1200||23021002","P |01|CT1200||23021002","P |01|CT1200||23021002","P |01|CT1200||23021002","P |01|CT1200||23021002","P |01|CT1200||23021002","P |01|CT1200||23021","P |01|CT1200||2302","P |01|CT1200||23","P |01|CT1200||2","GEISA CARLA BORGES                      ","GEISA CARLA BORGES                      ","GEISA CARLA BORGES                      ","GEISA CARLA BORGES                      ","GEISA CARLA BORGES                      ","GEISA CARLA BORGES                      ","GEISA CARLA BORGES                      ","LUCROS DISTRIBUIDOS                     ","LUCROS E DIVIDENDOS DISTRIBUIDOS        ","PATRIMONIO LIQUIDO                      ","PASSIVO                                 ","23021002            ","23021002            ","23021002            ","23021002            ","23021002            ","23021002            ","23021002            ","23021               ","2302                ","23                  ","2                   ","P |01|AK5200||"
"23021               ","2","P |01|CT1200||23021003","P |01|CT1200||23021003","P |01|CT1200||23021003","P |01|CT1200||23021003","P |01|CT1200||23021003","P |01|CT1200||23021003","P |01|CT1200||23021003","P |01|CT1200||23021","P |01|CT1200||2302","P |01|CT1200||23","P |01|CT1200||2","LUIS RICARDO CISNEIRO                   ","LUIS RICARDO CISNEIRO                   ","LUIS RICARDO CISNEIRO                   ","LUIS RICARDO CISNEIRO                   ","LUIS RICARDO CISNEIRO                   ","LUIS RICARDO CISNEIRO                   ","LUIS RICARDO CISNEIRO                   ","LUCROS DISTRIBUIDOS                     ","LUCROS E DIVIDENDOS DISTRIBUIDOS        ","PATRIMONIO LIQUIDO                      ","PASSIVO                                 ","23021003            ","23021003            ","23021003            ","23021003            ","23021003            ","23021003            ","23021003            ","23021               ","2302                ","23                  ","2                   ","P |01|AK5200||"
"23021               ","2","P |01|CT1200||23021004","P |01|CT1200||23021004","P |01|CT1200||23021004","P |01|CT1200||23021004","P |01|CT1200||23021004","P |01|CT1200||23021004","P |01|CT1200||23021004","P |01|CT1200||23021","P |01|CT1200||2302","P |01|CT1200||23","P |01|CT1200||2","MARCO AURELIO BELTRAME                  ","MARCO AURELIO BELTRAME                  ","MARCO AURELIO BELTRAME                  ","MARCO AURELIO BELTRAME                  ","MARCO AURELIO BELTRAME                  ","MARCO AURELIO BELTRAME                  ","MARCO AURELIO BELTRAME                  ","LUCROS DISTRIBUIDOS                     ","LUCROS E DIVIDENDOS DISTRIBUIDOS        ","PATRIMONIO LIQUIDO                      ","PASSIVO                                 ","23021004            ","23021004            ","23021004            ","23021004            ","23021004            ","23021004            ","23021004            ","23021               ","2302                ","23                  ","2                   ","P |01|AK5200||"
"23021               ","2","P |01|CT1200||23021005","P |01|CT1200||23021005","P |01|CT1200||23021005","P |01|CT1200||23021005","P |01|CT1200||23021005","P |01|CT1200||23021005","P |01|CT1200||23021005","P |01|CT1200||23021","P |01|CT1200||2302","P |01|CT1200||23","P |01|CT1200||2","VALTER JOSE BELTRAME                    ","VALTER JOSE BELTRAME                    ","VALTER JOSE BELTRAME                    ","VALTER JOSE BELTRAME                    ","VALTER JOSE BELTRAME                    ","VALTER JOSE BELTRAME                    ","VALTER JOSE BELTRAME                    ","LUCROS DISTRIBUIDOS                     ","LUCROS E DIVIDENDOS DISTRIBUIDOS        ","PATRIMONIO LIQUIDO                      ","PASSIVO                                 ","23021005            ","23021005            ","23021005            ","23021005            ","23021005            ","23021005            ","23021005            ","23021               ","2302                ","23                  ","2                   ","P |01|AK5200||"
"23021               ","2","P |01|CT1200||23021006","P |01|CT1200||23021006","P |01|CT1200||23021006","P |01|CT1200||23021006","P |01|CT1200||23021006","P |01|CT1200||23021006","P |01|CT1200||23021006","P |01|CT1200||23021","P |01|CT1200||2302","P |01|CT1200||23","P |01|CT1200||2","TOP PARTICIPACOES S/A                   ","TOP PARTICIPACOES S/A                   ","TOP PARTICIPACOES S/A                   ","TOP PARTICIPACOES S/A                   ","TOP PARTICIPACOES S/A                   ","TOP PARTICIPACOES S/A                   ","TOP PARTICIPACOES S/A                   ","LUCROS DISTRIBUIDOS                     ","LUCROS E DIVIDENDOS DISTRIBUIDOS        ","PATRIMONIO LIQUIDO                      ","PASSIVO                                 ","23021006            ","23021006            ","23021006            ","23021006            ","23021006            ","23021006            ","23021006            ","23021               ","2302                ","23                  ","2                   ","P |01|AK5200||"
"23021               ","2","P |01|CT1200||23021007","P |01|CT1200||23021007","P |01|CT1200||23021007","P |01|CT1200||23021007","P |01|CT1200||23021007","P |01|CT1200||23021007","P |01|CT1200||23021007","P |01|CT1200||23021","P |01|CT1200||2302","P |01|CT1200||23","P |01|CT1200||2","AJUSTES SALDO EXERCICIO ANTERIORES      ","AJUSTES SALDO EXERCICIO ANTERIORES      ","AJUSTES SALDO EXERCICIO ANTERIORES      ","AJUSTES SALDO EXERCICIO ANTERIORES      ","AJUSTES SALDO EXERCICIO ANTERIORES      ","AJUSTES SALDO EXERCICIO ANTERIORES      ","AJUSTES SALDO EXERCICIO ANTERIORES      ","LUCROS DISTRIBUIDOS                     ","LUCROS E DIVIDENDOS DISTRIBUIDOS        ","PATRIMONIO LIQUIDO                      ","PASSIVO                                 ","23021007            ","23021007            ","23021007            ","23021007            ","23021007            ","23021007            ","23021007            ","23021               ","2302                ","23                  ","2                   ","P |01|AK5200||"
"23021               ","2","P |01|CT1200||23021008","P |01|CT1200||23021008","P |01|CT1200||23021008","P |01|CT1200||23021008","P |01|CT1200||23021008","P |01|CT1200||23021008","P |01|CT1200||23021008","P |01|CT1200||23021","P |01|CT1200||2302","P |01|CT1200||23","P |01|CT1200||2","RESULTADO CISAO-DM SERVICES             ","RESULTADO CISAO-DM SERVICES             ","RESULTADO CISAO-DM SERVICES             ","RESULTADO CISAO-DM SERVICES             ","RESULTADO CISAO-DM SERVICES             ","RESULTADO CISAO-DM SERVICES             ","RESULTADO CISAO-DM SERVICES             ","LUCROS DISTRIBUIDOS                     ","LUCROS E DIVIDENDOS DISTRIBUIDOS        ","PATRIMONIO LIQUIDO                      ","PASSIVO                                 ","23021008            ","23021008            ","23021008            ","23021008            ","23021008            ","23021008            ","23021008            ","23021               ","2302                ","23                  ","2                   ","P |01|AK5200||"
"23021               ","2","P |01|CT1200||23021009","P |01|CT1200||23021009","P |01|CT1200||23021009","P |01|CT1200||23021009","P |01|CT1200||23021009","P |01|CT1200||23021009","P |01|CT1200||23021009","P |01|CT1200||23021","P |01|CT1200||2302","P |01|CT1200||23","P |01|CT1200||2","RESULTADO CISAO PARCIAL ADV BRASIL      ","RESULTADO CISAO PARCIAL ADV BRASIL      ","RESULTADO CISAO PARCIAL ADV BRASIL      ","RESULTADO CISAO PARCIAL ADV BRASIL      ","RESULTADO CISAO PARCIAL ADV BRASIL      ","RESULTADO CISAO PARCIAL ADV BRASIL      ","RESULTADO CISAO PARCIAL ADV BRASIL      ","LUCROS DISTRIBUIDOS                     ","LUCROS E DIVIDENDOS DISTRIBUIDOS        ","PATRIMONIO LIQUIDO                      ","PASSIVO                                 ","23021009            ","23021009            ","23021009            ","23021009            ","23021009            ","23021009            ","23021009            ","23021               ","2302                ","23                  ","2                   ","P |01|AK5200||"
"23021               ","2","P |01|CT1200||23021010","P |01|CT1200||23021010","P |01|CT1200||23021010","P |01|CT1200||23021010","P |01|CT1200||23021010","P |01|CT1200||23021010","P |01|CT1200||23021010","P |01|CT1200||23021","P |01|CT1200||2302","P |01|CT1200||23","P |01|CT1200||2","RESULTADO INCORP. WAYUP TECNOLOGIA      ","RESULTADO INCORP. WAYUP TECNOLOGIA      ","RESULTADO INCORP. WAYUP TECNOLOGIA      ","RESULTADO INCORP. WAYUP TECNOLOGIA      ","RESULTADO INCORP. WAYUP TECNOLOGIA      ","RESULTADO INCORP. WAYUP TECNOLOGIA      ","RESULTADO INCORP. WAYUP TECNOLOGIA      ","LUCROS DISTRIBUIDOS                     ","LUCROS E DIVIDENDOS DISTRIBUIDOS        ","PATRIMONIO LIQUIDO                      ","PASSIVO                                 ","23021010            ","23021010            ","23021010            ","23021010            ","23021010            ","23021010            ","23021010            ","23021               ","2302                ","23                  ","2                   ","P |01|AK5200||"
"23021               ","2","P |01|CT1200||23021011","P |01|CT1200||23021011","P |01|CT1200||23021011","P |01|CT1200||23021011","P |01|CT1200||23021011","P |01|CT1200||23021011","P |01|CT1200||23021011","P |01|CT1200||23021","P |01|CT1200||2302","P |01|CT1200||23","P |01|CT1200||2","RESULTADO INCORP. DATA MANAGER          ","RESULTADO INCORP. DATA MANAGER          ","RESULTADO INCORP. DATA MANAGER          ","RESULTADO INCORP. DATA MANAGER          ","RESULTADO INCORP. DATA MANAGER          ","RESULTADO INCORP. DATA MANAGER          ","RESULTADO INCORP. DATA MANAGER          ","LUCROS DISTRIBUIDOS                     ","LUCROS E DIVIDENDOS DISTRIBUIDOS        ","PATRIMONIO LIQUIDO                      ","PASSIVO                                 ","23021011            ","23021011            ","23021011            ","23021011            ","23021011            ","23021011            ","23021011            ","23021               ","2302                ","23                  ","2                   ","P |01|AK5200||"
"23021               ","2","P |01|CT1200||23021012","P |01|CT1200||23021012","P |01|CT1200||23021012","P |01|CT1200||23021012","P |01|CT1200||23021012","P |01|CT1200||23021012","P |01|CT1200||23021012","P |01|CT1200||23021","P |01|CT1200||2302","P |01|CT1200||23","P |01|CT1200||2","RESULTADO INCORP. INNOVARE              ","RESULTADO INCORP. INNOVARE              ","RESULTADO INCORP. INNOVARE              ","RESULTADO INCORP. INNOVARE              ","RESULTADO INCORP. INNOVARE              ","RESULTADO INCORP. INNOVARE              ","RESULTADO INCORP. INNOVARE              ","LUCROS DISTRIBUIDOS                     ","LUCROS E DIVIDENDOS DISTRIBUIDOS        ","PATRIMONIO LIQUIDO                      ","PASSIVO                                 ","23021012            ","23021012            ","23021012            ","23021012            ","23021012            ","23021012            ","23021012            ","23021               ","2302                ","23                  ","2                   ","P |01|AK5200||"
"23021               ","2","P |01|CT1200||23021013","P |01|CT1200||23021013","P |01|CT1200||23021013","P |01|CT1200||23021013","P |01|CT1200||23021013","P |01|CT1200||23021013","P |01|CT1200||23021013","P |01|CT1200||23021","P |01|CT1200||2302","P |01|CT1200||23","P |01|CT1200||2","RESULTADO INCORP. ML SERVICOS           ","RESULTADO INCORP. ML SERVICOS           ","RESULTADO INCORP. ML SERVICOS           ","RESULTADO INCORP. ML SERVICOS           ","RESULTADO INCORP. ML SERVICOS           ","RESULTADO INCORP. ML SERVICOS           ","RESULTADO INCORP. ML SERVICOS           ","LUCROS DISTRIBUIDOS                     ","LUCROS E DIVIDENDOS DISTRIBUIDOS        ","PATRIMONIO LIQUIDO                      ","PASSIVO                                 ","23021013            ","23021013            ","23021013            ","23021013            ","23021013            ","23021013            ","23021013            ","23021               ","2302                ","23                  ","2                   ","P |01|AK5200||"
"23021               ","2","P |01|CT1200||23021014","P |01|CT1200||23021014","P |01|CT1200||23021014","P |01|CT1200||23021014","P |01|CT1200||23021014","P |01|CT1200||23021014","P |01|CT1200||23021014","P |01|CT1200||23021","P |01|CT1200||2302","P |01|CT1200||23","P |01|CT1200||2","RESULTADO INCORP. RESULTAR              ","RESULTADO INCORP. RESULTAR              ","RESULTADO INCORP. RESULTAR              ","RESULTADO INCORP. RESULTAR              ","RESULTADO INCORP. RESULTAR              ","RESULTADO INCORP. RESULTAR              ","RESULTADO INCORP. RESULTAR              ","LUCROS DISTRIBUIDOS                     ","LUCROS E DIVIDENDOS DISTRIBUIDOS        ","PATRIMONIO LIQUIDO                      ","PASSIVO                                 ","23021014            ","23021014            ","23021014            ","23021014            ","23021014            ","23021014            ","23021014            ","23021               ","2302                ","23                  ","2                   ","P |01|AK5200||"
"23021               ","2","P |01|CT1200||23021015","P |01|CT1200||23021015","P |01|CT1200||23021015","P |01|CT1200||23021015","P |01|CT1200||23021015","P |01|CT1200||23021015","P |01|CT1200||23021015","P |01|CT1200||23021","P |01|CT1200||2302","P |01|CT1200||23","P |01|CT1200||2","RESULTADO DO EXERCICIO                  ","RESULTADO DO EXERCICIO                  ","RESULTADO DO EXERCICIO                  ","RESULTADO DO EXERCICIO                  ","RESULTADO DO EXERCICIO                  ","RESULTADO DO EXERCICIO                  ","RESULTADO DO EXERCICIO                  ","LUCROS DISTRIBUIDOS                     ","LUCROS E DIVIDENDOS DISTRIBUIDOS        ","PATRIMONIO LIQUIDO                      ","PASSIVO                                 ","23021015            ","23021015            ","23021015            ","23021015            ","23021015            ","23021015            ","23021015            ","23021               ","2302                ","23                  ","2                   ","P |01|AK5200||"
"23021               ","2","P |01|CT1200||23021016","P |01|CT1200||23021016","P |01|CT1200||23021016","P |01|CT1200||23021016","P |01|CT1200||23021016","P |01|CT1200||23021016","P |01|CT1200||23021016","P |01|CT1200||23021","P |01|CT1200||2302","P |01|CT1200||23","P |01|CT1200||2","LUCROS ACUMULADO                        ","LUCROS ACUMULADO                        ","LUCROS ACUMULADO                        ","LUCROS ACUMULADO                        ","LUCROS ACUMULADO                        ","LUCROS ACUMULADO                        ","LUCROS ACUMULADO                        ","LUCROS DISTRIBUIDOS                     ","LUCROS E DIVIDENDOS DISTRIBUIDOS        ","PATRIMONIO LIQUIDO                      ","PASSIVO                                 ","23021016            ","23021016            ","23021016            ","23021016            ","23021016            ","23021016            ","23021016            ","23021               ","2302                ","23                  ","2                   ","P |01|AK5200||"
"2303                ","1","P |01|CT1200||23031","P |01|CT1200||23031","P |01|CT1200||23031","P |01|CT1200||23031","P |01|CT1200||23031","P |01|CT1200||23031","P |01|CT1200||23031","P |01|CT1200||23031","P |01|CT1200||2303","P |01|CT1200||23","P |01|CT1200||2","RESERVAS DE LUCRO                       ","RESERVAS DE LUCRO                       ","RESERVAS DE LUCRO                       ","RESERVAS DE LUCRO                       ","RESERVAS DE LUCRO                       ","RESERVAS DE LUCRO                       ","RESERVAS DE LUCRO                       ","RESERVAS DE LUCRO                       ","RESERVAS DE LUCROS                      ","PATRIMONIO LIQUIDO                      ","PASSIVO                                 ","23031               ","23031               ","23031               ","23031               ","23031               ","23031               ","23031               ","23031               ","2303                ","23                  ","2                   ","P |01|AK5200||"
"23031               ","2","P |01|CT1200||23031001","P |01|CT1200||23031001","P |01|CT1200||23031001","P |01|CT1200||23031001","P |01|CT1200||23031001","P |01|CT1200||23031001","P |01|CT1200||23031001","P |01|CT1200||23031","P |01|CT1200||2303","P |01|CT1200||23","P |01|CT1200||2","RESERVA LEGAL                           ","RESERVA LEGAL                           ","RESERVA LEGAL                           ","RESERVA LEGAL                           ","RESERVA LEGAL                           ","RESERVA LEGAL                           ","RESERVA LEGAL                           ","RESERVAS DE LUCRO                       ","RESERVAS DE LUCROS                      ","PATRIMONIO LIQUIDO                      ","PASSIVO                                 ","23031001            ","23031001            ","23031001            ","23031001            ","23031001            ","23031001            ","23031001            ","23031               ","2303                ","23                  ","2                   ","P |01|AK5200||"
"23031               ","2","P |01|CT1200||23031002","P |01|CT1200||23031002","P |01|CT1200||23031002","P |01|CT1200||23031002","P |01|CT1200||23031002","P |01|CT1200||23031002","P |01|CT1200||23031002","P |01|CT1200||23031","P |01|CT1200||2303","P |01|CT1200||23","P |01|CT1200||2","ADIANTAMENTO PARA FUTURO AUMENTO CAPITAL","ADIANTAMENTO PARA FUTURO AUMENTO CAPITAL","ADIANTAMENTO PARA FUTURO AUMENTO CAPITAL","ADIANTAMENTO PARA FUTURO AUMENTO CAPITAL","ADIANTAMENTO PARA FUTURO AUMENTO CAPITAL","ADIANTAMENTO PARA FUTURO AUMENTO CAPITAL","ADIANTAMENTO PARA FUTURO AUMENTO CAPITAL","RESERVAS DE LUCRO                       ","RESERVAS DE LUCROS                      ","PATRIMONIO LIQUIDO                      ","PASSIVO                                 ","23031002            ","23031002            ","23031002            ","23031002            ","23031002            ","23031002            ","23031002            ","23031               ","2303                ","23                  ","2                   ","P |01|AK5200||"
"2304                ","2","P |01|CT1200||23041","P |01|CT1200||23041","P |01|CT1200||23041","P |01|CT1200||23041","P |01|CT1200||23041","P |01|CT1200||23041","P |01|CT1200||23041","P |01|CT1200||23041","P |01|CT1200||2304","P |01|CT1200||23","P |01|CT1200||2","LUCROS OU PREJUIZOS ACUMULADOS          ","LUCROS OU PREJUIZOS ACUMULADOS          ","LUCROS OU PREJUIZOS ACUMULADOS          ","LUCROS OU PREJUIZOS ACUMULADOS          ","LUCROS OU PREJUIZOS ACUMULADOS          ","LUCROS OU PREJUIZOS ACUMULADOS          ","LUCROS OU PREJUIZOS ACUMULADOS          ","LUCROS OU PREJUIZOS ACUMULADOS          ","LUCROS OU PREJUIZOS ACUMULADOS          ","PATRIMONIO LIQUIDO                      ","PASSIVO                                 ","23041               ","23041               ","23041               ","23041               ","23041               ","23041               ","23041               ","23041               ","2304                ","23                  ","2                   ","P |01|AK5200||"
"2304                ","2","P |01|CT1200||23041001","P |01|CT1200||23041001","P |01|CT1200||23041001","P |01|CT1200||23041001","P |01|CT1200||23041001","P |01|CT1200||23041001","P |01|CT1200||23041001","P |01|CT1200||23041001","P |01|CT1200||2304","P |01|CT1200||23","P |01|CT1200||2","LUCROS DO EXERCICIO                     ","LUCROS DO EXERCICIO                     ","LUCROS DO EXERCICIO                     ","LUCROS DO EXERCICIO                     ","LUCROS DO EXERCICIO                     ","LUCROS DO EXERCICIO                     ","LUCROS DO EXERCICIO                     ","LUCROS DO EXERCICIO                     ","LUCROS OU PREJUIZOS ACUMULADOS          ","PATRIMONIO LIQUIDO                      ","PASSIVO                                 ","23041001            ","23041001            ","23041001            ","23041001            ","23041001            ","23041001            ","23041001            ","23041001            ","2304                ","23                  ","2                   ","P |01|AK5200||"
"2304                ","2","P |01|CT1200||23041002","P |01|CT1200||23041002","P |01|CT1200||23041002","P |01|CT1200||23041002","P |01|CT1200||23041002","P |01|CT1200||23041002","P |01|CT1200||23041002","P |01|CT1200||23041002","P |01|CT1200||2304","P |01|CT1200||23","P |01|CT1200||2","( - ) PREJUIZO NO EXERCICIO             ","( - ) PREJUIZO NO EXERCICIO             ","( - ) PREJUIZO NO EXERCICIO             ","( - ) PREJUIZO NO EXERCICIO             ","( - ) PREJUIZO NO EXERCICIO             ","( - ) PREJUIZO NO EXERCICIO             ","( - ) PREJUIZO NO EXERCICIO             ","( - ) PREJUIZO NO EXERCICIO             ","LUCROS OU PREJUIZOS ACUMULADOS          ","PATRIMONIO LIQUIDO                      ","PASSIVO                                 ","23041002            ","23041002            ","23041002            ","23041002            ","23041002            ","23041002            ","23041002            ","23041002            ","2304                ","23                  ","2                   ","P |01|AK5200||"
"2304                ","2","P |01|CT1200||23041003","P |01|CT1200||23041003","P |01|CT1200||23041003","P |01|CT1200||23041003","P |01|CT1200||23041003","P |01|CT1200||23041003","P |01|CT1200||23041003","P |01|CT1200||23041003","P |01|CT1200||2304","P |01|CT1200||23","P |01|CT1200||2","LUCROS /PREJUIZOS ACUMULADOS            ","LUCROS /PREJUIZOS ACUMULADOS            ","LUCROS /PREJUIZOS ACUMULADOS            ","LUCROS /PREJUIZOS ACUMULADOS            ","LUCROS /PREJUIZOS ACUMULADOS            ","LUCROS /PREJUIZOS ACUMULADOS            ","LUCROS /PREJUIZOS ACUMULADOS            ","LUCROS /PREJUIZOS ACUMULADOS            ","LUCROS OU PREJUIZOS ACUMULADOS          ","PATRIMONIO LIQUIDO                      ","PASSIVO                                 ","23041003            ","23041003            ","23041003            ","23041003            ","23041003            ","23041003            ","23041003            ","23041003            ","2304                ","23                  ","2                   ","P |01|AK5200||"
"2304                ","2","P |01|CT1200||23041004","P |01|CT1200||23041004","P |01|CT1200||23041004","P |01|CT1200||23041004","P |01|CT1200||23041004","P |01|CT1200||23041004","P |01|CT1200||23041004","P |01|CT1200||23041004","P |01|CT1200||2304","P |01|CT1200||23","P |01|CT1200||2","( - ) PREJUIZOS ACUMULADOS              ","( - ) PREJUIZOS ACUMULADOS              ","( - ) PREJUIZOS ACUMULADOS              ","( - ) PREJUIZOS ACUMULADOS              ","( - ) PREJUIZOS ACUMULADOS              ","( - ) PREJUIZOS ACUMULADOS              ","( - ) PREJUIZOS ACUMULADOS              ","( - ) PREJUIZOS ACUMULADOS              ","LUCROS OU PREJUIZOS ACUMULADOS          ","PATRIMONIO LIQUIDO                      ","PASSIVO                                 ","23041004            ","23041004            ","23041004            ","23041004            ","23041004            ","23041004            ","23041004            ","23041004            ","2304                ","23                  ","2                   ","P |01|AK5200||"
"2304                ","2","P |01|CT1200||23041005","P |01|CT1200||23041005","P |01|CT1200||23041005","P |01|CT1200||23041005","P |01|CT1200||23041005","P |01|CT1200||23041005","P |01|CT1200||23041005","P |01|CT1200||23041005","P |01|CT1200||2304","P |01|CT1200||23","P |01|CT1200||2","RESULTADO DO EXERCICIO                  ","RESULTADO DO EXERCICIO                  ","RESULTADO DO EXERCICIO                  ","RESULTADO DO EXERCICIO                  ","RESULTADO DO EXERCICIO                  ","RESULTADO DO EXERCICIO                  ","RESULTADO DO EXERCICIO                  ","RESULTADO DO EXERCICIO                  ","LUCROS OU PREJUIZOS ACUMULADOS          ","PATRIMONIO LIQUIDO                      ","PASSIVO                                 ","23041005            ","23041005            ","23041005            ","23041005            ","23041005            ","23041005            ","23041005            ","23041005            ","2304                ","23                  ","2                   ","P |01|AK5200||"
"2305                ","2","P |01|CT1200||23051","P |01|CT1200||23051","P |01|CT1200||23051","P |01|CT1200||23051","P |01|CT1200||23051","P |01|CT1200||23051","P |01|CT1200||23051","P |01|CT1200||23051","P |01|CT1200||2305","P |01|CT1200||23","P |01|CT1200||2","OUTRAS RESERVAS                         ","OUTRAS RESERVAS                         ","OUTRAS RESERVAS                         ","OUTRAS RESERVAS                         ","OUTRAS RESERVAS                         ","OUTRAS RESERVAS                         ","OUTRAS RESERVAS                         ","OUTRAS RESERVAS                         ","OUTRAS RESERVAS                         ","PATRIMONIO LIQUIDO                      ","PASSIVO                                 ","23051               ","23051               ","23051               ","23051               ","23051               ","23051               ","23051               ","23051               ","2305                ","23                  ","2                   ","P |01|AK5200||"
"2305                ","2","P |01|CT1200||23051001","P |01|CT1200||23051001","P |01|CT1200||23051001","P |01|CT1200||23051001","P |01|CT1200||23051001","P |01|CT1200||23051001","P |01|CT1200||23051001","P |01|CT1200||23051001","P |01|CT1200||2305","P |01|CT1200||23","P |01|CT1200||2","RESULTADO CISAO/INCORPORACAO            ","RESULTADO CISAO/INCORPORACAO            ","RESULTADO CISAO/INCORPORACAO            ","RESULTADO CISAO/INCORPORACAO            ","RESULTADO CISAO/INCORPORACAO            ","RESULTADO CISAO/INCORPORACAO            ","RESULTADO CISAO/INCORPORACAO            ","RESULTADO CISAO/INCORPORACAO            ","OUTRAS RESERVAS                         ","PATRIMONIO LIQUIDO                      ","PASSIVO                                 ","23051001            ","23051001            ","23051001            ","23051001            ","23051001            ","23051001            ","23051001            ","23051001            ","2305                ","23                  ","2                   ","P |01|AK5200||"
"2306                ","1","P |01|CT1200||23061","P |01|CT1200||23061","P |01|CT1200||23061","P |01|CT1200||23061","P |01|CT1200||23061","P |01|CT1200||23061","P |01|CT1200||23061","P |01|CT1200||23061","P |01|CT1200||2306","P |01|CT1200||23","P |01|CT1200||2","DISTR. ANTECIPADAS LUCROS DO EXERCICIO  ","DISTR. ANTECIPADAS LUCROS DO EXERCICIO  ","DISTR. ANTECIPADAS LUCROS DO EXERCICIO  ","DISTR. ANTECIPADAS LUCROS DO EXERCICIO  ","DISTR. ANTECIPADAS LUCROS DO EXERCICIO  ","DISTR. ANTECIPADAS LUCROS DO EXERCICIO  ","DISTR. ANTECIPADAS LUCROS DO EXERCICIO  ","DISTR. ANTECIPADAS LUCROS DO EXERCICIO  ","DISTRIB. ANTECIPADAS LUCROS NO EXERCICIO","PATRIMONIO LIQUIDO                      ","PASSIVO                                 ","23061               ","23061               ","23061               ","23061               ","23061               ","23061               ","23061               ","23061               ","2306                ","23                  ","2                   ","P |01|AK5200||"
"23061               ","2","P |01|CT1200||23061001","P |01|CT1200||23061001","P |01|CT1200||23061001","P |01|CT1200||23061001","P |01|CT1200||23061001","P |01|CT1200||23061001","P |01|CT1200||23061001","P |01|CT1200||23061","P |01|CT1200||2306","P |01|CT1200||23","P |01|CT1200||2","TOP PARTICIPACOES SA                    ","TOP PARTICIPACOES SA                    ","TOP PARTICIPACOES SA                    ","TOP PARTICIPACOES SA                    ","TOP PARTICIPACOES SA                    ","TOP PARTICIPACOES SA                    ","TOP PARTICIPACOES SA                    ","DISTR. ANTECIPADAS LUCROS DO EXERCICIO  ","DISTRIB. ANTECIPADAS LUCROS NO EXERCICIO","PATRIMONIO LIQUIDO                      ","PASSIVO                                 ","23061001            ","23061001            ","23061001            ","23061001            ","23061001            ","23061001            ","23061001            ","23061               ","2306                ","23                  ","2                   ","P |01|AK5200||"
"23061               ","2","P |01|CT1200||23061003","P |01|CT1200||23061003","P |01|CT1200||23061003","P |01|CT1200||23061003","P |01|CT1200||23061003","P |01|CT1200||23061003","P |01|CT1200||23061003","P |01|CT1200||23061","P |01|CT1200||2306","P |01|CT1200||23","P |01|CT1200||2","M.A. BELTRAME PARTCIPACOES LTDA         ","M.A. BELTRAME PARTCIPACOES LTDA         ","M.A. BELTRAME PARTCIPACOES LTDA         ","M.A. BELTRAME PARTCIPACOES LTDA         ","M.A. BELTRAME PARTCIPACOES LTDA         ","M.A. BELTRAME PARTCIPACOES LTDA         ","M.A. BELTRAME PARTCIPACOES LTDA         ","DISTR. ANTECIPADAS LUCROS DO EXERCICIO  ","DISTRIB. ANTECIPADAS LUCROS NO EXERCICIO","PATRIMONIO LIQUIDO                      ","PASSIVO                                 ","23061003            ","23061003            ","23061003            ","23061003            ","23061003            ","23061003            ","23061003            ","23061               ","2306                ","23                  ","2                   ","P |01|AK5200||"
"23061               ","2","P |01|CT1200||23061004","P |01|CT1200||23061004","P |01|CT1200||23061004","P |01|CT1200||23061004","P |01|CT1200||23061004","P |01|CT1200||23061004","P |01|CT1200||23061004","P |01|CT1200||23061","P |01|CT1200||2306","P |01|CT1200||23","P |01|CT1200||2","CISNEIRO PARTICIPACOES LTDA             ","CISNEIRO PARTICIPACOES LTDA             ","CISNEIRO PARTICIPACOES LTDA             ","CISNEIRO PARTICIPACOES LTDA             ","CISNEIRO PARTICIPACOES LTDA             ","CISNEIRO PARTICIPACOES LTDA             ","CISNEIRO PARTICIPACOES LTDA             ","DISTR. ANTECIPADAS LUCROS DO EXERCICIO  ","DISTRIB. ANTECIPADAS LUCROS NO EXERCICIO","PATRIMONIO LIQUIDO                      ","PASSIVO                                 ","23061004            ","23061004            ","23061004            ","23061004            ","23061004            ","23061004            ","23061004            ","23061               ","2306                ","23                  ","2                   ","P |01|AK5200||"
"23061               ","2","P |01|CT1200||23061005","P |01|CT1200||23061005","P |01|CT1200||23061005","P |01|CT1200||23061005","P |01|CT1200||23061005","P |01|CT1200||23061005","P |01|CT1200||23061005","P |01|CT1200||23061","P |01|CT1200||2306","P |01|CT1200||23","P |01|CT1200||2","EE. WW. PARTICIPACOES LTFA              ","EE. WW. PARTICIPACOES LTFA              ","EE. WW. PARTICIPACOES LTFA              ","EE. WW. PARTICIPACOES LTFA              ","EE. WW. PARTICIPACOES LTFA              ","EE. WW. PARTICIPACOES LTFA              ","EE. WW. PARTICIPACOES LTFA              ","DISTR. ANTECIPADAS LUCROS DO EXERCICIO  ","DISTRIB. ANTECIPADAS LUCROS NO EXERCICIO","PATRIMONIO LIQUIDO                      ","PASSIVO                                 ","23061005            ","23061005            ","23061005            ","23061005            ","23061005            ","23061005            ","23061005            ","23061               ","2306                ","23                  ","2                   ","P |01|AK5200||"
"23061               ","2","P |01|CT1200||23061006","P |01|CT1200||23061006","P |01|CT1200||23061006","P |01|CT1200||23061006","P |01|CT1200||23061006","P |01|CT1200||23061006","P |01|CT1200||23061006","P |01|CT1200||23061","P |01|CT1200||2306","P |01|CT1200||23","P |01|CT1200||2","BELTRAME E MOZARDO PARTICIPACOES LTDA   ","BELTRAME E MOZARDO PARTICIPACOES LTDA   ","BELTRAME E MOZARDO PARTICIPACOES LTDA   ","BELTRAME E MOZARDO PARTICIPACOES LTDA   ","BELTRAME E MOZARDO PARTICIPACOES LTDA   ","BELTRAME E MOZARDO PARTICIPACOES LTDA   ","BELTRAME E MOZARDO PARTICIPACOES LTDA   ","DISTR. ANTECIPADAS LUCROS DO EXERCICIO  ","DISTRIB. ANTECIPADAS LUCROS NO EXERCICIO","PATRIMONIO LIQUIDO                      ","PASSIVO                                 ","23061006            ","23061006            ","23061006            ","23061006            ","23061006            ","23061006            ","23061006            ","23061               ","2306                ","23                  ","2                   ","P |01|AK5200||"
"23061               ","2","P |01|CT1200||23061007","P |01|CT1200||23061007","P |01|CT1200||23061007","P |01|CT1200||23061007","P |01|CT1200||23061007","P |01|CT1200||23061007","P |01|CT1200||23061007","P |01|CT1200||23061","P |01|CT1200||2306","P |01|CT1200||23","P |01|CT1200||2","PR7 PARTICIPACOES LTDA                  ","PR7 PARTICIPACOES LTDA                  ","PR7 PARTICIPACOES LTDA                  ","PR7 PARTICIPACOES LTDA                  ","PR7 PARTICIPACOES LTDA                  ","PR7 PARTICIPACOES LTDA                  ","PR7 PARTICIPACOES LTDA                  ","DISTR. ANTECIPADAS LUCROS DO EXERCICIO  ","DISTRIB. ANTECIPADAS LUCROS NO EXERCICIO","PATRIMONIO LIQUIDO                      ","PASSIVO                                 ","23061007            ","23061007            ","23061007            ","23061007            ","23061007            ","23061007            ","23061007            ","23061               ","2306                ","23                  ","2                   ","P |01|AK5200||"
"23061               ","2","P |01|CT1200||23061008","P |01|CT1200||23061008","P |01|CT1200||23061008","P |01|CT1200||23061008","P |01|CT1200||23061008","P |01|CT1200||23061008","P |01|CT1200||23061008","P |01|CT1200||23061","P |01|CT1200||2306","P |01|CT1200||23","P |01|CT1200||2","RO INVESTIMENTOS E PARTICIPACOES LTDA   ","RO INVESTIMENTOS E PARTICIPACOES LTDA   ","RO INVESTIMENTOS E PARTICIPACOES LTDA   ","RO INVESTIMENTOS E PARTICIPACOES LTDA   ","RO INVESTIMENTOS E PARTICIPACOES LTDA   ","RO INVESTIMENTOS E PARTICIPACOES LTDA   ","RO INVESTIMENTOS E PARTICIPACOES LTDA   ","DISTR. ANTECIPADAS LUCROS DO EXERCICIO  ","DISTRIB. ANTECIPADAS LUCROS NO EXERCICIO","PATRIMONIO LIQUIDO                      ","PASSIVO                                 ","23061008            ","23061008            ","23061008            ","23061008            ","23061008            ","23061008            ","23061008            ","23061               ","2306                ","23                  ","2                   ","P |01|AK5200||"
"23061               ","2","P |01|CT1200||23061009","P |01|CT1200||23061009","P |01|CT1200||23061009","P |01|CT1200||23061009","P |01|CT1200||23061009","P |01|CT1200||23061009","P |01|CT1200||23061009","P |01|CT1200||23061","P |01|CT1200||2306","P |01|CT1200||23","P |01|CT1200||2","ARRUDA & BEVENUTO PARTICIPACOES LTDA    ","ARRUDA & BEVENUTO PARTICIPACOES LTDA    ","ARRUDA & BEVENUTO PARTICIPACOES LTDA    ","ARRUDA & BEVENUTO PARTICIPACOES LTDA    ","ARRUDA & BEVENUTO PARTICIPACOES LTDA    ","ARRUDA & BEVENUTO PARTICIPACOES LTDA    ","ARRUDA & BEVENUTO PARTICIPACOES LTDA    ","DISTR. ANTECIPADAS LUCROS DO EXERCICIO  ","DISTRIB. ANTECIPADAS LUCROS NO EXERCICIO","PATRIMONIO LIQUIDO                      ","PASSIVO                                 ","23061009            ","23061009            ","23061009            ","23061009            ","23061009            ","23061009            ","23061009            ","23061               ","2306                ","23                  ","2                   ","P |01|AK5200||"
"23061               ","2","P |01|CT1200||23061010","P |01|CT1200||23061010","P |01|CT1200||23061010","P |01|CT1200||23061010","P |01|CT1200||23061010","P |01|CT1200||23061010","P |01|CT1200||23061010","P |01|CT1200||23061","P |01|CT1200||2306","P |01|CT1200||23","P |01|CT1200||2","NAPPI PARTICIPACOES LTDA                ","NAPPI PARTICIPACOES LTDA                ","NAPPI PARTICIPACOES LTDA                ","NAPPI PARTICIPACOES LTDA                ","NAPPI PARTICIPACOES LTDA                ","NAPPI PARTICIPACOES LTDA                ","NAPPI PARTICIPACOES LTDA                ","DISTR. ANTECIPADAS LUCROS DO EXERCICIO  ","DISTRIB. ANTECIPADAS LUCROS NO EXERCICIO","PATRIMONIO LIQUIDO                      ","PASSIVO                                 ","23061010            ","23061010            ","23061010            ","23061010            ","23061010            ","23061010            ","23061010            ","23061               ","2306                ","23                  ","2                   ","P |01|AK5200||"
"23061               ","2","P |01|CT1200||23061011","P |01|CT1200||23061011","P |01|CT1200||23061011","P |01|CT1200||23061011","P |01|CT1200||23061011","P |01|CT1200||23061011","P |01|CT1200||23061011","P |01|CT1200||23061","P |01|CT1200||2306","P |01|CT1200||23","P |01|CT1200||2","ACTVS REPRESENTACAO LTDA                ","ACTVS REPRESENTACAO LTDA                ","ACTVS REPRESENTACAO LTDA                ","ACTVS REPRESENTACAO LTDA                ","ACTVS REPRESENTACAO LTDA                ","ACTVS REPRESENTACAO LTDA                ","ACTVS REPRESENTACAO LTDA                ","DISTR. ANTECIPADAS LUCROS DO EXERCICIO  ","DISTRIB. ANTECIPADAS LUCROS NO EXERCICIO","PATRIMONIO LIQUIDO                      ","PASSIVO                                 ","23061011            ","23061011            ","23061011            ","23061011            ","23061011            ","23061011            ","23061011            ","23061               ","2306                ","23                  ","2                   ","P |01|AK5200||"
"3                   ","1","P |01|CT1200||31","P |01|CT1200||31","P |01|CT1200||31","P |01|CT1200||31","P |01|CT1200||31","P |01|CT1200||31","P |01|CT1200||31","P |01|CT1200||31","P |01|CT1200||31","P |01|CT1200||31","P |01|CT1200||3","RECEITA BRUTA                           ","RECEITA BRUTA                           ","RECEITA BRUTA                           ","RECEITA BRUTA                           ","RECEITA BRUTA                           ","RECEITA BRUTA                           ","RECEITA BRUTA                           ","RECEITA BRUTA                           ","RECEITA BRUTA                           ","RECEITA BRUTA                           ","RECEITAS OPERACIONAIS                   ","31                  ","31                  ","31                  ","31                  ","31                  ","31                  ","31                  ","31                  ","31                  ","31                  ","3                   ","P |01|AK5200||"
"3                   ","1","P |01|CT1200||32","P |01|CT1200||32","P |01|CT1200||32","P |01|CT1200||32","P |01|CT1200||32","P |01|CT1200||32","P |01|CT1200||32","P |01|CT1200||32","P |01|CT1200||32","P |01|CT1200||32","P |01|CT1200||3","DEDUCOES DE RECEITAS                    ","DEDUCOES DE RECEITAS                    ","DEDUCOES DE RECEITAS                    ","DEDUCOES DE RECEITAS                    ","DEDUCOES DE RECEITAS                    ","DEDUCOES DE RECEITAS                    ","DEDUCOES DE RECEITAS                    ","DEDUCOES DE RECEITAS                    ","DEDUCOES DE RECEITAS                    ","DEDUCOES DE RECEITAS                    ","RECEITAS OPERACIONAIS                   ","32                  ","32                  ","32                  ","32                  ","32                  ","32                  ","32                  ","32                  ","32                  ","32                  ","3                   ","P |01|AK5200||"
"3                   ","1","P |01|CT1200||33","P |01|CT1200||33","P |01|CT1200||33","P |01|CT1200||33","P |01|CT1200||33","P |01|CT1200||33","P |01|CT1200||33","P |01|CT1200||33","P |01|CT1200||33","P |01|CT1200||33","P |01|CT1200||3","IMPOSTOS S/RECEITAS                     ","IMPOSTOS S/RECEITAS                     ","IMPOSTOS S/RECEITAS                     ","IMPOSTOS S/RECEITAS                     ","IMPOSTOS S/RECEITAS                     ","IMPOSTOS S/RECEITAS                     ","IMPOSTOS S/RECEITAS                     ","IMPOSTOS S/RECEITAS                     ","IMPOSTOS S/RECEITAS                     ","IMPOSTOS S/RECEITAS                     ","RECEITAS OPERACIONAIS                   ","33                  ","33                  ","33                  ","33                  ","33                  ","33                  ","33                  ","33                  ","33                  ","33                  ","3                   ","P |01|AK5200||"
"3                   ","1","P |01|CT1200||34","P |01|CT1200||34","P |01|CT1200||34","P |01|CT1200||34","P |01|CT1200||34","P |01|CT1200||34","P |01|CT1200||34","P |01|CT1200||34","P |01|CT1200||34","P |01|CT1200||34","P |01|CT1200||3","OUTRAS RECEITAS                         ","OUTRAS RECEITAS                         ","OUTRAS RECEITAS                         ","OUTRAS RECEITAS                         ","OUTRAS RECEITAS                         ","OUTRAS RECEITAS                         ","OUTRAS RECEITAS                         ","OUTRAS RECEITAS                         ","OUTRAS RECEITAS                         ","OUTRAS RECEITAS                         ","RECEITAS OPERACIONAIS                   ","34                  ","34                  ","34                  ","34                  ","34                  ","34                  ","34                  ","34                  ","34                  ","34                  ","3                   ","P |01|AK5200||"
"31                  ","1","P |01|CT1200||3101","P |01|CT1200||3101","P |01|CT1200||3101","P |01|CT1200||3101","P |01|CT1200||3101","P |01|CT1200||3101","P |01|CT1200||3101","P |01|CT1200||3101","P |01|CT1200||3101","P |01|CT1200||31","P |01|CT1200||3","SERVICOS GERAIS                         ","SERVICOS GERAIS                         ","SERVICOS GERAIS                         ","SERVICOS GERAIS                         ","SERVICOS GERAIS                         ","SERVICOS GERAIS                         ","SERVICOS GERAIS                         ","SERVICOS GERAIS                         ","SERVICOS GERAIS                         ","RECEITA BRUTA                           ","RECEITAS OPERACIONAIS                   ","3101                ","3101                ","3101                ","3101                ","3101                ","3101                ","3101                ","3101                ","3101                ","31                  ","3                   ","P |01|AK5200||"
"31                  ","1","P |01|CT1200||3103","P |01|CT1200||3103","P |01|CT1200||3103","P |01|CT1200||3103","P |01|CT1200||3103","P |01|CT1200||3103","P |01|CT1200||3103","P |01|CT1200||3103","P |01|CT1200||3103","P |01|CT1200||31","P |01|CT1200||3","SERVICOS VENDAS                         ","SERVICOS VENDAS                         ","SERVICOS VENDAS                         ","SERVICOS VENDAS                         ","SERVICOS VENDAS                         ","SERVICOS VENDAS                         ","SERVICOS VENDAS                         ","SERVICOS VENDAS                         ","SERVICOS VENDAS                         ","RECEITA BRUTA                           ","RECEITAS OPERACIONAIS                   ","3103                ","3103                ","3103                ","3103                ","3103                ","3103                ","3103                ","3103                ","3103                ","31                  ","3                   ","P |01|AK5200||"
"31                  ","1","P |01|CT1200||3104","P |01|CT1200||3104","P |01|CT1200||3104","P |01|CT1200||3104","P |01|CT1200||3104","P |01|CT1200||3104","P |01|CT1200||3104","P |01|CT1200||3104","P |01|CT1200||3104","P |01|CT1200||31","P |01|CT1200||3","RECEITAS MENSAIS                        ","RECEITAS MENSAIS                        ","RECEITAS MENSAIS                        ","RECEITAS MENSAIS                        ","RECEITAS MENSAIS                        ","RECEITAS MENSAIS                        ","RECEITAS MENSAIS                        ","RECEITAS MENSAIS                        ","RECEITAS MENSAIS                        ","RECEITA BRUTA                           ","RECEITAS OPERACIONAIS                   ","3104                ","3104                ","3104                ","3104                ","3104                ","3104                ","3104                ","3104                ","3104                ","31                  ","3                   ","P |01|AK5200||"
"31                  ","1","P |01|CT1200||3105","P |01|CT1200||3105","P |01|CT1200||3105","P |01|CT1200||3105","P |01|CT1200||3105","P |01|CT1200||3105","P |01|CT1200||3105","P |01|CT1200||3105","P |01|CT1200||3105","P |01|CT1200||31","P |01|CT1200||3","OUTRAS RECEITAS                         ","OUTRAS RECEITAS                         ","OUTRAS RECEITAS                         ","OUTRAS RECEITAS                         ","OUTRAS RECEITAS                         ","OUTRAS RECEITAS                         ","OUTRAS RECEITAS                         ","OUTRAS RECEITAS                         ","OUTRAS RECEITAS                         ","RECEITA BRUTA                           ","RECEITAS OPERACIONAIS                   ","3105                ","3105                ","3105                ","3105                ","3105                ","3105                ","3105                ","3105                ","3105                ","31                  ","3                   ","P |01|AK5200||"
"31                  ","1","P |01|CT1200||31051","P |01|CT1200||31051","P |01|CT1200||31051","P |01|CT1200||31051","P |01|CT1200||31051","P |01|CT1200||31051","P |01|CT1200||31051","P |01|CT1200||31051","P |01|CT1200||31051","P |01|CT1200||31","P |01|CT1200||3","OUTRAS RECEITAS                         ","OUTRAS RECEITAS                         ","OUTRAS RECEITAS                         ","OUTRAS RECEITAS                         ","OUTRAS RECEITAS                         ","OUTRAS RECEITAS                         ","OUTRAS RECEITAS                         ","OUTRAS RECEITAS                         ","OUTRAS RECEITAS                         ","RECEITA BRUTA                           ","RECEITAS OPERACIONAIS                   ","31051               ","31051               ","31051               ","31051               ","31051               ","31051               ","31051               ","31051               ","31051               ","31                  ","3                   ","P |01|AK5200||"
"3101                ","1","P |01|CT1200||31011","P |01|CT1200||31011","P |01|CT1200||31011","P |01|CT1200||31011","P |01|CT1200||31011","P |01|CT1200||31011","P |01|CT1200||31011","P |01|CT1200||31011","P |01|CT1200||3101","P |01|CT1200||31","P |01|CT1200||3","SERVICOS PROJETOS                       ","SERVICOS PROJETOS                       ","SERVICOS PROJETOS                       ","SERVICOS PROJETOS                       ","SERVICOS PROJETOS                       ","SERVICOS PROJETOS                       ","SERVICOS PROJETOS                       ","SERVICOS PROJETOS                       ","SERVICOS GERAIS                         ","RECEITA BRUTA                           ","RECEITAS OPERACIONAIS                   ","31011               ","31011               ","31011               ","31011               ","31011               ","31011               ","31011               ","31011               ","3101                ","31                  ","3                   ","P |01|AK5200||"
"31011               ","2","P |01|CT1200||31011001","P |01|CT1200||31011001","P |01|CT1200||31011001","P |01|CT1200||31011001","P |01|CT1200||31011001","P |01|CT1200||31011001","P |01|CT1200||31011001","P |01|CT1200||31011","P |01|CT1200||3101","P |01|CT1200||31","P |01|CT1200||3","SERVIÇOS  CONSULTORIA                   ","SERVIÇOS  CONSULTORIA                   ","SERVIÇOS  CONSULTORIA                   ","SERVIÇOS  CONSULTORIA                   ","SERVIÇOS  CONSULTORIA                   ","SERVIÇOS  CONSULTORIA                   ","SERVIÇOS  CONSULTORIA                   ","SERVICOS PROJETOS                       ","SERVICOS GERAIS                         ","RECEITA BRUTA                           ","RECEITAS OPERACIONAIS                   ","31011001            ","31011001            ","31011001            ","31011001            ","31011001            ","31011001            ","31011001            ","31011               ","3101                ","31                  ","3                   ","P |01|AK5200||11001"
"31011               ","2","P |01|CT1200||31011002","P |01|CT1200||31011002","P |01|CT1200||31011002","P |01|CT1200||31011002","P |01|CT1200||31011002","P |01|CT1200||31011002","P |01|CT1200||31011002","P |01|CT1200||31011","P |01|CT1200||3101","P |01|CT1200||31","P |01|CT1200||3","SERVICOS GERENCIAMENTO                  ","SERVICOS GERENCIAMENTO                  ","SERVICOS GERENCIAMENTO                  ","SERVICOS GERENCIAMENTO                  ","SERVICOS GERENCIAMENTO                  ","SERVICOS GERENCIAMENTO                  ","SERVICOS GERENCIAMENTO                  ","SERVICOS PROJETOS                       ","SERVICOS GERAIS                         ","RECEITA BRUTA                           ","RECEITAS OPERACIONAIS                   ","31011002            ","31011002            ","31011002            ","31011002            ","31011002            ","31011002            ","31011002            ","31011               ","3101                ","31                  ","3                   ","P |01|AK5200||11001"
"31011               ","2","P |01|CT1200||31011003","P |01|CT1200||31011003","P |01|CT1200||31011003","P |01|CT1200||31011003","P |01|CT1200||31011003","P |01|CT1200||31011003","P |01|CT1200||31011003","P |01|CT1200||31011","P |01|CT1200||3101","P |01|CT1200||31","P |01|CT1200||3","SERVICOS RECORRENTES                    ","SERVICOS RECORRENTES                    ","SERVICOS RECORRENTES                    ","SERVICOS RECORRENTES                    ","SERVICOS RECORRENTES                    ","SERVICOS RECORRENTES                    ","SERVICOS RECORRENTES                    ","SERVICOS PROJETOS                       ","SERVICOS GERAIS                         ","RECEITA BRUTA                           ","RECEITAS OPERACIONAIS                   ","31011003            ","31011003            ","31011003            ","31011003            ","31011003            ","31011003            ","31011003            ","31011               ","3101                ","31                  ","3                   ","P |01|AK5200||11011"
"31011               ","2","P |01|CT1200||31011004","P |01|CT1200||31011004","P |01|CT1200||31011004","P |01|CT1200||31011004","P |01|CT1200||31011004","P |01|CT1200||31011004","P |01|CT1200||31011004","P |01|CT1200||31011","P |01|CT1200||3101","P |01|CT1200||31","P |01|CT1200||3","SERVICOS FABRICA DE SOFTWARE            ","SERVICOS FABRICA DE SOFTWARE            ","SERVICOS FABRICA DE SOFTWARE            ","SERVICOS FABRICA DE SOFTWARE            ","SERVICOS FABRICA DE SOFTWARE            ","SERVICOS FABRICA DE SOFTWARE            ","SERVICOS FABRICA DE SOFTWARE            ","SERVICOS PROJETOS                       ","SERVICOS GERAIS                         ","RECEITA BRUTA                           ","RECEITAS OPERACIONAIS                   ","31011004            ","31011004            ","31011004            ","31011004            ","31011004            ","31011004            ","31011004            ","31011               ","3101                ","31                  ","3                   ","P |01|AK5200||11005"
"31011               ","2","P |01|CT1200||31011005","P |01|CT1200||31011005","P |01|CT1200||31011005","P |01|CT1200||31011005","P |01|CT1200||31011005","P |01|CT1200||31011005","P |01|CT1200||31011005","P |01|CT1200||31011","P |01|CT1200||3101","P |01|CT1200||31","P |01|CT1200||3","SERVICOS BANCO DE HORAS                 ","SERVICOS BANCO DE HORAS                 ","SERVICOS BANCO DE HORAS                 ","SERVICOS BANCO DE HORAS                 ","SERVICOS BANCO DE HORAS                 ","SERVICOS BANCO DE HORAS                 ","SERVICOS BANCO DE HORAS                 ","SERVICOS PROJETOS                       ","SERVICOS GERAIS                         ","RECEITA BRUTA                           ","RECEITAS OPERACIONAIS                   ","31011005            ","31011005            ","31011005            ","31011005            ","31011005            ","31011005            ","31011005            ","31011               ","3101                ","31                  ","3                   ","P |01|AK5200||11004"
"31011               ","2","P |01|CT1200||31011006","P |01|CT1200||31011006","P |01|CT1200||31011006","P |01|CT1200||31011006","P |01|CT1200||31011006","P |01|CT1200||31011006","P |01|CT1200||31011006","P |01|CT1200||31011","P |01|CT1200||3101","P |01|CT1200||31","P |01|CT1200||3","SERVICOS SUSTENTACAO                    ","SERVICOS SUSTENTACAO                    ","SERVICOS SUSTENTACAO                    ","SERVICOS SUSTENTACAO                    ","SERVICOS SUSTENTACAO                    ","SERVICOS SUSTENTACAO                    ","SERVICOS SUSTENTACAO                    ","SERVICOS PROJETOS                       ","SERVICOS GERAIS                         ","RECEITA BRUTA                           ","RECEITAS OPERACIONAIS                   ","31011006            ","31011006            ","31011006            ","31011006            ","31011006            ","31011006            ","31011006            ","31011               ","3101                ","31                  ","3                   ","P |01|AK5200||11006"
"31011               ","2","P |01|CT1200||31011007","P |01|CT1200||31011007","P |01|CT1200||31011007","P |01|CT1200||31011007","P |01|CT1200||31011007","P |01|CT1200||31011007","P |01|CT1200||31011007","P |01|CT1200||31011","P |01|CT1200||3101","P |01|CT1200||31","P |01|CT1200||3","SERVICOS TEMPLATES-ADESAO               ","SERVICOS TEMPLATES-ADESAO               ","SERVICOS TEMPLATES-ADESAO               ","SERVICOS TEMPLATES-ADESAO               ","SERVICOS TEMPLATES-ADESAO               ","SERVICOS TEMPLATES-ADESAO               ","SERVICOS TEMPLATES-ADESAO               ","SERVICOS PROJETOS                       ","SERVICOS GERAIS                         ","RECEITA BRUTA                           ","RECEITAS OPERACIONAIS                   ","31011007            ","31011007            ","31011007            ","31011007            ","31011007            ","31011007            ","31011007            ","31011               ","3101                ","31                  ","3                   ","P |01|AK5200||11007"
"31011               ","2","P |01|CT1200||31011008","P |01|CT1200||31011008","P |01|CT1200||31011008","P |01|CT1200||31011008","P |01|CT1200||31011008","P |01|CT1200||31011008","P |01|CT1200||31011008","P |01|CT1200||31011","P |01|CT1200||3101","P |01|CT1200||31","P |01|CT1200||3","SERVICOS PROJETOS FECHADO               ","SERVICOS PROJETOS FECHADO               ","SERVICOS PROJETOS FECHADO               ","SERVICOS PROJETOS FECHADO               ","SERVICOS PROJETOS FECHADO               ","SERVICOS PROJETOS FECHADO               ","SERVICOS PROJETOS FECHADO               ","SERVICOS PROJETOS                       ","SERVICOS GERAIS                         ","RECEITA BRUTA                           ","RECEITAS OPERACIONAIS                   ","31011008            ","31011008            ","31011008            ","31011008            ","31011008            ","31011008            ","31011008            ","31011               ","3101                ","31                  ","3                   ","P |01|AK5200||11002"
"31011               ","2","P |01|CT1200||31011009","P |01|CT1200||31011009","P |01|CT1200||31011009","P |01|CT1200||31011009","P |01|CT1200||31011009","P |01|CT1200||31011009","P |01|CT1200||31011009","P |01|CT1200||31011","P |01|CT1200||3101","P |01|CT1200||31","P |01|CT1200||3","SERVICOS ASSESSORIA MKT                 ","SERVICOS ASSESSORIA MKT                 ","SERVICOS ASSESSORIA MKT                 ","SERVICOS ASSESSORIA MKT                 ","SERVICOS ASSESSORIA MKT                 ","SERVICOS ASSESSORIA MKT                 ","SERVICOS ASSESSORIA MKT                 ","SERVICOS PROJETOS                       ","SERVICOS GERAIS                         ","RECEITA BRUTA                           ","RECEITAS OPERACIONAIS                   ","31011009            ","31011009            ","31011009            ","31011009            ","31011009            ","31011009            ","31011009            ","31011               ","3101                ","31                  ","3                   ","P |01|AK5200||11008"
"31011               ","2","P |01|CT1200||31011010","P |01|CT1200||31011010","P |01|CT1200||31011010","P |01|CT1200||31011010","P |01|CT1200||31011010","P |01|CT1200||31011010","P |01|CT1200||31011010","P |01|CT1200||31011","P |01|CT1200||3101","P |01|CT1200||31","P |01|CT1200||3","SERVICOS TEMPLATES-RECORRENCIA          ","SERVICOS TEMPLATES-RECORRENCIA          ","SERVICOS TEMPLATES-RECORRENCIA          ","SERVICOS TEMPLATES-RECORRENCIA          ","SERVICOS TEMPLATES-RECORRENCIA          ","SERVICOS TEMPLATES-RECORRENCIA          ","SERVICOS TEMPLATES-RECORRENCIA          ","SERVICOS PROJETOS                       ","SERVICOS GERAIS                         ","RECEITA BRUTA                           ","RECEITAS OPERACIONAIS                   ","31011010            ","31011010            ","31011010            ","31011010            ","31011010            ","31011010            ","31011010            ","31011               ","3101                ","31                  ","3                   ","P |01|AK5200||11011"
"31011               ","2","P |01|CT1200||31011011","P |01|CT1200||31011011","P |01|CT1200||31011011","P |01|CT1200||31011011","P |01|CT1200||31011011","P |01|CT1200||31011011","P |01|CT1200||31011011","P |01|CT1200||31011","P |01|CT1200||3101","P |01|CT1200||31","P |01|CT1200||3","SERVICOS OUTSOURCING                    ","SERVICOS OUTSOURCING                    ","SERVICOS OUTSOURCING                    ","SERVICOS OUTSOURCING                    ","SERVICOS OUTSOURCING                    ","SERVICOS OUTSOURCING                    ","SERVICOS OUTSOURCING                    ","SERVICOS PROJETOS                       ","SERVICOS GERAIS                         ","RECEITA BRUTA                           ","RECEITAS OPERACIONAIS                   ","31011011            ","31011011            ","31011011            ","31011011            ","31011011            ","31011011            ","31011011            ","31011               ","3101                ","31                  ","3                   ","P |01|AK5200||11003"
"31011               ","2","P |01|CT1200||31011012","P |01|CT1200||31011012","P |01|CT1200||31011012","P |01|CT1200||31011012","P |01|CT1200||31011012","P |01|CT1200||31011012","P |01|CT1200||31011012","P |01|CT1200||31011","P |01|CT1200||3101","P |01|CT1200||31","P |01|CT1200||3","SERVICOS HORA ABERTA                    ","SERVICOS HORA ABERTA                    ","SERVICOS HORA ABERTA                    ","SERVICOS HORA ABERTA                    ","SERVICOS HORA ABERTA                    ","SERVICOS HORA ABERTA                    ","SERVICOS HORA ABERTA                    ","SERVICOS PROJETOS                       ","SERVICOS GERAIS                         ","RECEITA BRUTA                           ","RECEITAS OPERACIONAIS                   ","31011012            ","31011012            ","31011012            ","31011012            ","31011012            ","31011012            ","31011012            ","31011               ","3101                ","31                  ","3                   ","P |01|AK5200||11001"
"3103                ","1","P |01|CT1200||31031","P |01|CT1200||31031","P |01|CT1200||31031","P |01|CT1200||31031","P |01|CT1200||31031","P |01|CT1200||31031","P |01|CT1200||31031","P |01|CT1200||31031","P |01|CT1200||3103","P |01|CT1200||31","P |01|CT1200||3","SERVICOS CDU                            ","SERVICOS CDU                            ","SERVICOS CDU                            ","SERVICOS CDU                            ","SERVICOS CDU                            ","SERVICOS CDU                            ","SERVICOS CDU                            ","SERVICOS CDU                            ","SERVICOS VENDAS                         ","RECEITA BRUTA                           ","RECEITAS OPERACIONAIS                   ","31031               ","31031               ","31031               ","31031               ","31031               ","31031               ","31031               ","31031               ","3103                ","31                  ","3                   ","P |01|AK5200||"
"31031               ","2","P |01|CT1200||31031001","P |01|CT1200||31031001","P |01|CT1200||31031001","P |01|CT1200||31031001","P |01|CT1200||31031001","P |01|CT1200||31031001","P |01|CT1200||31031001","P |01|CT1200||31031","P |01|CT1200||3103","P |01|CT1200||31","P |01|CT1200||3","SERVICOS - CDU                          ","SERVICOS - CDU                          ","SERVICOS - CDU                          ","SERVICOS - CDU                          ","SERVICOS - CDU                          ","SERVICOS - CDU                          ","SERVICOS - CDU                          ","SERVICOS CDU                            ","SERVICOS VENDAS                         ","RECEITA BRUTA                           ","RECEITAS OPERACIONAIS                   ","31031001            ","31031001            ","31031001            ","31031001            ","31031001            ","31031001            ","31031001            ","31031               ","3103                ","31                  ","3                   ","P |01|AK5200||10101"
"3104                ","1","P |01|CT1200||31041","P |01|CT1200||31041","P |01|CT1200||31041","P |01|CT1200||31041","P |01|CT1200||31041","P |01|CT1200||31041","P |01|CT1200||31041","P |01|CT1200||31041","P |01|CT1200||3104","P |01|CT1200||31","P |01|CT1200||3","CONTRATOS                               ","CONTRATOS                               ","CONTRATOS                               ","CONTRATOS                               ","CONTRATOS                               ","CONTRATOS                               ","CONTRATOS                               ","CONTRATOS                               ","RECEITAS MENSAIS                        ","RECEITA BRUTA                           ","RECEITAS OPERACIONAIS                   ","31041               ","31041               ","31041               ","31041               ","31041               ","31041               ","31041               ","31041               ","3104                ","31                  ","3                   ","P |01|AK5200||"
"31041               ","2","P |01|CT1200||31041001","P |01|CT1200||31041001","P |01|CT1200||31041001","P |01|CT1200||31041001","P |01|CT1200||31041001","P |01|CT1200||31041001","P |01|CT1200||31041001","P |01|CT1200||31041","P |01|CT1200||3104","P |01|CT1200||31","P |01|CT1200||3","SERVICOS - SMS                          ","SERVICOS - SMS                          ","SERVICOS - SMS                          ","SERVICOS - SMS                          ","SERVICOS - SMS                          ","SERVICOS - SMS                          ","SERVICOS - SMS                          ","CONTRATOS                               ","RECEITAS MENSAIS                        ","RECEITA BRUTA                           ","RECEITAS OPERACIONAIS                   ","31041001            ","31041001            ","31041001            ","31041001            ","31041001            ","31041001            ","31041001            ","31041               ","3104                ","31                  ","3                   ","P |01|AK5200||10201"
"31041               ","2","P |01|CT1200||31041002","P |01|CT1200||31041002","P |01|CT1200||31041002","P |01|CT1200||31041002","P |01|CT1200||31041002","P |01|CT1200||31041002","P |01|CT1200||31041002","P |01|CT1200||31041","P |01|CT1200||3104","P |01|CT1200||31","P |01|CT1200||3","SERVICOS - SAAS                         ","SERVICOS - SAAS                         ","SERVICOS - SAAS                         ","SERVICOS - SAAS                         ","SERVICOS - SAAS                         ","SERVICOS - SAAS                         ","SERVICOS - SAAS                         ","CONTRATOS                               ","RECEITAS MENSAIS                        ","RECEITA BRUTA                           ","RECEITAS OPERACIONAIS                   ","31041002            ","31041002            ","31041002            ","31041002            ","31041002            ","31041002            ","31041002            ","31041               ","3104                ","31                  ","3                   ","P |01|AK5200||10201"
"31041               ","2","P |01|CT1200||31041003","P |01|CT1200||31041003","P |01|CT1200||31041003","P |01|CT1200||31041003","P |01|CT1200||31041003","P |01|CT1200||31041003","P |01|CT1200||31041003","P |01|CT1200||31041","P |01|CT1200||3104","P |01|CT1200||31","P |01|CT1200||3","SERVICOS - ARCO                         ","SERVICOS - ARCO                         ","SERVICOS - ARCO                         ","SERVICOS - ARCO                         ","SERVICOS - ARCO                         ","SERVICOS - ARCO                         ","SERVICOS - ARCO                         ","CONTRATOS                               ","RECEITAS MENSAIS                        ","RECEITA BRUTA                           ","RECEITAS OPERACIONAIS                   ","31041003            ","31041003            ","31041003            ","31041003            ","31041003            ","31041003            ","31041003            ","31041               ","3104                ","31                  ","3                   ","P |01|AK5200||10501"
"31041               ","2","P |01|CT1200||31041004","P |01|CT1200||31041004","P |01|CT1200||31041004","P |01|CT1200||31041004","P |01|CT1200||31041004","P |01|CT1200||31041004","P |01|CT1200||31041004","P |01|CT1200||31041","P |01|CT1200||3104","P |01|CT1200||31","P |01|CT1200||3","SERVICOS- TECHFIN                       ","SERVICOS- TECHFIN                       ","SERVICOS- TECHFIN                       ","SERVICOS- TECHFIN                       ","SERVICOS- TECHFIN                       ","SERVICOS- TECHFIN                       ","SERVICOS- TECHFIN                       ","CONTRATOS                               ","RECEITAS MENSAIS                        ","RECEITA BRUTA                           ","RECEITAS OPERACIONAIS                   ","31041004            ","31041004            ","31041004            ","31041004            ","31041004            ","31041004            ","31041004            ","31041               ","3104                ","31                  ","3                   ","P |01|AK5200||10601"
"31041               ","2","P |01|CT1200||31041005","P |01|CT1200||31041005","P |01|CT1200||31041005","P |01|CT1200||31041005","P |01|CT1200||31041005","P |01|CT1200||31041005","P |01|CT1200||31041005","P |01|CT1200||31041","P |01|CT1200||3104","P |01|CT1200||31","P |01|CT1200||3","SERVICOS - ACELERAR                     ","SERVICOS - ACELERAR                     ","SERVICOS - ACELERAR                     ","SERVICOS - ACELERAR                     ","SERVICOS - ACELERAR                     ","SERVICOS - ACELERAR                     ","SERVICOS - ACELERAR                     ","CONTRATOS                               ","RECEITAS MENSAIS                        ","RECEITA BRUTA                           ","RECEITAS OPERACIONAIS                   ","31041005            ","31041005            ","31041005            ","31041005            ","31041005            ","31041005            ","31041005            ","31041               ","3104                ","31                  ","3                   ","P |01|AK5200||10701"
"31041               ","2","P |01|CT1200||31041006","P |01|CT1200||31041006","P |01|CT1200||31041006","P |01|CT1200||31041006","P |01|CT1200||31041006","P |01|CT1200||31041006","P |01|CT1200||31041006","P |01|CT1200||31041","P |01|CT1200||3104","P |01|CT1200||31","P |01|CT1200||3","SERVICOS BP                             ","SERVICOS BP                             ","SERVICOS BP                             ","SERVICOS BP                             ","SERVICOS BP                             ","SERVICOS BP                             ","SERVICOS BP                             ","CONTRATOS                               ","RECEITAS MENSAIS                        ","RECEITA BRUTA                           ","RECEITAS OPERACIONAIS                   ","31041006            ","31041006            ","31041006            ","31041006            ","31041006            ","31041006            ","31041006            ","31041               ","3104                ","31                  ","3                   ","P |01|AK5200||10201"
"31041               ","2","P |01|CT1200||31041007","P |01|CT1200||31041007","P |01|CT1200||31041007","P |01|CT1200||31041007","P |01|CT1200||31041007","P |01|CT1200||31041007","P |01|CT1200||31041007","P |01|CT1200||31041","P |01|CT1200||3104","P |01|CT1200||31","P |01|CT1200||3","RECEITA RECORRENTE DEV PARTNER          ","RECEITA RECORRENTE DEV PARTNER          ","RECEITA RECORRENTE DEV PARTNER          ","RECEITA RECORRENTE DEV PARTNER          ","RECEITA RECORRENTE DEV PARTNER          ","RECEITA RECORRENTE DEV PARTNER          ","RECEITA RECORRENTE DEV PARTNER          ","CONTRATOS                               ","RECEITAS MENSAIS                        ","RECEITA BRUTA                           ","RECEITAS OPERACIONAIS                   ","31041007            ","31041007            ","31041007            ","31041007            ","31041007            ","31041007            ","31041007            ","31041               ","3104                ","31                  ","3                   ","P |01|AK5200||10202"
"31051               ","2","P |01|CT1200||31051001","P |01|CT1200||31051001","P |01|CT1200||31051001","P |01|CT1200||31051001","P |01|CT1200||31051001","P |01|CT1200||31051001","P |01|CT1200||31051001","P |01|CT1200||31051001","P |01|CT1200||31051","P |01|CT1200||31","P |01|CT1200||3","REEMBOLSO DESP. ATENDIMENTO C/ ND       ","REEMBOLSO DESP. ATENDIMENTO C/ ND       ","REEMBOLSO DESP. ATENDIMENTO C/ ND       ","REEMBOLSO DESP. ATENDIMENTO C/ ND       ","REEMBOLSO DESP. ATENDIMENTO C/ ND       ","REEMBOLSO DESP. ATENDIMENTO C/ ND       ","REEMBOLSO DESP. ATENDIMENTO C/ ND       ","REEMBOLSO DESP. ATENDIMENTO C/ ND       ","OUTRAS RECEITAS                         ","RECEITA BRUTA                           ","RECEITAS OPERACIONAIS                   ","31051001            ","31051001            ","31051001            ","31051001            ","31051001            ","31051001            ","31051001            ","31051001            ","31051               ","31                  ","3                   ","P |01|AK5200||11601"
"31051               ","2","P |01|CT1200||31051002","P |01|CT1200||31051002","P |01|CT1200||31051002","P |01|CT1200||31051002","P |01|CT1200||31051002","P |01|CT1200||31051002","P |01|CT1200||31051002","P |01|CT1200||31051002","P |01|CT1200||31051","P |01|CT1200||31","P |01|CT1200||3","SERVICOS -DESP. ATENDIMENTO C/NF        ","SERVICOS -DESP. ATENDIMENTO C/NF        ","SERVICOS -DESP. ATENDIMENTO C/NF        ","SERVICOS -DESP. ATENDIMENTO C/NF        ","SERVICOS -DESP. ATENDIMENTO C/NF        ","SERVICOS -DESP. ATENDIMENTO C/NF        ","SERVICOS -DESP. ATENDIMENTO C/NF        ","SERVICOS -DESP. ATENDIMENTO C/NF        ","OUTRAS RECEITAS                         ","RECEITA BRUTA                           ","RECEITAS OPERACIONAIS                   ","31051002            ","31051002            ","31051002            ","31051002            ","31051002            ","31051002            ","31051002            ","31051002            ","31051               ","31                  ","3                   ","P |01|AK5200||11020"
"31051               ","2","P |01|CT1200||31051003","P |01|CT1200||31051003","P |01|CT1200||31051003","P |01|CT1200||31051003","P |01|CT1200||31051003","P |01|CT1200||31051003","P |01|CT1200||31051003","P |01|CT1200||31051003","P |01|CT1200||31051","P |01|CT1200||31","P |01|CT1200||3","REPASSE  SERVICOS VENDAS ENTRE UNIDADES ","REPASSE  SERVICOS VENDAS ENTRE UNIDADES ","REPASSE  SERVICOS VENDAS ENTRE UNIDADES ","REPASSE  SERVICOS VENDAS ENTRE UNIDADES ","REPASSE  SERVICOS VENDAS ENTRE UNIDADES ","REPASSE  SERVICOS VENDAS ENTRE UNIDADES ","REPASSE  SERVICOS VENDAS ENTRE UNIDADES ","REPASSE  SERVICOS VENDAS ENTRE UNIDADES ","OUTRAS RECEITAS                         ","RECEITA BRUTA                           ","RECEITAS OPERACIONAIS                   ","31051003            ","31051003            ","31051003            ","31051003            ","31051003            ","31051003            ","31051003            ","31051003            ","31051               ","31                  ","3                   ","P |01|AK5200||19901"
"31051               ","2","P |01|CT1200||31051004","P |01|CT1200||31051004","P |01|CT1200||31051004","P |01|CT1200||31051004","P |01|CT1200||31051004","P |01|CT1200||31051004","P |01|CT1200||31051004","P |01|CT1200||31051004","P |01|CT1200||31051","P |01|CT1200||31","P |01|CT1200||3","RECUPERACAO TITULOS BAIXADOS PDD        ","RECUPERACAO TITULOS BAIXADOS PDD        ","RECUPERACAO TITULOS BAIXADOS PDD        ","RECUPERACAO TITULOS BAIXADOS PDD        ","RECUPERACAO TITULOS BAIXADOS PDD        ","RECUPERACAO TITULOS BAIXADOS PDD        ","RECUPERACAO TITULOS BAIXADOS PDD        ","RECUPERACAO TITULOS BAIXADOS PDD        ","OUTRAS RECEITAS                         ","RECEITA BRUTA                           ","RECEITAS OPERACIONAIS                   ","31051004            ","31051004            ","31051004            ","31051004            ","31051004            ","31051004            ","31051004            ","31051004            ","31051               ","31                  ","3                   ","P |01|AK5200||12101"
"31051               ","2","P |01|CT1200||31051005","P |01|CT1200||31051005","P |01|CT1200||31051005","P |01|CT1200||31051005","P |01|CT1200||31051005","P |01|CT1200||31051005","P |01|CT1200||31051005","P |01|CT1200||31051005","P |01|CT1200||31051","P |01|CT1200||31","P |01|CT1200||3","REPASSE SERVICOS CONSULT. ENTRE UNIDADES","REPASSE SERVICOS CONSULT. ENTRE UNIDADES","REPASSE SERVICOS CONSULT. ENTRE UNIDADES","REPASSE SERVICOS CONSULT. ENTRE UNIDADES","REPASSE SERVICOS CONSULT. ENTRE UNIDADES","REPASSE SERVICOS CONSULT. ENTRE UNIDADES","REPASSE SERVICOS CONSULT. ENTRE UNIDADES","REPASSE SERVICOS CONSULT. ENTRE UNIDADES","OUTRAS RECEITAS                         ","RECEITA BRUTA                           ","RECEITAS OPERACIONAIS                   ","31051005            ","31051005            ","31051005            ","31051005            ","31051005            ","31051005            ","31051005            ","31051005            ","31051               ","31                  ","3                   ","P |01|AK5200||19901"
"31051               ","2","P |01|CT1200||31051006","P |01|CT1200||31051006","P |01|CT1200||31051006","P |01|CT1200||31051006","P |01|CT1200||31051006","P |01|CT1200||31051006","P |01|CT1200||31051006","P |01|CT1200||31051006","P |01|CT1200||31051","P |01|CT1200||31","P |01|CT1200||3","DESPESAS RECUPERADAS - OUTRAS           ","DESPESAS RECUPERADAS - OUTRAS           ","DESPESAS RECUPERADAS - OUTRAS           ","DESPESAS RECUPERADAS - OUTRAS           ","DESPESAS RECUPERADAS - OUTRAS           ","DESPESAS RECUPERADAS - OUTRAS           ","DESPESAS RECUPERADAS - OUTRAS           ","DESPESAS RECUPERADAS - OUTRAS           ","OUTRAS RECEITAS                         ","RECEITA BRUTA                           ","RECEITAS OPERACIONAIS                   ","31051006            ","31051006            ","31051006            ","31051006            ","31051006            ","31051006            ","31051006            ","31051006            ","31051               ","31                  ","3                   ","P |01|AK5200||"
"31051               ","2","P |01|CT1200||31051007","P |01|CT1200||31051007","P |01|CT1200||31051007","P |01|CT1200||31051007","P |01|CT1200||31051007","P |01|CT1200||31051007","P |01|CT1200||31051007","P |01|CT1200||31051007","P |01|CT1200||31051","P |01|CT1200||31","P |01|CT1200||3","RECEITA ANTECIPADA DA FRANQUEADORA      ","RECEITA ANTECIPADA DA FRANQUEADORA      ","RECEITA ANTECIPADA DA FRANQUEADORA      ","RECEITA ANTECIPADA DA FRANQUEADORA      ","RECEITA ANTECIPADA DA FRANQUEADORA      ","RECEITA ANTECIPADA DA FRANQUEADORA      ","RECEITA ANTECIPADA DA FRANQUEADORA      ","RECEITA ANTECIPADA DA FRANQUEADORA      ","OUTRAS RECEITAS                         ","RECEITA BRUTA                           ","RECEITAS OPERACIONAIS                   ","31051007            ","31051007            ","31051007            ","31051007            ","31051007            ","31051007            ","31051007            ","31051007            ","31051               ","31                  ","3                   ","P |01|AK5200||"
"31051               ","2","P |01|CT1200||31051008","P |01|CT1200||31051008","P |01|CT1200||31051008","P |01|CT1200||31051008","P |01|CT1200||31051008","P |01|CT1200||31051008","P |01|CT1200||31051008","P |01|CT1200||31051008","P |01|CT1200||31051","P |01|CT1200||31","P |01|CT1200||3","RECEITA EQUIVALENCIA PATRIMONIAL        ","RECEITA EQUIVALENCIA PATRIMONIAL        ","RECEITA EQUIVALENCIA PATRIMONIAL        ","RECEITA EQUIVALENCIA PATRIMONIAL        ","RECEITA EQUIVALENCIA PATRIMONIAL        ","RECEITA EQUIVALENCIA PATRIMONIAL        ","RECEITA EQUIVALENCIA PATRIMONIAL        ","RECEITA EQUIVALENCIA PATRIMONIAL        ","OUTRAS RECEITAS                         ","RECEITA BRUTA                           ","RECEITAS OPERACIONAIS                   ","31051008            ","31051008            ","31051008            ","31051008            ","31051008            ","31051008            ","31051008            ","31051008            ","31051               ","31                  ","3                   ","P |01|AK5200||"
"31051               ","2","P |01|CT1200||31051009","P |01|CT1200||31051009","P |01|CT1200||31051009","P |01|CT1200||31051009","P |01|CT1200||31051009","P |01|CT1200||31051009","P |01|CT1200||31051009","P |01|CT1200||31051009","P |01|CT1200||31051","P |01|CT1200||31","P |01|CT1200||3","RECEITA DE VENDA DE ATIVOS              ","RECEITA DE VENDA DE ATIVOS              ","RECEITA DE VENDA DE ATIVOS              ","RECEITA DE VENDA DE ATIVOS              ","RECEITA DE VENDA DE ATIVOS              ","RECEITA DE VENDA DE ATIVOS              ","RECEITA DE VENDA DE ATIVOS              ","RECEITA DE VENDA DE ATIVOS              ","OUTRAS RECEITAS                         ","RECEITA BRUTA                           ","RECEITAS OPERACIONAIS                   ","31051009            ","31051009            ","31051009            ","31051009            ","31051009            ","31051009            ","31051009            ","31051009            ","31051               ","31                  ","3                   ","P |01|AK5200||"
"32                  ","1","P |01|CT1200||3201","P |01|CT1200||3201","P |01|CT1200||3201","P |01|CT1200||3201","P |01|CT1200||3201","P |01|CT1200||3201","P |01|CT1200||3201","P |01|CT1200||3201","P |01|CT1200||3201","P |01|CT1200||32","P |01|CT1200||3","SERVIÇOS                                ","SERVIÇOS                                ","SERVIÇOS                                ","SERVIÇOS                                ","SERVIÇOS                                ","SERVIÇOS                                ","SERVIÇOS                                ","SERVIÇOS                                ","SERVIÇOS                                ","DEDUCOES DE RECEITAS                    ","RECEITAS OPERACIONAIS                   ","3201                ","3201                ","3201                ","3201                ","3201                ","3201                ","3201                ","3201                ","3201                ","32                  ","3                   ","P |01|AK5200||"
"3201                ","1","P |01|CT1200||32011","P |01|CT1200||32011","P |01|CT1200||32011","P |01|CT1200||32011","P |01|CT1200||32011","P |01|CT1200||32011","P |01|CT1200||32011","P |01|CT1200||32011","P |01|CT1200||3201","P |01|CT1200||32","P |01|CT1200||3","CANCELAMENTOS E DESCONTOS               ","CANCELAMENTOS E DESCONTOS               ","CANCELAMENTOS E DESCONTOS               ","CANCELAMENTOS E DESCONTOS               ","CANCELAMENTOS E DESCONTOS               ","CANCELAMENTOS E DESCONTOS               ","CANCELAMENTOS E DESCONTOS               ","CANCELAMENTOS E DESCONTOS               ","SERVIÇOS                                ","DEDUCOES DE RECEITAS                    ","RECEITAS OPERACIONAIS                   ","32011               ","32011               ","32011               ","32011               ","32011               ","32011               ","32011               ","32011               ","3201                ","32                  ","3                   ","P |01|AK5200||"
"3201                ","1","P |01|CT1200||32012","P |01|CT1200||32012","P |01|CT1200||32012","P |01|CT1200||32012","P |01|CT1200||32012","P |01|CT1200||32012","P |01|CT1200||32012","P |01|CT1200||32012","P |01|CT1200||3201","P |01|CT1200||32","P |01|CT1200||3","AJUSTES CONTABEIS                       ","AJUSTES CONTABEIS                       ","AJUSTES CONTABEIS                       ","AJUSTES CONTABEIS                       ","AJUSTES CONTABEIS                       ","AJUSTES CONTABEIS                       ","AJUSTES CONTABEIS                       ","AJUSTES CONTABEIS                       ","SERVIÇOS                                ","DEDUCOES DE RECEITAS                    ","RECEITAS OPERACIONAIS                   ","32012               ","32012               ","32012               ","32012               ","32012               ","32012               ","32012               ","32012               ","3201                ","32                  ","3                   ","P |01|AK5200||"
"32011               ","2","P |01|CT1200||32011001","P |01|CT1200||32011001","P |01|CT1200||32011001","P |01|CT1200||32011001","P |01|CT1200||32011001","P |01|CT1200||32011001","P |01|CT1200||32011001","P |01|CT1200||32011","P |01|CT1200||3201","P |01|CT1200||32","P |01|CT1200||3","SERVIÇOS  CONSULTORIA                   ","SERVIÇOS  CONSULTORIA                   ","SERVIÇOS  CONSULTORIA                   ","SERVIÇOS  CONSULTORIA                   ","SERVIÇOS  CONSULTORIA                   ","SERVIÇOS  CONSULTORIA                   ","SERVIÇOS  CONSULTORIA                   ","CANCELAMENTOS E DESCONTOS               ","SERVIÇOS                                ","DEDUCOES DE RECEITAS                    ","RECEITAS OPERACIONAIS                   ","32011001            ","32011001            ","32011001            ","32011001            ","32011001            ","32011001            ","32011001            ","32011               ","3201                ","32                  ","3                   ","P |01|AK5200||"
"32012               ","2","P |01|CT1200||32012001","P |01|CT1200||32012001","P |01|CT1200||32012001","P |01|CT1200||32012001","P |01|CT1200||32012001","P |01|CT1200||32012001","P |01|CT1200||32012001","P |01|CT1200||32012","P |01|CT1200||3201","P |01|CT1200||32","P |01|CT1200||3","AJUSTE SALDO BUFFER/BACKLOG             ","AJUSTE SALDO BUFFER/BACKLOG             ","AJUSTE SALDO BUFFER/BACKLOG             ","AJUSTE SALDO BUFFER/BACKLOG             ","AJUSTE SALDO BUFFER/BACKLOG             ","AJUSTE SALDO BUFFER/BACKLOG             ","AJUSTE SALDO BUFFER/BACKLOG             ","AJUSTES CONTABEIS                       ","SERVIÇOS                                ","DEDUCOES DE RECEITAS                    ","RECEITAS OPERACIONAIS                   ","32012001            ","32012001            ","32012001            ","32012001            ","32012001            ","32012001            ","32012001            ","32012               ","3201                ","32                  ","3                   ","P |01|AK5200||11501"
"32012               ","2","P |01|CT1200||32012002","P |01|CT1200||32012002","P |01|CT1200||32012002","P |01|CT1200||32012002","P |01|CT1200||32012002","P |01|CT1200||32012002","P |01|CT1200||32012002","P |01|CT1200||32012","P |01|CT1200||3201","P |01|CT1200||32","P |01|CT1200||3","RECEITAS ANTECIPADAS FRANQUEADORA       ","RECEITAS ANTECIPADAS FRANQUEADORA       ","RECEITAS ANTECIPADAS FRANQUEADORA       ","RECEITAS ANTECIPADAS FRANQUEADORA       ","RECEITAS ANTECIPADAS FRANQUEADORA       ","RECEITAS ANTECIPADAS FRANQUEADORA       ","RECEITAS ANTECIPADAS FRANQUEADORA       ","AJUSTES CONTABEIS                       ","SERVIÇOS                                ","DEDUCOES DE RECEITAS                    ","RECEITAS OPERACIONAIS                   ","32012002            ","32012002            ","32012002            ","32012002            ","32012002            ","32012002            ","32012002            ","32012               ","3201                ","32                  ","3                   ","P |01|AK5200||"
"32012               ","2","P |01|CT1200||32012003","P |01|CT1200||32012003","P |01|CT1200||32012003","P |01|CT1200||32012003","P |01|CT1200||32012003","P |01|CT1200||32012003","P |01|CT1200||32012003","P |01|CT1200||32012","P |01|CT1200||3201","P |01|CT1200||32","P |01|CT1200||3","REPASSE COMISSOES TOTVS MEXICO (PY)     ","REPASSE COMISSOES TOTVS MEXICO (PY)     ","REPASSE COMISSOES TOTVS MEXICO (PY)     ","REPASSE COMISSOES TOTVS MEXICO (PY)     ","REPASSE COMISSOES TOTVS MEXICO (PY)     ","REPASSE COMISSOES TOTVS MEXICO (PY)     ","REPASSE COMISSOES TOTVS MEXICO (PY)     ","AJUSTES CONTABEIS                       ","SERVIÇOS                                ","DEDUCOES DE RECEITAS                    ","RECEITAS OPERACIONAIS                   ","32012003            ","32012003            ","32012003            ","32012003            ","32012003            ","32012003            ","32012003            ","32012               ","3201                ","32                  ","3                   ","P |01|AK5200||12301"
"32012               ","2","P |01|CT1200||32012004","P |01|CT1200||32012004","P |01|CT1200||32012004","P |01|CT1200||32012004","P |01|CT1200||32012004","P |01|CT1200||32012004","P |01|CT1200||32012004","P |01|CT1200||32012","P |01|CT1200||3201","P |01|CT1200||32","P |01|CT1200||3","RECEITAS HORAS PROJETOS PY              ","RECEITAS HORAS PROJETOS PY              ","RECEITAS HORAS PROJETOS PY              ","RECEITAS HORAS PROJETOS PY              ","RECEITAS HORAS PROJETOS PY              ","RECEITAS HORAS PROJETOS PY              ","RECEITAS HORAS PROJETOS PY              ","AJUSTES CONTABEIS                       ","SERVIÇOS                                ","DEDUCOES DE RECEITAS                    ","RECEITAS OPERACIONAIS                   ","32012004            ","32012004            ","32012004            ","32012004            ","32012004            ","32012004            ","32012004            ","32012               ","3201                ","32                  ","3                   ","P |01|AK5200||11009"
"32012               ","2","P |01|CT1200||32012099","P |01|CT1200||32012099","P |01|CT1200||32012099","P |01|CT1200||32012099","P |01|CT1200||32012099","P |01|CT1200||32012099","P |01|CT1200||32012099","P |01|CT1200||32012","P |01|CT1200||3201","P |01|CT1200||32","P |01|CT1200||3","OUTRAS RECEITAS                         ","OUTRAS RECEITAS                         ","OUTRAS RECEITAS                         ","OUTRAS RECEITAS                         ","OUTRAS RECEITAS                         ","OUTRAS RECEITAS                         ","OUTRAS RECEITAS                         ","AJUSTES CONTABEIS                       ","SERVIÇOS                                ","DEDUCOES DE RECEITAS                    ","RECEITAS OPERACIONAIS                   ","32012099            ","32012099            ","32012099            ","32012099            ","32012099            ","32012099            ","32012099            ","32012               ","3201                ","32                  ","3                   ","P |01|AK5200||"
"33                  ","1","P |01|CT1200||3301","P |01|CT1200||3301","P |01|CT1200||3301","P |01|CT1200||3301","P |01|CT1200||3301","P |01|CT1200||3301","P |01|CT1200||3301","P |01|CT1200||3301","P |01|CT1200||3301","P |01|CT1200||33","P |01|CT1200||3","ISS                                     ","ISS                                     ","ISS                                     ","ISS                                     ","ISS                                     ","ISS                                     ","ISS                                     ","ISS                                     ","ISS                                     ","IMPOSTOS S/RECEITAS                     ","RECEITAS OPERACIONAIS                   ","3301                ","3301                ","3301                ","3301                ","3301                ","3301                ","3301                ","3301                ","3301                ","33                  ","3                   ","P |01|AK5200||"
"33                  ","1","P |01|CT1200||3302","P |01|CT1200||3302","P |01|CT1200||3302","P |01|CT1200||3302","P |01|CT1200||3302","P |01|CT1200||3302","P |01|CT1200||3302","P |01|CT1200||3302","P |01|CT1200||3302","P |01|CT1200||33","P |01|CT1200||3","PIS                                     ","PIS                                     ","PIS                                     ","PIS                                     ","PIS                                     ","PIS                                     ","PIS                                     ","PIS                                     ","PIS                                     ","IMPOSTOS S/RECEITAS                     ","RECEITAS OPERACIONAIS                   ","3302                ","3302                ","3302                ","3302                ","3302                ","3302                ","3302                ","3302                ","3302                ","33                  ","3                   ","P |01|AK5200||"
"33                  ","1","P |01|CT1200||3303","P |01|CT1200||3303","P |01|CT1200||3303","P |01|CT1200||3303","P |01|CT1200||3303","P |01|CT1200||3303","P |01|CT1200||3303","P |01|CT1200||3303","P |01|CT1200||3303","P |01|CT1200||33","P |01|CT1200||3","COFINS                                  ","COFINS                                  ","COFINS                                  ","COFINS                                  ","COFINS                                  ","COFINS                                  ","COFINS                                  ","COFINS                                  ","COFINS                                  ","IMPOSTOS S/RECEITAS                     ","RECEITAS OPERACIONAIS                   ","3303                ","3303                ","3303                ","3303                ","3303                ","3303                ","3303                ","3303                ","3303                ","33                  ","3                   ","P |01|AK5200||"
"33                  ","1","P |01|CT1200||33041","P |01|CT1200||33041","P |01|CT1200||33041","P |01|CT1200||33041","P |01|CT1200||33041","P |01|CT1200||33041","P |01|CT1200||33041","P |01|CT1200||33041","P |01|CT1200||33041","P |01|CT1200||33","P |01|CT1200||3","IMPOSTO SOBRE VALOR AGREGADO- IVA       ","IMPOSTO SOBRE VALOR AGREGADO- IVA       ","IMPOSTO SOBRE VALOR AGREGADO- IVA       ","IMPOSTO SOBRE VALOR AGREGADO- IVA       ","IMPOSTO SOBRE VALOR AGREGADO- IVA       ","IMPOSTO SOBRE VALOR AGREGADO- IVA       ","IMPOSTO SOBRE VALOR AGREGADO- IVA       ","IMPOSTO SOBRE VALOR AGREGADO- IVA       ","IMPOSTO SOBRE VALOR AGREGADO- IVA       ","IMPOSTOS S/RECEITAS                     ","RECEITAS OPERACIONAIS                   ","33041               ","33041               ","33041               ","33041               ","33041               ","33041               ","33041               ","33041               ","33041               ","33                  ","3                   ","P |01|AK5200||"
"33                  ","2","P |01|CT1200||33011001","P |01|CT1200||33011001","P |01|CT1200||33011001","P |01|CT1200||33011001","P |01|CT1200||33011001","P |01|CT1200||33011001","P |01|CT1200||33011001","P |01|CT1200||33011001","P |01|CT1200||33011001","P |01|CT1200||33","P |01|CT1200||3","ISS S/ RECEITA                          ","ISS S/ RECEITA                          ","ISS S/ RECEITA                          ","ISS S/ RECEITA                          ","ISS S/ RECEITA                          ","ISS S/ RECEITA                          ","ISS S/ RECEITA                          ","ISS S/ RECEITA                          ","ISS S/ RECEITA                          ","IMPOSTOS S/RECEITAS                     ","RECEITAS OPERACIONAIS                   ","33011001            ","33011001            ","33011001            ","33011001            ","33011001            ","33011001            ","33011001            ","33011001            ","33011001            ","33                  ","3                   ","P |01|AK5200||13001"
"33                  ","2","P |01|CT1200||33021001","P |01|CT1200||33021001","P |01|CT1200||33021001","P |01|CT1200||33021001","P |01|CT1200||33021001","P |01|CT1200||33021001","P |01|CT1200||33021001","P |01|CT1200||33021001","P |01|CT1200||33021001","P |01|CT1200||33","P |01|CT1200||3","PIS S/RECEITA                           ","PIS S/RECEITA                           ","PIS S/RECEITA                           ","PIS S/RECEITA                           ","PIS S/RECEITA                           ","PIS S/RECEITA                           ","PIS S/RECEITA                           ","PIS S/RECEITA                           ","PIS S/RECEITA                           ","IMPOSTOS S/RECEITAS                     ","RECEITAS OPERACIONAIS                   ","33021001            ","33021001            ","33021001            ","33021001            ","33021001            ","33021001            ","33021001            ","33021001            ","33021001            ","33                  ","3                   ","P |01|AK5200||13001"
"33                  ","2","P |01|CT1200||33031001","P |01|CT1200||33031001","P |01|CT1200||33031001","P |01|CT1200||33031001","P |01|CT1200||33031001","P |01|CT1200||33031001","P |01|CT1200||33031001","P |01|CT1200||33031001","P |01|CT1200||33031001","P |01|CT1200||33","P |01|CT1200||3","COFINS S/RECEITAS                       ","COFINS S/RECEITAS                       ","COFINS S/RECEITAS                       ","COFINS S/RECEITAS                       ","COFINS S/RECEITAS                       ","COFINS S/RECEITAS                       ","COFINS S/RECEITAS                       ","COFINS S/RECEITAS                       ","COFINS S/RECEITAS                       ","IMPOSTOS S/RECEITAS                     ","RECEITAS OPERACIONAIS                   ","33031001            ","33031001            ","33031001            ","33031001            ","33031001            ","33031001            ","33031001            ","33031001            ","33031001            ","33                  ","3                   ","P |01|AK5200||13001"
"3301                ","1","P |01|CT1200||33011","P |01|CT1200||33011","P |01|CT1200||33011","P |01|CT1200||33011","P |01|CT1200||33011","P |01|CT1200||33011","P |01|CT1200||33011","P |01|CT1200||33011","P |01|CT1200||3301","P |01|CT1200||33","P |01|CT1200||3","ISS                                     ","ISS                                     ","ISS                                     ","ISS                                     ","ISS                                     ","ISS                                     ","ISS                                     ","ISS                                     ","ISS                                     ","IMPOSTOS S/RECEITAS                     ","RECEITAS OPERACIONAIS                   ","33011               ","33011               ","33011               ","33011               ","33011               ","33011               ","33011               ","33011               ","3301                ","33                  ","3                   ","P |01|AK5200||"
"3302                ","1","P |01|CT1200||33021","P |01|CT1200||33021","P |01|CT1200||33021","P |01|CT1200||33021","P |01|CT1200||33021","P |01|CT1200||33021","P |01|CT1200||33021","P |01|CT1200||33021","P |01|CT1200||3302","P |01|CT1200||33","P |01|CT1200||3","PIS                                     ","PIS                                     ","PIS                                     ","PIS                                     ","PIS                                     ","PIS                                     ","PIS                                     ","PIS                                     ","PIS                                     ","IMPOSTOS S/RECEITAS                     ","RECEITAS OPERACIONAIS                   ","33021               ","33021               ","33021               ","33021               ","33021               ","33021               ","33021               ","33021               ","3302                ","33                  ","3                   ","P |01|AK5200||"
"3303                ","1","P |01|CT1200||33031","P |01|CT1200||33031","P |01|CT1200||33031","P |01|CT1200||33031","P |01|CT1200||33031","P |01|CT1200||33031","P |01|CT1200||33031","P |01|CT1200||33031","P |01|CT1200||3303","P |01|CT1200||33","P |01|CT1200||3","COFINS                                  ","COFINS                                  ","COFINS                                  ","COFINS                                  ","COFINS                                  ","COFINS                                  ","COFINS                                  ","COFINS                                  ","COFINS                                  ","IMPOSTOS S/RECEITAS                     ","RECEITAS OPERACIONAIS                   ","33031               ","33031               ","33031               ","33031               ","33031               ","33031               ","33031               ","33031               ","3303                ","33                  ","3                   ","P |01|AK5200||"
"33041               ","2","P |01|CT1200||33041001","P |01|CT1200||33041001","P |01|CT1200||33041001","P |01|CT1200||33041001","P |01|CT1200||33041001","P |01|CT1200||33041001","P |01|CT1200||33041001","P |01|CT1200||33041","P |01|CT1200||3304","P |01|CT1200||33","P |01|CT1200||3","IMPOSTO SOBRE VALOR AGREGADO- IVA       ","IMPOSTO SOBRE VALOR AGREGADO- IVA       ","IMPOSTO SOBRE VALOR AGREGADO- IVA       ","IMPOSTO SOBRE VALOR AGREGADO- IVA       ","IMPOSTO SOBRE VALOR AGREGADO- IVA       ","IMPOSTO SOBRE VALOR AGREGADO- IVA       ","IMPOSTO SOBRE VALOR AGREGADO- IVA       ","IRPJ                                    ","IRPJ                                    ","IMPOSTOS S/RECEITAS                     ","RECEITAS OPERACIONAIS                   ","33041001            ","33041001            ","33041001            ","33041001            ","33041001            ","33041001            ","33041001            ","33041               ","3304                ","33                  ","3                   ","P |01|AK5200||13001"
"33041               ","2","P |01|CT1200||33041001","P |01|CT1200||33041001","P |01|CT1200||33041001","P |01|CT1200||33041001","P |01|CT1200||33041001","P |01|CT1200||33041001","P |01|CT1200||33041001","P |01|CT1200||33041001","P |01|CT1200||33041","P |01|CT1200||33","P |01|CT1200||3","IMPOSTO SOBRE VALOR AGREGADO- IVA       ","IMPOSTO SOBRE VALOR AGREGADO- IVA       ","IMPOSTO SOBRE VALOR AGREGADO- IVA       ","IMPOSTO SOBRE VALOR AGREGADO- IVA       ","IMPOSTO SOBRE VALOR AGREGADO- IVA       ","IMPOSTO SOBRE VALOR AGREGADO- IVA       ","IMPOSTO SOBRE VALOR AGREGADO- IVA       ","IMPOSTO SOBRE VALOR AGREGADO- IVA       ","IMPOSTO SOBRE VALOR AGREGADO- IVA       ","IMPOSTOS S/RECEITAS                     ","RECEITAS OPERACIONAIS                   ","33041001            ","33041001            ","33041001            ","33041001            ","33041001            ","33041001            ","33041001            ","33041001            ","33041               ","33                  ","3                   ","P |01|AK5200||13001"
"34                  ","1","P |01|CT1200||34011","P |01|CT1200||34011","P |01|CT1200||34011","P |01|CT1200||34011","P |01|CT1200||34011","P |01|CT1200||34011","P |01|CT1200||34011","P |01|CT1200||34011","P |01|CT1200||34011","P |01|CT1200||34","P |01|CT1200||3","RECEITAS FINANCEIRAS                    ","RECEITAS FINANCEIRAS                    ","RECEITAS FINANCEIRAS                    ","RECEITAS FINANCEIRAS                    ","RECEITAS FINANCEIRAS                    ","RECEITAS FINANCEIRAS                    ","RECEITAS FINANCEIRAS                    ","RECEITAS FINANCEIRAS                    ","RECEITAS FINANCEIRAS                    ","OUTRAS RECEITAS                         ","RECEITAS OPERACIONAIS                   ","34011               ","34011               ","34011               ","34011               ","34011               ","34011               ","34011               ","34011               ","34011               ","34                  ","3                   ","P |01|AK5200||"
"34                  ","2","P |01|CT1200||3401","P |01|CT1200||3401","P |01|CT1200||3401","P |01|CT1200||3401","P |01|CT1200||3401","P |01|CT1200||3401","P |01|CT1200||3401","P |01|CT1200||3401","P |01|CT1200||3401","P |01|CT1200||34","P |01|CT1200||3","RECEITAS FINANCEIRAS                    ","RECEITAS FINANCEIRAS                    ","RECEITAS FINANCEIRAS                    ","RECEITAS FINANCEIRAS                    ","RECEITAS FINANCEIRAS                    ","RECEITAS FINANCEIRAS                    ","RECEITAS FINANCEIRAS                    ","RECEITAS FINANCEIRAS                    ","RECEITAS FINANCEIRAS                    ","OUTRAS RECEITAS                         ","RECEITAS OPERACIONAIS                   ","3401                ","3401                ","3401                ","3401                ","3401                ","3401                ","3401                ","3401                ","3401                ","34                  ","3                   ","P |01|AK5200||"
"34                  ","2","P |01|CT1200||34011001","P |01|CT1200||34011001","P |01|CT1200||34011001","P |01|CT1200||34011001","P |01|CT1200||34011001","P |01|CT1200||34011001","P |01|CT1200||34011001","P |01|CT1200||34011001","P |01|CT1200||34011001","P |01|CT1200||34","P |01|CT1200||3","DESCONTOS OBTIDOS                       ","DESCONTOS OBTIDOS                       ","DESCONTOS OBTIDOS                       ","DESCONTOS OBTIDOS                       ","DESCONTOS OBTIDOS                       ","DESCONTOS OBTIDOS                       ","DESCONTOS OBTIDOS                       ","DESCONTOS OBTIDOS                       ","DESCONTOS OBTIDOS                       ","OUTRAS RECEITAS                         ","RECEITAS OPERACIONAIS                   ","34011001            ","34011001            ","34011001            ","34011001            ","34011001            ","34011001            ","34011001            ","34011001            ","34011001            ","34                  ","3                   ","P |01|AK5200||"
"34                  ","2","P |01|CT1200||34011002","P |01|CT1200||34011002","P |01|CT1200||34011002","P |01|CT1200||34011002","P |01|CT1200||34011002","P |01|CT1200||34011002","P |01|CT1200||34011002","P |01|CT1200||34011002","P |01|CT1200||34011002","P |01|CT1200||34","P |01|CT1200||3","JUROS RECEBIDOS                         ","JUROS RECEBIDOS                         ","JUROS RECEBIDOS                         ","JUROS RECEBIDOS                         ","JUROS RECEBIDOS                         ","JUROS RECEBIDOS                         ","JUROS RECEBIDOS                         ","JUROS RECEBIDOS                         ","JUROS RECEBIDOS                         ","OUTRAS RECEITAS                         ","RECEITAS OPERACIONAIS                   ","34011002            ","34011002            ","34011002            ","34011002            ","34011002            ","34011002            ","34011002            ","34011002            ","34011002            ","34                  ","3                   ","P |01|AK5200||"
"34                  ","2","P |01|CT1200||34011003","P |01|CT1200||34011003","P |01|CT1200||34011003","P |01|CT1200||34011003","P |01|CT1200||34011003","P |01|CT1200||34011003","P |01|CT1200||34011003","P |01|CT1200||34011003","P |01|CT1200||34011003","P |01|CT1200||34","P |01|CT1200||3","OUTRAS RECEITAS                         ","OUTRAS RECEITAS                         ","OUTRAS RECEITAS                         ","OUTRAS RECEITAS                         ","OUTRAS RECEITAS                         ","OUTRAS RECEITAS                         ","OUTRAS RECEITAS                         ","OUTRAS RECEITAS                         ","OUTRAS RECEITAS                         ","OUTRAS RECEITAS                         ","RECEITAS OPERACIONAIS                   ","34011003            ","34011003            ","34011003            ","34011003            ","34011003            ","34011003            ","34011003            ","34011003            ","34011003            ","34                  ","3                   ","P |01|AK5200||"
"4                   ","1","P |01|CT1200||41","P |01|CT1200||41","P |01|CT1200||41","P |01|CT1200||41","P |01|CT1200||41","P |01|CT1200||41","P |01|CT1200||41","P |01|CT1200||41","P |01|CT1200||41","P |01|CT1200||41","P |01|CT1200||4","DESPEAS OPERACIONAIS                    ","DESPEAS OPERACIONAIS                    ","DESPEAS OPERACIONAIS                    ","DESPEAS OPERACIONAIS                    ","DESPEAS OPERACIONAIS                    ","DESPEAS OPERACIONAIS                    ","DESPEAS OPERACIONAIS                    ","DESPEAS OPERACIONAIS                    ","DESPEAS OPERACIONAIS                    ","DESPEAS OPERACIONAIS                    ","DESPESAS                                ","41                  ","41                  ","41                  ","41                  ","41                  ","41                  ","41                  ","41                  ","41                  ","41                  ","4                   ","P |01|AK5200||"
"41                  ","1","P |01|CT1200||4101","P |01|CT1200||4101","P |01|CT1200||4101","P |01|CT1200||4101","P |01|CT1200||4101","P |01|CT1200||4101","P |01|CT1200||4101","P |01|CT1200||4101","P |01|CT1200||4101","P |01|CT1200||41","P |01|CT1200||4","DESPESAS COM PESSOAL                    ","DESPESAS COM PESSOAL                    ","DESPESAS COM PESSOAL                    ","DESPESAS COM PESSOAL                    ","DESPESAS COM PESSOAL                    ","DESPESAS COM PESSOAL                    ","DESPESAS COM PESSOAL                    ","DESPESAS COM PESSOAL                    ","DESPESAS COM PESSOAL                    ","DESPEAS OPERACIONAIS                    ","DESPESAS                                ","4101                ","4101                ","4101                ","4101                ","4101                ","4101                ","4101                ","4101                ","4101                ","41                  ","4                   ","P |01|AK5200||"
"41                  ","1","P |01|CT1200||4102","P |01|CT1200||4102","P |01|CT1200||4102","P |01|CT1200||4102","P |01|CT1200||4102","P |01|CT1200||4102","P |01|CT1200||4102","P |01|CT1200||4102","P |01|CT1200||4102","P |01|CT1200||41","P |01|CT1200||4","SERVICOS PRESTADOS POR PESSOAS JURIDICAS","SERVICOS PRESTADOS POR PESSOAS JURIDICAS","SERVICOS PRESTADOS POR PESSOAS JURIDICAS","SERVICOS PRESTADOS POR PESSOAS JURIDICAS","SERVICOS PRESTADOS POR PESSOAS JURIDICAS","SERVICOS PRESTADOS POR PESSOAS JURIDICAS","SERVICOS PRESTADOS POR PESSOAS JURIDICAS","SERVICOS PRESTADOS POR PESSOAS JURIDICAS","SERVICOS PRESTADOS POR PESSOAS JURIDICAS","DESPEAS OPERACIONAIS                    ","DESPESAS                                ","4102                ","4102                ","4102                ","4102                ","4102                ","4102                ","4102                ","4102                ","4102                ","41                  ","4                   ","P |01|AK5200||"
"41                  ","1","P |01|CT1200||4103","P |01|CT1200||4103","P |01|CT1200||4103","P |01|CT1200||4103","P |01|CT1200||4103","P |01|CT1200||4103","P |01|CT1200||4103","P |01|CT1200||4103","P |01|CT1200||4103","P |01|CT1200||41","P |01|CT1200||4","DESPESAS COM IMÓVEIS                    ","DESPESAS COM IMÓVEIS                    ","DESPESAS COM IMÓVEIS                    ","DESPESAS COM IMÓVEIS                    ","DESPESAS COM IMÓVEIS                    ","DESPESAS COM IMÓVEIS                    ","DESPESAS COM IMÓVEIS                    ","DESPESAS COM IMÓVEIS                    ","DESPESAS COM IMÓVEIS                    ","DESPEAS OPERACIONAIS                    ","DESPESAS                                ","4103                ","4103                ","4103                ","4103                ","4103                ","4103                ","4103                ","4103                ","4103                ","41                  ","4                   ","P |01|AK5200||"
"41                  ","1","P |01|CT1200||4104","P |01|CT1200||4104","P |01|CT1200||4104","P |01|CT1200||4104","P |01|CT1200||4104","P |01|CT1200||4104","P |01|CT1200||4104","P |01|CT1200||4104","P |01|CT1200||4104","P |01|CT1200||41","P |01|CT1200||4","DESPESAS COM BENS MÓVEIS                ","DESPESAS COM BENS MÓVEIS                ","DESPESAS COM BENS MÓVEIS                ","DESPESAS COM BENS MÓVEIS                ","DESPESAS COM BENS MÓVEIS                ","DESPESAS COM BENS MÓVEIS                ","DESPESAS COM BENS MÓVEIS                ","DESPESAS COM BENS MÓVEIS                ","DESPESAS COM BENS MÓVEIS                ","DESPEAS OPERACIONAIS                    ","DESPESAS                                ","4104                ","4104                ","4104                ","4104                ","4104                ","4104                ","4104                ","4104                ","4104                ","41                  ","4                   ","P |01|AK5200||"
"41                  ","1","P |01|CT1200||4105","P |01|CT1200||4105","P |01|CT1200||4105","P |01|CT1200||4105","P |01|CT1200||4105","P |01|CT1200||4105","P |01|CT1200||4105","P |01|CT1200||4105","P |01|CT1200||4105","P |01|CT1200||41","P |01|CT1200||4","DESPESAS DE COMUNICACAO E TRANSPORTES   ","DESPESAS DE COMUNICACAO E TRANSPORTES   ","DESPESAS DE COMUNICACAO E TRANSPORTES   ","DESPESAS DE COMUNICACAO E TRANSPORTES   ","DESPESAS DE COMUNICACAO E TRANSPORTES   ","DESPESAS DE COMUNICACAO E TRANSPORTES   ","DESPESAS DE COMUNICACAO E TRANSPORTES   ","DESPESAS DE COMUNICACAO E TRANSPORTES   ","DESPESAS DE COMUNICACAO E TRANSPORTES   ","DESPEAS OPERACIONAIS                    ","DESPESAS                                ","4105                ","4105                ","4105                ","4105                ","4105                ","4105                ","4105                ","4105                ","4105                ","41                  ","4                   ","P |01|AK5200||"
"41                  ","1","P |01|CT1200||4106","P |01|CT1200||4106","P |01|CT1200||4106","P |01|CT1200||4106","P |01|CT1200||4106","P |01|CT1200||4106","P |01|CT1200||4106","P |01|CT1200||4106","P |01|CT1200||4106","P |01|CT1200||41","P |01|CT1200||4","DESPESAS DE MARKETING                   ","DESPESAS DE MARKETING                   ","DESPESAS DE MARKETING                   ","DESPESAS DE MARKETING                   ","DESPESAS DE MARKETING                   ","DESPESAS DE MARKETING                   ","DESPESAS DE MARKETING                   ","DESPESAS DE MARKETING                   ","DESPESAS DE MARKETING                   ","DESPEAS OPERACIONAIS                    ","DESPESAS                                ","4106                ","4106                ","4106                ","4106                ","4106                ","4106                ","4106                ","4106                ","4106                ","41                  ","4                   ","P |01|AK5200||"
"41                  ","1","P |01|CT1200||4107","P |01|CT1200||4107","P |01|CT1200||4107","P |01|CT1200||4107","P |01|CT1200||4107","P |01|CT1200||4107","P |01|CT1200||4107","P |01|CT1200||4107","P |01|CT1200||4107","P |01|CT1200||41","P |01|CT1200||4","DESPESAS DE VIAGENS                     ","DESPESAS DE VIAGENS                     ","DESPESAS DE VIAGENS                     ","DESPESAS DE VIAGENS                     ","DESPESAS DE VIAGENS                     ","DESPESAS DE VIAGENS                     ","DESPESAS DE VIAGENS                     ","DESPESAS DE VIAGENS                     ","DESPESAS DE VIAGENS                     ","DESPEAS OPERACIONAIS                    ","DESPESAS                                ","4107                ","4107                ","4107                ","4107                ","4107                ","4107                ","4107                ","4107                ","4107                ","41                  ","4                   ","P |01|AK5200||"
"41                  ","1","P |01|CT1200||4108","P |01|CT1200||4108","P |01|CT1200||4108","P |01|CT1200||4108","P |01|CT1200||4108","P |01|CT1200||4108","P |01|CT1200||4108","P |01|CT1200||4108","P |01|CT1200||4108","P |01|CT1200||41","P |01|CT1200||4","DESPESAS COM RH                         ","DESPESAS COM RH                         ","DESPESAS COM RH                         ","DESPESAS COM RH                         ","DESPESAS COM RH                         ","DESPESAS COM RH                         ","DESPESAS COM RH                         ","DESPESAS COM RH                         ","DESPESAS COM RH                         ","DESPEAS OPERACIONAIS                    ","DESPESAS                                ","4108                ","4108                ","4108                ","4108                ","4108                ","4108                ","4108                ","4108                ","4108                ","41                  ","4                   ","P |01|AK5200||"
"41                  ","1","P |01|CT1200||4110","P |01|CT1200||4110","P |01|CT1200||4110","P |01|CT1200||4110","P |01|CT1200||4110","P |01|CT1200||4110","P |01|CT1200||4110","P |01|CT1200||4110","P |01|CT1200||4110","P |01|CT1200||41","P |01|CT1200||4","SUPRIMENTOS                             ","SUPRIMENTOS                             ","SUPRIMENTOS                             ","SUPRIMENTOS                             ","SUPRIMENTOS                             ","SUPRIMENTOS                             ","SUPRIMENTOS                             ","SUPRIMENTOS                             ","SUPRIMENTOS                             ","DESPEAS OPERACIONAIS                    ","DESPESAS                                ","4110                ","4110                ","4110                ","4110                ","4110                ","4110                ","4110                ","4110                ","4110                ","41                  ","4                   ","P |01|AK5200||"
"41                  ","1","P |01|CT1200||4111","P |01|CT1200||4111","P |01|CT1200||4111","P |01|CT1200||4111","P |01|CT1200||4111","P |01|CT1200||4111","P |01|CT1200||4111","P |01|CT1200||4111","P |01|CT1200||4111","P |01|CT1200||41","P |01|CT1200||4","DESPESAS CARTORARIA                     ","DESPESAS CARTORARIA                     ","DESPESAS CARTORARIA                     ","DESPESAS CARTORARIA                     ","DESPESAS CARTORARIA                     ","DESPESAS CARTORARIA                     ","DESPESAS CARTORARIA                     ","DESPESAS CARTORARIA                     ","DESPESAS CARTORARIA                     ","DESPEAS OPERACIONAIS                    ","DESPESAS                                ","4111                ","4111                ","4111                ","4111                ","4111                ","4111                ","4111                ","4111                ","4111                ","41                  ","4                   ","P |01|AK5200||"
"41                  ","1","P |01|CT1200||4112","P |01|CT1200||4112","P |01|CT1200||4112","P |01|CT1200||4112","P |01|CT1200||4112","P |01|CT1200||4112","P |01|CT1200||4112","P |01|CT1200||4112","P |01|CT1200||4112","P |01|CT1200||41","P |01|CT1200||4","OUTRAS DESPESAS OPERACIONAIS            ","OUTRAS DESPESAS OPERACIONAIS            ","OUTRAS DESPESAS OPERACIONAIS            ","OUTRAS DESPESAS OPERACIONAIS            ","OUTRAS DESPESAS OPERACIONAIS            ","OUTRAS DESPESAS OPERACIONAIS            ","OUTRAS DESPESAS OPERACIONAIS            ","OUTRAS DESPESAS OPERACIONAIS            ","OUTRAS DESPESAS OPERACIONAIS            ","DESPEAS OPERACIONAIS                    ","DESPESAS                                ","4112                ","4112                ","4112                ","4112                ","4112                ","4112                ","4112                ","4112                ","4112                ","41                  ","4                   ","P |01|AK5200||"
"41                  ","1","P |01|CT1200||4113","P |01|CT1200||4113","P |01|CT1200||4113","P |01|CT1200||4113","P |01|CT1200||4113","P |01|CT1200||4113","P |01|CT1200||4113","P |01|CT1200||4113","P |01|CT1200||4113","P |01|CT1200||41","P |01|CT1200||4","CUSTOS DIRETORIA                        ","CUSTOS DIRETORIA                        ","CUSTOS DIRETORIA                        ","CUSTOS DIRETORIA                        ","CUSTOS DIRETORIA                        ","CUSTOS DIRETORIA                        ","CUSTOS DIRETORIA                        ","CUSTOS DIRETORIA                        ","CUSTOS DIRETORIA                        ","DESPEAS OPERACIONAIS                    ","DESPESAS                                ","4113                ","4113                ","4113                ","4113                ","4113                ","4113                ","4113                ","4113                ","4113                ","41                  ","4                   ","P |01|AK5200||"
"41                  ","1","P |01|CT1200||4114","P |01|CT1200||4114","P |01|CT1200||4114","P |01|CT1200||4114","P |01|CT1200||4114","P |01|CT1200||4114","P |01|CT1200||4114","P |01|CT1200||4114","P |01|CT1200||4114","P |01|CT1200||41","P |01|CT1200||4","CUSTOS VIAGENS AEREAS                   ","CUSTOS VIAGENS AEREAS                   ","CUSTOS VIAGENS AEREAS                   ","CUSTOS VIAGENS AEREAS                   ","CUSTOS VIAGENS AEREAS                   ","CUSTOS VIAGENS AEREAS                   ","CUSTOS VIAGENS AEREAS                   ","CUSTOS VIAGENS AEREAS                   ","CUSTOS VIAGENS AEREAS                   ","DESPEAS OPERACIONAIS                    ","DESPESAS                                ","4114                ","4114                ","4114                ","4114                ","4114                ","4114                ","4114                ","4114                ","4114                ","41                  ","4                   ","P |01|AK5200||"
"41                  ","1","P |01|CT1200||4119","P |01|CT1200||4119","P |01|CT1200||4119","P |01|CT1200||4119","P |01|CT1200||4119","P |01|CT1200||4119","P |01|CT1200||4119","P |01|CT1200||4119","P |01|CT1200||4119","P |01|CT1200||41","P |01|CT1200||4","OUTRAS DESPESAS                         ","OUTRAS DESPESAS                         ","OUTRAS DESPESAS                         ","OUTRAS DESPESAS                         ","OUTRAS DESPESAS                         ","OUTRAS DESPESAS                         ","OUTRAS DESPESAS                         ","OUTRAS DESPESAS                         ","OUTRAS DESPESAS                         ","DESPEAS OPERACIONAIS                    ","DESPESAS                                ","4119                ","4119                ","4119                ","4119                ","4119                ","4119                ","4119                ","4119                ","4119                ","41                  ","4                   ","P |01|AK5200||"
"41                  ","1","P |01|CT1200||412","P |01|CT1200||412","P |01|CT1200||412","P |01|CT1200||412","P |01|CT1200||412","P |01|CT1200||412","P |01|CT1200||412","P |01|CT1200||412","P |01|CT1200||412","P |01|CT1200||41","P |01|CT1200||4","DESPESAS NAO OPERACIONAIS               ","DESPESAS NAO OPERACIONAIS               ","DESPESAS NAO OPERACIONAIS               ","DESPESAS NAO OPERACIONAIS               ","DESPESAS NAO OPERACIONAIS               ","DESPESAS NAO OPERACIONAIS               ","DESPESAS NAO OPERACIONAIS               ","DESPESAS NAO OPERACIONAIS               ","DESPESAS NAO OPERACIONAIS               ","DESPEAS OPERACIONAIS                    ","DESPESAS                                ","412                 ","412                 ","412                 ","412                 ","412                 ","412                 ","412                 ","412                 ","412                 ","41                  ","4                   ","P |01|AK5200||"
"4101                ","1","P |01|CT1200||41011","P |01|CT1200||41011","P |01|CT1200||41011","P |01|CT1200||41011","P |01|CT1200||41011","P |01|CT1200||41011","P |01|CT1200||41011","P |01|CT1200||41011","P |01|CT1200||4101","P |01|CT1200||41","P |01|CT1200||4","SALARIOS E OUTRAS REMUNERACOES          ","SALARIOS E OUTRAS REMUNERACOES          ","SALARIOS E OUTRAS REMUNERACOES          ","SALARIOS E OUTRAS REMUNERACOES          ","SALARIOS E OUTRAS REMUNERACOES          ","SALARIOS E OUTRAS REMUNERACOES          ","SALARIOS E OUTRAS REMUNERACOES          ","SALARIOS E OUTRAS REMUNERACOES          ","DESPESAS COM PESSOAL                    ","DESPEAS OPERACIONAIS                    ","DESPESAS                                ","41011               ","41011               ","41011               ","41011               ","41011               ","41011               ","41011               ","41011               ","4101                ","41                  ","4                   ","P |01|AK5200||"
"4101                ","1","P |01|CT1200||41012","P |01|CT1200||41012","P |01|CT1200||41012","P |01|CT1200||41012","P |01|CT1200||41012","P |01|CT1200||41012","P |01|CT1200||41012","P |01|CT1200||41012","P |01|CT1200||4101","P |01|CT1200||41","P |01|CT1200||4","ENCARGOS SOCIAIS                        ","ENCARGOS SOCIAIS                        ","ENCARGOS SOCIAIS                        ","ENCARGOS SOCIAIS                        ","ENCARGOS SOCIAIS                        ","ENCARGOS SOCIAIS                        ","ENCARGOS SOCIAIS                        ","ENCARGOS SOCIAIS                        ","DESPESAS COM PESSOAL                    ","DESPEAS OPERACIONAIS                    ","DESPESAS                                ","41012               ","41012               ","41012               ","41012               ","41012               ","41012               ","41012               ","41012               ","4101                ","41                  ","4                   ","P |01|AK5200||"
"4101                ","1","P |01|CT1200||41013","P |01|CT1200||41013","P |01|CT1200||41013","P |01|CT1200||41013","P |01|CT1200||41013","P |01|CT1200||41013","P |01|CT1200||41013","P |01|CT1200||41013","P |01|CT1200||4101","P |01|CT1200||41","P |01|CT1200||4","BENEFÍCIOS                              ","BENEFÍCIOS                              ","BENEFÍCIOS                              ","BENEFÍCIOS                              ","BENEFÍCIOS                              ","BENEFÍCIOS                              ","BENEFÍCIOS                              ","BENEFÍCIOS                              ","DESPESAS COM PESSOAL                    ","DESPEAS OPERACIONAIS                    ","DESPESAS                                ","41013               ","41013               ","41013               ","41013               ","41013               ","41013               ","41013               ","41013               ","4101                ","41                  ","4                   ","P |01|AK5200||"
"41011               ","2","P |01|CT1200||41011001","P |01|CT1200||41011001","P |01|CT1200||41011001","P |01|CT1200||41011001","P |01|CT1200||41011001","P |01|CT1200||41011001","P |01|CT1200||41011001","P |01|CT1200||41011","P |01|CT1200||4101","P |01|CT1200||41","P |01|CT1200||4","SALARIOS                                ","SALARIOS                                ","SALARIOS                                ","SALARIOS                                ","SALARIOS                                ","SALARIOS                                ","SALARIOS                                ","SALARIOS E OUTRAS REMUNERACOES          ","DESPESAS COM PESSOAL                    ","DESPEAS OPERACIONAIS                    ","DESPESAS                                ","41011001            ","41011001            ","41011001            ","41011001            ","41011001            ","41011001            ","41011001            ","41011               ","4101                ","41                  ","4                   ","P |01|AK5200||20101"
"41011               ","2","P |01|CT1200||41011002","P |01|CT1200||41011002","P |01|CT1200||41011002","P |01|CT1200||41011002","P |01|CT1200||41011002","P |01|CT1200||41011002","P |01|CT1200||41011002","P |01|CT1200||41011","P |01|CT1200||4101","P |01|CT1200||41","P |01|CT1200||4","FERIAS                                  ","FERIAS                                  ","FERIAS                                  ","FERIAS                                  ","FERIAS                                  ","FERIAS                                  ","FERIAS                                  ","SALARIOS E OUTRAS REMUNERACOES          ","DESPESAS COM PESSOAL                    ","DESPEAS OPERACIONAIS                    ","DESPESAS                                ","41011002            ","41011002            ","41011002            ","41011002            ","41011002            ","41011002            ","41011002            ","41011               ","4101                ","41                  ","4                   ","P |01|AK5200||20101"
"41011               ","2","P |01|CT1200||41011003","P |01|CT1200||41011003","P |01|CT1200||41011003","P |01|CT1200||41011003","P |01|CT1200||41011003","P |01|CT1200||41011003","P |01|CT1200||41011003","P |01|CT1200||41011","P |01|CT1200||4101","P |01|CT1200||41","P |01|CT1200||4","13 SALARIO                              ","13 SALARIO                              ","13 SALARIO                              ","13 SALARIO                              ","13 SALARIO                              ","13 SALARIO                              ","13 SALARIO                              ","SALARIOS E OUTRAS REMUNERACOES          ","DESPESAS COM PESSOAL                    ","DESPEAS OPERACIONAIS                    ","DESPESAS                                ","41011003            ","41011003            ","41011003            ","41011003            ","41011003            ","41011003            ","41011003            ","41011               ","4101                ","41                  ","4                   ","P |01|AK5200||20101"
"41011               ","2","P |01|CT1200||41011004","P |01|CT1200||41011004","P |01|CT1200||41011004","P |01|CT1200||41011004","P |01|CT1200||41011004","P |01|CT1200||41011004","P |01|CT1200||41011004","P |01|CT1200||41011","P |01|CT1200||4101","P |01|CT1200||41","P |01|CT1200||4","PRO LABORE                              ","PRO LABORE                              ","PRO LABORE                              ","PRO LABORE                              ","PRO LABORE                              ","PRO LABORE                              ","PRO LABORE                              ","SALARIOS E OUTRAS REMUNERACOES          ","DESPESAS COM PESSOAL                    ","DESPEAS OPERACIONAIS                    ","DESPESAS                                ","41011004            ","41011004            ","41011004            ","41011004            ","41011004            ","41011004            ","41011004            ","41011               ","4101                ","41                  ","4                   ","P |01|AK5200||20101"
"41011               ","2","P |01|CT1200||41011006","P |01|CT1200||41011006","P |01|CT1200||41011006","P |01|CT1200||41011006","P |01|CT1200||41011006","P |01|CT1200||41011006","P |01|CT1200||41011006","P |01|CT1200||41011","P |01|CT1200||4101","P |01|CT1200||41","P |01|CT1200||4","ESTAGIARIOS                             ","ESTAGIARIOS                             ","ESTAGIARIOS                             ","ESTAGIARIOS                             ","ESTAGIARIOS                             ","ESTAGIARIOS                             ","ESTAGIARIOS                             ","SALARIOS E OUTRAS REMUNERACOES          ","DESPESAS COM PESSOAL                    ","DESPEAS OPERACIONAIS                    ","DESPESAS                                ","41011006            ","41011006            ","41011006            ","41011006            ","41011006            ","41011006            ","41011006            ","41011               ","4101                ","41                  ","4                   ","P |01|AK5200||20101"
"41011               ","2","P |01|CT1200||41011007","P |01|CT1200||41011007","P |01|CT1200||41011007","P |01|CT1200||41011007","P |01|CT1200||41011007","P |01|CT1200||41011007","P |01|CT1200||41011007","P |01|CT1200||41011","P |01|CT1200||4101","P |01|CT1200||41","P |01|CT1200||4","PLR                                     ","PLR                                     ","PLR                                     ","PLR                                     ","PLR                                     ","PLR                                     ","PLR                                     ","SALARIOS E OUTRAS REMUNERACOES          ","DESPESAS COM PESSOAL                    ","DESPEAS OPERACIONAIS                    ","DESPESAS                                ","41011007            ","41011007            ","41011007            ","41011007            ","41011007            ","41011007            ","41011007            ","41011               ","4101                ","41                  ","4                   ","P |01|AK5200||20101"
"41011               ","2","P |01|CT1200||41011008","P |01|CT1200||41011008","P |01|CT1200||41011008","P |01|CT1200||41011008","P |01|CT1200||41011008","P |01|CT1200||41011008","P |01|CT1200||41011008","P |01|CT1200||41011","P |01|CT1200||4101","P |01|CT1200||41","P |01|CT1200||4","HORAS EXTRAS                            ","HORAS EXTRAS                            ","HORAS EXTRAS                            ","HORAS EXTRAS                            ","HORAS EXTRAS                            ","HORAS EXTRAS                            ","HORAS EXTRAS                            ","SALARIOS E OUTRAS REMUNERACOES          ","DESPESAS COM PESSOAL                    ","DESPEAS OPERACIONAIS                    ","DESPESAS                                ","41011008            ","41011008            ","41011008            ","41011008            ","41011008            ","41011008            ","41011008            ","41011               ","4101                ","41                  ","4                   ","P |01|AK5200||20101"
"41011               ","2","P |01|CT1200||41011009","P |01|CT1200||41011009","P |01|CT1200||41011009","P |01|CT1200||41011009","P |01|CT1200||41011009","P |01|CT1200||41011009","P |01|CT1200||41011009","P |01|CT1200||41011","P |01|CT1200||4101","P |01|CT1200||41","P |01|CT1200||4","PREMIOS CLT                             ","PREMIOS CLT                             ","PREMIOS CLT                             ","PREMIOS CLT                             ","PREMIOS CLT                             ","PREMIOS CLT                             ","PREMIOS CLT                             ","SALARIOS E OUTRAS REMUNERACOES          ","DESPESAS COM PESSOAL                    ","DESPEAS OPERACIONAIS                    ","DESPESAS                                ","41011009            ","41011009            ","41011009            ","41011009            ","41011009            ","41011009            ","41011009            ","41011               ","4101                ","41                  ","4                   ","P |01|AK5200||20101"
"41011               ","2","P |01|CT1200||41011010","P |01|CT1200||41011010","P |01|CT1200||41011010","P |01|CT1200||41011010","P |01|CT1200||41011010","P |01|CT1200||41011010","P |01|CT1200||41011010","P |01|CT1200||41011","P |01|CT1200||4101","P |01|CT1200||41","P |01|CT1200||4","DSR                                     ","DSR                                     ","DSR                                     ","DSR                                     ","DSR                                     ","DSR                                     ","DSR                                     ","SALARIOS E OUTRAS REMUNERACOES          ","DESPESAS COM PESSOAL                    ","DESPEAS OPERACIONAIS                    ","DESPESAS                                ","41011010            ","41011010            ","41011010            ","41011010            ","41011010            ","41011010            ","41011010            ","41011               ","4101                ","41                  ","4                   ","P |01|AK5200||20101"
"41011               ","2","P |01|CT1200||41011011","P |01|CT1200||41011011","P |01|CT1200||41011011","P |01|CT1200||41011011","P |01|CT1200||41011011","P |01|CT1200||41011011","P |01|CT1200||41011011","P |01|CT1200||41011","P |01|CT1200||4101","P |01|CT1200||41","P |01|CT1200||4","ABONO PECUNIARIO DE FERIAS              ","ABONO PECUNIARIO DE FERIAS              ","ABONO PECUNIARIO DE FERIAS              ","ABONO PECUNIARIO DE FERIAS              ","ABONO PECUNIARIO DE FERIAS              ","ABONO PECUNIARIO DE FERIAS              ","ABONO PECUNIARIO DE FERIAS              ","SALARIOS E OUTRAS REMUNERACOES          ","DESPESAS COM PESSOAL                    ","DESPEAS OPERACIONAIS                    ","DESPESAS                                ","41011011            ","41011011            ","41011011            ","41011011            ","41011011            ","41011011            ","41011011            ","41011               ","4101                ","41                  ","4                   ","P |01|AK5200||20101"
"41011               ","2","P |01|CT1200||41011012","P |01|CT1200||41011012","P |01|CT1200||41011012","P |01|CT1200||41011012","P |01|CT1200||41011012","P |01|CT1200||41011012","P |01|CT1200||41011012","P |01|CT1200||41011","P |01|CT1200||4101","P |01|CT1200||41","P |01|CT1200||4","GRATIFICACOES                           ","GRATIFICACOES                           ","GRATIFICACOES                           ","GRATIFICACOES                           ","GRATIFICACOES                           ","GRATIFICACOES                           ","GRATIFICACOES                           ","SALARIOS E OUTRAS REMUNERACOES          ","DESPESAS COM PESSOAL                    ","DESPEAS OPERACIONAIS                    ","DESPESAS                                ","41011012            ","41011012            ","41011012            ","41011012            ","41011012            ","41011012            ","41011012            ","41011               ","4101                ","41                  ","4                   ","P |01|AK5200||20101"
"41011               ","2","P |01|CT1200||41011013","P |01|CT1200||41011013","P |01|CT1200||41011013","P |01|CT1200||41011013","P |01|CT1200||41011013","P |01|CT1200||41011013","P |01|CT1200||41011013","P |01|CT1200||41011","P |01|CT1200||4101","P |01|CT1200||41","P |01|CT1200||4","PROPRIEDADE INTELECTUAL                 ","PROPRIEDADE INTELECTUAL                 ","PROPRIEDADE INTELECTUAL                 ","PROPRIEDADE INTELECTUAL                 ","PROPRIEDADE INTELECTUAL                 ","PROPRIEDADE INTELECTUAL                 ","PROPRIEDADE INTELECTUAL                 ","SALARIOS E OUTRAS REMUNERACOES          ","DESPESAS COM PESSOAL                    ","DESPEAS OPERACIONAIS                    ","DESPESAS                                ","41011013            ","41011013            ","41011013            ","41011013            ","41011013            ","41011013            ","41011013            ","41011               ","4101                ","41                  ","4                   ","P |01|AK5200||20101"
"41012               ","2","P |01|CT1200||41012001","P |01|CT1200||41012001","P |01|CT1200||41012001","P |01|CT1200||41012001","P |01|CT1200||41012001","P |01|CT1200||41012001","P |01|CT1200||41012001","P |01|CT1200||41012","P |01|CT1200||4101","P |01|CT1200||41","P |01|CT1200||4","INSS                                    ","INSS                                    ","INSS                                    ","INSS                                    ","INSS                                    ","INSS                                    ","INSS                                    ","ENCARGOS SOCIAIS                        ","DESPESAS COM PESSOAL                    ","DESPEAS OPERACIONAIS                    ","DESPESAS                                ","41012001            ","41012001            ","41012001            ","41012001            ","41012001            ","41012001            ","41012001            ","41012               ","4101                ","41                  ","4                   ","P |01|AK5200||20201"
"41012               ","2","P |01|CT1200||41012002","P |01|CT1200||41012002","P |01|CT1200||41012002","P |01|CT1200||41012002","P |01|CT1200||41012002","P |01|CT1200||41012002","P |01|CT1200||41012002","P |01|CT1200||41012","P |01|CT1200||4101","P |01|CT1200||41","P |01|CT1200||4","FGTS                                    ","FGTS                                    ","FGTS                                    ","FGTS                                    ","FGTS                                    ","FGTS                                    ","FGTS                                    ","ENCARGOS SOCIAIS                        ","DESPESAS COM PESSOAL                    ","DESPEAS OPERACIONAIS                    ","DESPESAS                                ","41012002            ","41012002            ","41012002            ","41012002            ","41012002            ","41012002            ","41012002            ","41012               ","4101                ","41                  ","4                   ","P |01|AK5200||20201"
"41012               ","2","P |01|CT1200||41012003","P |01|CT1200||41012003","P |01|CT1200||41012003","P |01|CT1200||41012003","P |01|CT1200||41012003","P |01|CT1200||41012003","P |01|CT1200||41012003","P |01|CT1200||41012","P |01|CT1200||4101","P |01|CT1200||41","P |01|CT1200||4","CONTRIBUICAO SINDICAL                   ","CONTRIBUICAO SINDICAL                   ","CONTRIBUICAO SINDICAL                   ","CONTRIBUICAO SINDICAL                   ","CONTRIBUICAO SINDICAL                   ","CONTRIBUICAO SINDICAL                   ","CONTRIBUICAO SINDICAL                   ","ENCARGOS SOCIAIS                        ","DESPESAS COM PESSOAL                    ","DESPEAS OPERACIONAIS                    ","DESPESAS                                ","41012003            ","41012003            ","41012003            ","41012003            ","41012003            ","41012003            ","41012003            ","41012               ","4101                ","41                  ","4                   ","P |01|AK5200||20201"
"41012               ","2","P |01|CT1200||41012010","P |01|CT1200||41012010","P |01|CT1200||41012010","P |01|CT1200||41012010","P |01|CT1200||41012010","P |01|CT1200||41012010","P |01|CT1200||41012010","P |01|CT1200||41012","P |01|CT1200||4101","P |01|CT1200||41","P |01|CT1200||4","DESPESAS DE RESCISAO                    ","DESPESAS DE RESCISAO                    ","DESPESAS DE RESCISAO                    ","DESPESAS DE RESCISAO                    ","DESPESAS DE RESCISAO                    ","DESPESAS DE RESCISAO                    ","DESPESAS DE RESCISAO                    ","ENCARGOS SOCIAIS                        ","DESPESAS COM PESSOAL                    ","DESPEAS OPERACIONAIS                    ","DESPESAS                                ","41012010            ","41012010            ","41012010            ","41012010            ","41012010            ","41012010            ","41012010            ","41012               ","4101                ","41                  ","4                   ","P |01|AK5200||20201"
"41013               ","2","P |01|CT1200||41013001","P |01|CT1200||41013001","P |01|CT1200||41013001","P |01|CT1200||41013001","P |01|CT1200||41013001","P |01|CT1200||41013001","P |01|CT1200||41013001","P |01|CT1200||41013","P |01|CT1200||4101","P |01|CT1200||41","P |01|CT1200||4","ASSISTENCIA MEDICA/SAUDE PREVENTIVA     ","ASSISTENCIA MEDICA/SAUDE PREVENTIVA     ","ASSISTENCIA MEDICA/SAUDE PREVENTIVA     ","ASSISTENCIA MEDICA/SAUDE PREVENTIVA     ","ASSISTENCIA MEDICA/SAUDE PREVENTIVA     ","ASSISTENCIA MEDICA/SAUDE PREVENTIVA     ","ASSISTENCIA MEDICA/SAUDE PREVENTIVA     ","BENEFÍCIOS                              ","DESPESAS COM PESSOAL                    ","DESPEAS OPERACIONAIS                    ","DESPESAS                                ","41013001            ","41013001            ","41013001            ","41013001            ","41013001            ","41013001            ","41013001            ","41013               ","4101                ","41                  ","4                   ","P |01|AK5200||20201"
"41013               ","2","P |01|CT1200||41013002","P |01|CT1200||41013002","P |01|CT1200||41013002","P |01|CT1200||41013002","P |01|CT1200||41013002","P |01|CT1200||41013002","P |01|CT1200||41013002","P |01|CT1200||41013","P |01|CT1200||4101","P |01|CT1200||41","P |01|CT1200||4","VALE REFEICAO                           ","VALE REFEICAO                           ","VALE REFEICAO                           ","VALE REFEICAO                           ","VALE REFEICAO                           ","VALE REFEICAO                           ","VALE REFEICAO                           ","BENEFÍCIOS                              ","DESPESAS COM PESSOAL                    ","DESPEAS OPERACIONAIS                    ","DESPESAS                                ","41013002            ","41013002            ","41013002            ","41013002            ","41013002            ","41013002            ","41013002            ","41013               ","4101                ","41                  ","4                   ","P |01|AK5200||20201"
"41013               ","2","P |01|CT1200||41013003","P |01|CT1200||41013003","P |01|CT1200||41013003","P |01|CT1200||41013003","P |01|CT1200||41013003","P |01|CT1200||41013003","P |01|CT1200||41013003","P |01|CT1200||41013","P |01|CT1200||4101","P |01|CT1200||41","P |01|CT1200||4","VALE TRANSPORTE                         ","VALE TRANSPORTE                         ","VALE TRANSPORTE                         ","VALE TRANSPORTE                         ","VALE TRANSPORTE                         ","VALE TRANSPORTE                         ","VALE TRANSPORTE                         ","BENEFÍCIOS                              ","DESPESAS COM PESSOAL                    ","DESPEAS OPERACIONAIS                    ","DESPESAS                                ","41013003            ","41013003            ","41013003            ","41013003            ","41013003            ","41013003            ","41013003            ","41013               ","4101                ","41                  ","4                   ","P |01|AK5200||20201"
"41013               ","2","P |01|CT1200||41013004","P |01|CT1200||41013004","P |01|CT1200||41013004","P |01|CT1200||41013004","P |01|CT1200||41013004","P |01|CT1200||41013004","P |01|CT1200||41013004","P |01|CT1200||41013","P |01|CT1200||4101","P |01|CT1200||41","P |01|CT1200||4","SEGURO PESSOAL                          ","SEGURO PESSOAL                          ","SEGURO PESSOAL                          ","SEGURO PESSOAL                          ","SEGURO PESSOAL                          ","SEGURO PESSOAL                          ","SEGURO PESSOAL                          ","BENEFÍCIOS                              ","DESPESAS COM PESSOAL                    ","DESPEAS OPERACIONAIS                    ","DESPESAS                                ","41013004            ","41013004            ","41013004            ","41013004            ","41013004            ","41013004            ","41013004            ","41013               ","4101                ","41                  ","4                   ","P |01|AK5200||20201"
"41013               ","2","P |01|CT1200||41013005","P |01|CT1200||41013005","P |01|CT1200||41013005","P |01|CT1200||41013005","P |01|CT1200||41013005","P |01|CT1200||41013005","P |01|CT1200||41013005","P |01|CT1200||41013","P |01|CT1200||4101","P |01|CT1200||41","P |01|CT1200||4","AUXILIO EDUCACAO                        ","AUXILIO EDUCACAO                        ","AUXILIO EDUCACAO                        ","AUXILIO EDUCACAO                        ","AUXILIO EDUCACAO                        ","AUXILIO EDUCACAO                        ","AUXILIO EDUCACAO                        ","BENEFÍCIOS                              ","DESPESAS COM PESSOAL                    ","DESPEAS OPERACIONAIS                    ","DESPESAS                                ","41013005            ","41013005            ","41013005            ","41013005            ","41013005            ","41013005            ","41013005            ","41013               ","4101                ","41                  ","4                   ","P |01|AK5200||20201"
"41013               ","2","P |01|CT1200||41013006","P |01|CT1200||41013006","P |01|CT1200||41013006","P |01|CT1200||41013006","P |01|CT1200||41013006","P |01|CT1200||41013006","P |01|CT1200||41013006","P |01|CT1200||41013","P |01|CT1200||4101","P |01|CT1200||41","P |01|CT1200||4","CONVENIO FARMACIA                       ","CONVENIO FARMACIA                       ","CONVENIO FARMACIA                       ","CONVENIO FARMACIA                       ","CONVENIO FARMACIA                       ","CONVENIO FARMACIA                       ","CONVENIO FARMACIA                       ","BENEFÍCIOS                              ","DESPESAS COM PESSOAL                    ","DESPEAS OPERACIONAIS                    ","DESPESAS                                ","41013006            ","41013006            ","41013006            ","41013006            ","41013006            ","41013006            ","41013006            ","41013               ","4101                ","41                  ","4                   ","P |01|AK5200||20201"
"41013               ","2","P |01|CT1200||41013007","P |01|CT1200||41013007","P |01|CT1200||41013007","P |01|CT1200||41013007","P |01|CT1200||41013007","P |01|CT1200||41013007","P |01|CT1200||41013007","P |01|CT1200||41013","P |01|CT1200||4101","P |01|CT1200||41","P |01|CT1200||4","COMBOFLEX                               ","COMBOFLEX                               ","COMBOFLEX                               ","COMBOFLEX                               ","COMBOFLEX                               ","COMBOFLEX                               ","COMBOFLEX                               ","BENEFÍCIOS                              ","DESPESAS COM PESSOAL                    ","DESPEAS OPERACIONAIS                    ","DESPESAS                                ","41013007            ","41013007            ","41013007            ","41013007            ","41013007            ","41013007            ","41013007            ","41013               ","4101                ","41                  ","4                   ","P |01|AK5200||20201"
"41013               ","2","P |01|CT1200||41013009","P |01|CT1200||41013009","P |01|CT1200||41013009","P |01|CT1200||41013009","P |01|CT1200||41013009","P |01|CT1200||41013009","P |01|CT1200||41013009","P |01|CT1200||41013","P |01|CT1200||4101","P |01|CT1200||41","P |01|CT1200||4","AJUDA NOTEBOOK                          ","AJUDA NOTEBOOK                          ","AJUDA NOTEBOOK                          ","AJUDA NOTEBOOK                          ","AJUDA NOTEBOOK                          ","AJUDA NOTEBOOK                          ","AJUDA NOTEBOOK                          ","BENEFÍCIOS                              ","DESPESAS COM PESSOAL                    ","DESPEAS OPERACIONAIS                    ","DESPESAS                                ","41013009            ","41013009            ","41013009            ","41013009            ","41013009            ","41013009            ","41013009            ","41013               ","4101                ","41                  ","4                   ","P |01|AK5200||20201"
"41013               ","2","P |01|CT1200||41013014","P |01|CT1200||41013014","P |01|CT1200||41013014","P |01|CT1200||41013014","P |01|CT1200||41013014","P |01|CT1200||41013014","P |01|CT1200||41013014","P |01|CT1200||41013","P |01|CT1200||4101","P |01|CT1200||41","P |01|CT1200||4","AUX.CRECHE                              ","AUX.CRECHE                              ","AUX.CRECHE                              ","AUX.CRECHE                              ","AUX.CRECHE                              ","AUX.CRECHE                              ","AUX.CRECHE                              ","BENEFÍCIOS                              ","DESPESAS COM PESSOAL                    ","DESPEAS OPERACIONAIS                    ","DESPESAS                                ","41013014            ","41013014            ","41013014            ","41013014            ","41013014            ","41013014            ","41013014            ","41013               ","4101                ","41                  ","4                   ","P |01|AK5200||20201"
"41013               ","2","P |01|CT1200||41013099","P |01|CT1200||41013099","P |01|CT1200||41013099","P |01|CT1200||41013099","P |01|CT1200||41013099","P |01|CT1200||41013099","P |01|CT1200||41013099","P |01|CT1200||41013","P |01|CT1200||4101","P |01|CT1200||41","P |01|CT1200||4","ASSISTENCIQA ODONTOLOGICA               ","ASSISTENCIQA ODONTOLOGICA               ","ASSISTENCIQA ODONTOLOGICA               ","ASSISTENCIQA ODONTOLOGICA               ","ASSISTENCIQA ODONTOLOGICA               ","ASSISTENCIQA ODONTOLOGICA               ","ASSISTENCIQA ODONTOLOGICA               ","BENEFÍCIOS                              ","DESPESAS COM PESSOAL                    ","DESPEAS OPERACIONAIS                    ","DESPESAS                                ","41013099            ","41013099            ","41013099            ","41013099            ","41013099            ","41013099            ","41013099            ","41013               ","4101                ","41                  ","4                   ","P |01|AK5200||20201"
"4102                ","1","P |01|CT1200||41021","P |01|CT1200||41021","P |01|CT1200||41021","P |01|CT1200||41021","P |01|CT1200||41021","P |01|CT1200||41021","P |01|CT1200||41021","P |01|CT1200||41021","P |01|CT1200||4102","P |01|CT1200||41","P |01|CT1200||4","CONTRATADOS INTERNOS                    ","CONTRATADOS INTERNOS                    ","CONTRATADOS INTERNOS                    ","CONTRATADOS INTERNOS                    ","CONTRATADOS INTERNOS                    ","CONTRATADOS INTERNOS                    ","CONTRATADOS INTERNOS                    ","CONTRATADOS INTERNOS                    ","SERVICOS PRESTADOS POR PESSOAS JURIDICAS","DESPEAS OPERACIONAIS                    ","DESPESAS                                ","41021               ","41021               ","41021               ","41021               ","41021               ","41021               ","41021               ","41021               ","4102                ","41                  ","4                   ","P |01|AK5200||"
"4102                ","1","P |01|CT1200||41022","P |01|CT1200||41022","P |01|CT1200||41022","P |01|CT1200||41022","P |01|CT1200||41022","P |01|CT1200||41022","P |01|CT1200||41022","P |01|CT1200||41022","P |01|CT1200||4102","P |01|CT1200||41","P |01|CT1200||4","CONTRATADOS EXTERNOS                    ","CONTRATADOS EXTERNOS                    ","CONTRATADOS EXTERNOS                    ","CONTRATADOS EXTERNOS                    ","CONTRATADOS EXTERNOS                    ","CONTRATADOS EXTERNOS                    ","CONTRATADOS EXTERNOS                    ","CONTRATADOS EXTERNOS                    ","SERVICOS PRESTADOS POR PESSOAS JURIDICAS","DESPEAS OPERACIONAIS                    ","DESPESAS                                ","41022               ","41022               ","41022               ","41022               ","41022               ","41022               ","41022               ","41022               ","4102                ","41                  ","4                   ","P |01|AK5200||"
"41021               ","2","P |01|CT1200||41021001","P |01|CT1200||41021001","P |01|CT1200||41021001","P |01|CT1200||41021001","P |01|CT1200||41021001","P |01|CT1200||41021001","P |01|CT1200||41021001","P |01|CT1200||41021","P |01|CT1200||4102","P |01|CT1200||41","P |01|CT1200||4","PRESTADORES DE SERVICOS INTERNO         ","PRESTADORES DE SERVICOS INTERNO         ","PRESTADORES DE SERVICOS INTERNO         ","PRESTADORES DE SERVICOS INTERNO         ","PRESTADORES DE SERVICOS INTERNO         ","PRESTADORES DE SERVICOS INTERNO         ","PRESTADORES DE SERVICOS INTERNO         ","CONTRATADOS INTERNOS                    ","SERVICOS PRESTADOS POR PESSOAS JURIDICAS","DESPEAS OPERACIONAIS                    ","DESPESAS                                ","41021001            ","41021001            ","41021001            ","41021001            ","41021001            ","41021001            ","41021001            ","41021               ","4102                ","41                  ","4                   ","P |01|AK5200||20301"
"41021               ","2","P |01|CT1200||41021002","P |01|CT1200||41021002","P |01|CT1200||41021002","P |01|CT1200||41021002","P |01|CT1200||41021002","P |01|CT1200||41021002","P |01|CT1200||41021002","P |01|CT1200||41021","P |01|CT1200||4102","P |01|CT1200||41","P |01|CT1200||4","PRESTADORES SERVICOS COOPERADOS         ","PRESTADORES SERVICOS COOPERADOS         ","PRESTADORES SERVICOS COOPERADOS         ","PRESTADORES SERVICOS COOPERADOS         ","PRESTADORES SERVICOS COOPERADOS         ","PRESTADORES SERVICOS COOPERADOS         ","PRESTADORES SERVICOS COOPERADOS         ","CONTRATADOS INTERNOS                    ","SERVICOS PRESTADOS POR PESSOAS JURIDICAS","DESPEAS OPERACIONAIS                    ","DESPESAS                                ","41021002            ","41021002            ","41021002            ","41021002            ","41021002            ","41021002            ","41021002            ","41021               ","4102                ","41                  ","4                   ","P |01|AK5200||20301"
"41022               ","2","P |01|CT1200||41022002","P |01|CT1200||41022002","P |01|CT1200||41022002","P |01|CT1200||41022002","P |01|CT1200||41022002","P |01|CT1200||41022002","P |01|CT1200||41022002","P |01|CT1200||41022","P |01|CT1200||4102","P |01|CT1200||41","P |01|CT1200||4","SERVIÇOS ADVOGATICIOS                   ","SERVIÇOS ADVOGATICIOS                   ","SERVIÇOS ADVOGATICIOS                   ","SERVIÇOS ADVOGATICIOS                   ","SERVIÇOS ADVOGATICIOS                   ","SERVIÇOS ADVOGATICIOS                   ","SERVIÇOS ADVOGATICIOS                   ","CONTRATADOS EXTERNOS                    ","SERVICOS PRESTADOS POR PESSOAS JURIDICAS","DESPEAS OPERACIONAIS                    ","DESPESAS                                ","41022002            ","41022002            ","41022002            ","41022002            ","41022002            ","41022002            ","41022002            ","41022               ","4102                ","41                  ","4                   ","P |01|AK5200||22034"
"41022               ","2","P |01|CT1200||41022003","P |01|CT1200||41022003","P |01|CT1200||41022003","P |01|CT1200||41022003","P |01|CT1200||41022003","P |01|CT1200||41022003","P |01|CT1200||41022003","P |01|CT1200||41022","P |01|CT1200||4102","P |01|CT1200||41","P |01|CT1200||4","SERVICOS CONTABEIS                      ","SERVICOS CONTABEIS                      ","SERVICOS CONTABEIS                      ","SERVICOS CONTABEIS                      ","SERVICOS CONTABEIS                      ","SERVICOS CONTABEIS                      ","SERVICOS CONTABEIS                      ","CONTRATADOS EXTERNOS                    ","SERVICOS PRESTADOS POR PESSOAS JURIDICAS","DESPEAS OPERACIONAIS                    ","DESPESAS                                ","41022003            ","41022003            ","41022003            ","41022003            ","41022003            ","41022003            ","41022003            ","41022               ","4102                ","41                  ","4                   ","P |01|AK5200||22035"
"41022               ","2","P |01|CT1200||41022005","P |01|CT1200||41022005","P |01|CT1200||41022005","P |01|CT1200||41022005","P |01|CT1200||41022005","P |01|CT1200||41022005","P |01|CT1200||41022005","P |01|CT1200||41022","P |01|CT1200||4102","P |01|CT1200||41","P |01|CT1200||4","MEDICINA OCUPACIONAL                    ","MEDICINA OCUPACIONAL                    ","MEDICINA OCUPACIONAL                    ","MEDICINA OCUPACIONAL                    ","MEDICINA OCUPACIONAL                    ","MEDICINA OCUPACIONAL                    ","MEDICINA OCUPACIONAL                    ","CONTRATADOS EXTERNOS                    ","SERVICOS PRESTADOS POR PESSOAS JURIDICAS","DESPEAS OPERACIONAIS                    ","DESPESAS                                ","41022005            ","41022005            ","41022005            ","41022005            ","41022005            ","41022005            ","41022005            ","41022               ","4102                ","41                  ","4                   ","P |01|AK5200||22036"
"41022               ","2","P |01|CT1200||41022007","P |01|CT1200||41022007","P |01|CT1200||41022007","P |01|CT1200||41022007","P |01|CT1200||41022007","P |01|CT1200||41022007","P |01|CT1200||41022007","P |01|CT1200||41022","P |01|CT1200||4102","P |01|CT1200||41","P |01|CT1200||4","CONSULTORIA EXTERNA  (EXCETO TECNICOS)  ","CONSULTORIA EXTERNA  (EXCETO TECNICOS)  ","CONSULTORIA EXTERNA  (EXCETO TECNICOS)  ","CONSULTORIA EXTERNA  (EXCETO TECNICOS)  ","CONSULTORIA EXTERNA  (EXCETO TECNICOS)  ","CONSULTORIA EXTERNA  (EXCETO TECNICOS)  ","CONSULTORIA EXTERNA  (EXCETO TECNICOS)  ","CONTRATADOS EXTERNOS                    ","SERVICOS PRESTADOS POR PESSOAS JURIDICAS","DESPEAS OPERACIONAIS                    ","DESPESAS                                ","41022007            ","41022007            ","41022007            ","41022007            ","41022007            ","41022007            ","41022007            ","41022               ","4102                ","41                  ","4                   ","P |01|AK5200||22037"
"41022               ","2","P |01|CT1200||41022011","P |01|CT1200||41022011","P |01|CT1200||41022011","P |01|CT1200||41022011","P |01|CT1200||41022011","P |01|CT1200||41022011","P |01|CT1200||41022011","P |01|CT1200||41022","P |01|CT1200||4102","P |01|CT1200||41","P |01|CT1200||4","SERVICO MONITORAMENTO/SEGURANCA         ","SERVICO MONITORAMENTO/SEGURANCA         ","SERVICO MONITORAMENTO/SEGURANCA         ","SERVICO MONITORAMENTO/SEGURANCA         ","SERVICO MONITORAMENTO/SEGURANCA         ","SERVICO MONITORAMENTO/SEGURANCA         ","SERVICO MONITORAMENTO/SEGURANCA         ","CONTRATADOS EXTERNOS                    ","SERVICOS PRESTADOS POR PESSOAS JURIDICAS","DESPEAS OPERACIONAIS                    ","DESPESAS                                ","41022011            ","41022011            ","41022011            ","41022011            ","41022011            ","41022011            ","41022011            ","41022               ","4102                ","41                  ","4                   ","P |01|AK5200||22010"
"41022               ","2","P |01|CT1200||41022012","P |01|CT1200||41022012","P |01|CT1200||41022012","P |01|CT1200||41022012","P |01|CT1200||41022012","P |01|CT1200||41022012","P |01|CT1200||41022012","P |01|CT1200||41022","P |01|CT1200||4102","P |01|CT1200||41","P |01|CT1200||4","SERVICOS DE TEMPORARIO - LIMPEZA        ","SERVICOS DE TEMPORARIO - LIMPEZA        ","SERVICOS DE TEMPORARIO - LIMPEZA        ","SERVICOS DE TEMPORARIO - LIMPEZA        ","SERVICOS DE TEMPORARIO - LIMPEZA        ","SERVICOS DE TEMPORARIO - LIMPEZA        ","SERVICOS DE TEMPORARIO - LIMPEZA        ","CONTRATADOS EXTERNOS                    ","SERVICOS PRESTADOS POR PESSOAS JURIDICAS","DESPEAS OPERACIONAIS                    ","DESPESAS                                ","41022012            ","41022012            ","41022012            ","41022012            ","41022012            ","41022012            ","41022012            ","41022               ","4102                ","41                  ","4                   ","P |01|AK5200||22008"
"41022               ","2","P |01|CT1200||41022013","P |01|CT1200||41022013","P |01|CT1200||41022013","P |01|CT1200||41022013","P |01|CT1200||41022013","P |01|CT1200||41022013","P |01|CT1200||41022013","P |01|CT1200||41022","P |01|CT1200||4102","P |01|CT1200||41","P |01|CT1200||4","CONSULTORIA TECNICA-RECURSOS EXTERNOS   ","CONSULTORIA TECNICA-RECURSOS EXTERNOS   ","CONSULTORIA TECNICA-RECURSOS EXTERNOS   ","CONSULTORIA TECNICA-RECURSOS EXTERNOS   ","CONSULTORIA TECNICA-RECURSOS EXTERNOS   ","CONSULTORIA TECNICA-RECURSOS EXTERNOS   ","CONSULTORIA TECNICA-RECURSOS EXTERNOS   ","CONTRATADOS EXTERNOS                    ","SERVICOS PRESTADOS POR PESSOAS JURIDICAS","DESPEAS OPERACIONAIS                    ","DESPESAS                                ","41022013            ","41022013            ","41022013            ","41022013            ","41022013            ","41022013            ","41022013            ","41022               ","4102                ","41                  ","4                   ","P |01|AK5200||20401"
"41022               ","2","P |01|CT1200||41022014","P |01|CT1200||41022014","P |01|CT1200||41022014","P |01|CT1200||41022014","P |01|CT1200||41022014","P |01|CT1200||41022014","P |01|CT1200||41022014","P |01|CT1200||41022","P |01|CT1200||4102","P |01|CT1200||41","P |01|CT1200||4","MEDICINA OCUPACIONAL                    ","MEDICINA OCUPACIONAL                    ","MEDICINA OCUPACIONAL                    ","MEDICINA OCUPACIONAL                    ","MEDICINA OCUPACIONAL                    ","MEDICINA OCUPACIONAL                    ","MEDICINA OCUPACIONAL                    ","CONTRATADOS EXTERNOS                    ","SERVICOS PRESTADOS POR PESSOAS JURIDICAS","DESPEAS OPERACIONAIS                    ","DESPESAS                                ","41022014            ","41022014            ","41022014            ","41022014            ","41022014            ","41022014            ","41022014            ","41022               ","4102                ","41                  ","4                   ","P |01|AK5200||22038"
"41022               ","2","P |01|CT1200||41022015","P |01|CT1200||41022015","P |01|CT1200||41022015","P |01|CT1200||41022015","P |01|CT1200||41022015","P |01|CT1200||41022015","P |01|CT1200||41022015","P |01|CT1200||41022","P |01|CT1200||4102","P |01|CT1200||41","P |01|CT1200||4","CERTIFICADO DIGITAL                     ","CERTIFICADO DIGITAL                     ","CERTIFICADO DIGITAL                     ","CERTIFICADO DIGITAL                     ","CERTIFICADO DIGITAL                     ","CERTIFICADO DIGITAL                     ","CERTIFICADO DIGITAL                     ","CONTRATADOS EXTERNOS                    ","SERVICOS PRESTADOS POR PESSOAS JURIDICAS","DESPEAS OPERACIONAIS                    ","DESPESAS                                ","41022015            ","41022015            ","41022015            ","41022015            ","41022015            ","41022015            ","41022015            ","41022               ","4102                ","41                  ","4                   ","P |01|AK5200||22038"
"41022               ","2","P |01|CT1200||41022016","P |01|CT1200||41022016","P |01|CT1200||41022016","P |01|CT1200||41022016","P |01|CT1200||41022016","P |01|CT1200||41022016","P |01|CT1200||41022016","P |01|CT1200||41022","P |01|CT1200||4102","P |01|CT1200||41","P |01|CT1200||4","PGTO TOTVS MEXICO- REC.VENDAS BOLIVIA   ","PGTO TOTVS MEXICO- REC.VENDAS BOLIVIA   ","PGTO TOTVS MEXICO- REC.VENDAS BOLIVIA   ","PGTO TOTVS MEXICO- REC.VENDAS BOLIVIA   ","PGTO TOTVS MEXICO- REC.VENDAS BOLIVIA   ","PGTO TOTVS MEXICO- REC.VENDAS BOLIVIA   ","PGTO TOTVS MEXICO- REC.VENDAS BOLIVIA   ","CONTRATADOS EXTERNOS                    ","SERVICOS PRESTADOS POR PESSOAS JURIDICAS","DESPEAS OPERACIONAIS                    ","DESPESAS                                ","41022016            ","41022016            ","41022016            ","41022016            ","41022016            ","41022016            ","41022016            ","41022               ","4102                ","41                  ","4                   ","P |01|AK5200||20402"
"41022               ","2","P |01|CT1200||41022017","P |01|CT1200||41022017","P |01|CT1200||41022017","P |01|CT1200||41022017","P |01|CT1200||41022017","P |01|CT1200||41022017","P |01|CT1200||41022017","P |01|CT1200||41022","P |01|CT1200||4102","P |01|CT1200||41","P |01|CT1200||4","REEMBOLSO REPASSE TOTVS MEXICO-VENDAS BO","REEMBOLSO REPASSE TOTVS MEXICO-VENDAS BO","REEMBOLSO REPASSE TOTVS MEXICO-VENDAS BO","REEMBOLSO REPASSE TOTVS MEXICO-VENDAS BO","REEMBOLSO REPASSE TOTVS MEXICO-VENDAS BO","REEMBOLSO REPASSE TOTVS MEXICO-VENDAS BO","REEMBOLSO REPASSE TOTVS MEXICO-VENDAS BO","CONTRATADOS EXTERNOS                    ","SERVICOS PRESTADOS POR PESSOAS JURIDICAS","DESPEAS OPERACIONAIS                    ","DESPESAS                                ","41022017            ","41022017            ","41022017            ","41022017            ","41022017            ","41022017            ","41022017            ","41022               ","4102                ","41                  ","4                   ","P |01|AK5200||20403"
"41022               ","2","P |01|CT1200||41022018","P |01|CT1200||41022018","P |01|CT1200||41022018","P |01|CT1200||41022018","P |01|CT1200||41022018","P |01|CT1200||41022018","P |01|CT1200||41022018","P |01|CT1200||41022","P |01|CT1200||4102","P |01|CT1200||41","P |01|CT1200||4","CUSTO HORAS SERVICOS RECURSOS BOLIVIA   ","CUSTO HORAS SERVICOS RECURSOS BOLIVIA   ","CUSTO HORAS SERVICOS RECURSOS BOLIVIA   ","CUSTO HORAS SERVICOS RECURSOS BOLIVIA   ","CUSTO HORAS SERVICOS RECURSOS BOLIVIA   ","CUSTO HORAS SERVICOS RECURSOS BOLIVIA   ","CUSTO HORAS SERVICOS RECURSOS BOLIVIA   ","CONTRATADOS EXTERNOS                    ","SERVICOS PRESTADOS POR PESSOAS JURIDICAS","DESPEAS OPERACIONAIS                    ","DESPESAS                                ","41022018            ","41022018            ","41022018            ","41022018            ","41022018            ","41022018            ","41022018            ","41022               ","4102                ","41                  ","4                   ","P |01|AK5200||20405"
"41022               ","2","P |01|CT1200||41022019","P |01|CT1200||41022019","P |01|CT1200||41022019","P |01|CT1200||41022019","P |01|CT1200||41022019","P |01|CT1200||41022019","P |01|CT1200||41022019","P |01|CT1200||41022","P |01|CT1200||4102","P |01|CT1200||41","P |01|CT1200||4","REEMB.PGTO TERC.EXTERNOS BOLIVIA        ","REEMB.PGTO TERC.EXTERNOS BOLIVIA        ","REEMB.PGTO TERC.EXTERNOS BOLIVIA        ","REEMB.PGTO TERC.EXTERNOS BOLIVIA        ","REEMB.PGTO TERC.EXTERNOS BOLIVIA        ","REEMB.PGTO TERC.EXTERNOS BOLIVIA        ","REEMB.PGTO TERC.EXTERNOS BOLIVIA        ","CONTRATADOS EXTERNOS                    ","SERVICOS PRESTADOS POR PESSOAS JURIDICAS","DESPEAS OPERACIONAIS                    ","DESPESAS                                ","41022019            ","41022019            ","41022019            ","41022019            ","41022019            ","41022019            ","41022019            ","41022               ","4102                ","41                  ","4                   ","P |01|AK5200||20406"
"4103                ","1","P |01|CT1200||41031","P |01|CT1200||41031","P |01|CT1200||41031","P |01|CT1200||41031","P |01|CT1200||41031","P |01|CT1200||41031","P |01|CT1200||41031","P |01|CT1200||41031","P |01|CT1200||4103","P |01|CT1200||41","P |01|CT1200||4","SEDE                                    ","SEDE                                    ","SEDE                                    ","SEDE                                    ","SEDE                                    ","SEDE                                    ","SEDE                                    ","SEDE                                    ","DESPESAS COM IMÓVEIS                    ","DESPEAS OPERACIONAIS                    ","DESPESAS                                ","41031               ","41031               ","41031               ","41031               ","41031               ","41031               ","41031               ","41031               ","4103                ","41                  ","4                   ","P |01|AK5200||"
"41031               ","2","P |01|CT1200||41031001","P |01|CT1200||41031001","P |01|CT1200||41031001","P |01|CT1200||41031001","P |01|CT1200||41031001","P |01|CT1200||41031001","P |01|CT1200||41031001","P |01|CT1200||41031","P |01|CT1200||4103","P |01|CT1200||41","P |01|CT1200||4","ALUGUEL                                 ","ALUGUEL                                 ","ALUGUEL                                 ","ALUGUEL                                 ","ALUGUEL                                 ","ALUGUEL                                 ","ALUGUEL                                 ","SEDE                                    ","DESPESAS COM IMÓVEIS                    ","DESPEAS OPERACIONAIS                    ","DESPESAS                                ","41031001            ","41031001            ","41031001            ","41031001            ","41031001            ","41031001            ","41031001            ","41031               ","4103                ","41                  ","4                   ","P |01|AK5200||22004"
"41031               ","2","P |01|CT1200||41031002","P |01|CT1200||41031002","P |01|CT1200||41031002","P |01|CT1200||41031002","P |01|CT1200||41031002","P |01|CT1200||41031002","P |01|CT1200||41031002","P |01|CT1200||41031","P |01|CT1200||4103","P |01|CT1200||41","P |01|CT1200||4","IPTU                                    ","IPTU                                    ","IPTU                                    ","IPTU                                    ","IPTU                                    ","IPTU                                    ","IPTU                                    ","SEDE                                    ","DESPESAS COM IMÓVEIS                    ","DESPEAS OPERACIONAIS                    ","DESPESAS                                ","41031002            ","41031002            ","41031002            ","41031002            ","41031002            ","41031002            ","41031002            ","41031               ","4103                ","41                  ","4                   ","P |01|AK5200||22011"
"41031               ","2","P |01|CT1200||41031003","P |01|CT1200||41031003","P |01|CT1200||41031003","P |01|CT1200||41031003","P |01|CT1200||41031003","P |01|CT1200||41031003","P |01|CT1200||41031003","P |01|CT1200||41031","P |01|CT1200||4103","P |01|CT1200||41","P |01|CT1200||4","AGUA                                    ","AGUA                                    ","AGUA                                    ","AGUA                                    ","AGUA                                    ","AGUA                                    ","AGUA                                    ","SEDE                                    ","DESPESAS COM IMÓVEIS                    ","DESPEAS OPERACIONAIS                    ","DESPESAS                                ","41031003            ","41031003            ","41031003            ","41031003            ","41031003            ","41031003            ","41031003            ","41031               ","4103                ","41                  ","4                   ","P |01|AK5200||22009"
"41031               ","2","P |01|CT1200||41031004","P |01|CT1200||41031004","P |01|CT1200||41031004","P |01|CT1200||41031004","P |01|CT1200||41031004","P |01|CT1200||41031004","P |01|CT1200||41031004","P |01|CT1200||41031","P |01|CT1200||4103","P |01|CT1200||41","P |01|CT1200||4","ENERGIA ELÉTRICA                        ","ENERGIA ELÉTRICA                        ","ENERGIA ELÉTRICA                        ","ENERGIA ELÉTRICA                        ","ENERGIA ELÉTRICA                        ","ENERGIA ELÉTRICA                        ","ENERGIA ELÉTRICA                        ","SEDE                                    ","DESPESAS COM IMÓVEIS                    ","DESPEAS OPERACIONAIS                    ","DESPESAS                                ","41031004            ","41031004            ","41031004            ","41031004            ","41031004            ","41031004            ","41031004            ","41031               ","4103                ","41                  ","4                   ","P |01|AK5200||22007"
"41031               ","2","P |01|CT1200||41031005","P |01|CT1200||41031005","P |01|CT1200||41031005","P |01|CT1200||41031005","P |01|CT1200||41031005","P |01|CT1200||41031005","P |01|CT1200||41031005","P |01|CT1200||41031","P |01|CT1200||4103","P |01|CT1200||41","P |01|CT1200||4","SEGURO IMOVEIS                          ","SEGURO IMOVEIS                          ","SEGURO IMOVEIS                          ","SEGURO IMOVEIS                          ","SEGURO IMOVEIS                          ","SEGURO IMOVEIS                          ","SEGURO IMOVEIS                          ","SEDE                                    ","DESPESAS COM IMÓVEIS                    ","DESPEAS OPERACIONAIS                    ","DESPESAS                                ","41031005            ","41031005            ","41031005            ","41031005            ","41031005            ","41031005            ","41031005            ","41031               ","4103                ","41                  ","4                   ","P |01|AK5200||22012"
"41031               ","2","P |01|CT1200||41031006","P |01|CT1200||41031006","P |01|CT1200||41031006","P |01|CT1200||41031006","P |01|CT1200||41031006","P |01|CT1200||41031006","P |01|CT1200||41031006","P |01|CT1200||41031","P |01|CT1200||4103","P |01|CT1200||41","P |01|CT1200||4","CONSERTOS E REPAROS                     ","CONSERTOS E REPAROS                     ","CONSERTOS E REPAROS                     ","CONSERTOS E REPAROS                     ","CONSERTOS E REPAROS                     ","CONSERTOS E REPAROS                     ","CONSERTOS E REPAROS                     ","SEDE                                    ","DESPESAS COM IMÓVEIS                    ","DESPEAS OPERACIONAIS                    ","DESPESAS                                ","41031006            ","41031006            ","41031006            ","41031006            ","41031006            ","41031006            ","41031006            ","41031               ","4103                ","41                  ","4                   ","P |01|AK5200||22006"
"41031               ","2","P |01|CT1200||41031007","P |01|CT1200||41031007","P |01|CT1200||41031007","P |01|CT1200||41031007","P |01|CT1200||41031007","P |01|CT1200||41031007","P |01|CT1200||41031007","P |01|CT1200||41031","P |01|CT1200||4103","P |01|CT1200||41","P |01|CT1200||4","MANUTENCAO AR CONDICIONADO              ","MANUTENCAO AR CONDICIONADO              ","MANUTENCAO AR CONDICIONADO              ","MANUTENCAO AR CONDICIONADO              ","MANUTENCAO AR CONDICIONADO              ","MANUTENCAO AR CONDICIONADO              ","MANUTENCAO AR CONDICIONADO              ","SEDE                                    ","DESPESAS COM IMÓVEIS                    ","DESPEAS OPERACIONAIS                    ","DESPESAS                                ","41031007            ","41031007            ","41031007            ","41031007            ","41031007            ","41031007            ","41031007            ","41031               ","4103                ","41                  ","4                   ","P |01|AK5200||22002"
"41031               ","2","P |01|CT1200||41031008","P |01|CT1200||41031008","P |01|CT1200||41031008","P |01|CT1200||41031008","P |01|CT1200||41031008","P |01|CT1200||41031008","P |01|CT1200||41031008","P |01|CT1200||41031","P |01|CT1200||4103","P |01|CT1200||41","P |01|CT1200||4","CONDOMÍNIO                              ","CONDOMÍNIO                              ","CONDOMÍNIO                              ","CONDOMÍNIO                              ","CONDOMÍNIO                              ","CONDOMÍNIO                              ","CONDOMÍNIO                              ","SEDE                                    ","DESPESAS COM IMÓVEIS                    ","DESPEAS OPERACIONAIS                    ","DESPESAS                                ","41031008            ","41031008            ","41031008            ","41031008            ","41031008            ","41031008            ","41031008            ","41031               ","4103                ","41                  ","4                   ","P |01|AK5200||22005"
"41031               ","2","P |01|CT1200||41031011","P |01|CT1200||41031011","P |01|CT1200||41031011","P |01|CT1200||41031011","P |01|CT1200||41031011","P |01|CT1200||41031011","P |01|CT1200||41031011","P |01|CT1200||41031","P |01|CT1200||4103","P |01|CT1200||41","P |01|CT1200||4","RECARGA EXTINTOR                        ","RECARGA EXTINTOR                        ","RECARGA EXTINTOR                        ","RECARGA EXTINTOR                        ","RECARGA EXTINTOR                        ","RECARGA EXTINTOR                        ","RECARGA EXTINTOR                        ","SEDE                                    ","DESPESAS COM IMÓVEIS                    ","DESPEAS OPERACIONAIS                    ","DESPESAS                                ","41031011            ","41031011            ","41031011            ","41031011            ","41031011            ","41031011            ","41031011            ","41031               ","4103                ","41                  ","4                   ","P |01|AK5200||22002"
"41031               ","2","P |01|CT1200||41031013","P |01|CT1200||41031013","P |01|CT1200||41031013","P |01|CT1200||41031013","P |01|CT1200||41031013","P |01|CT1200||41031013","P |01|CT1200||41031013","P |01|CT1200||41031","P |01|CT1200||4103","P |01|CT1200||41","P |01|CT1200||4","TAXA SERVICOS BOMBEIROS                 ","TAXA SERVICOS BOMBEIROS                 ","TAXA SERVICOS BOMBEIROS                 ","TAXA SERVICOS BOMBEIROS                 ","TAXA SERVICOS BOMBEIROS                 ","TAXA SERVICOS BOMBEIROS                 ","TAXA SERVICOS BOMBEIROS                 ","SEDE                                    ","DESPESAS COM IMÓVEIS                    ","DESPEAS OPERACIONAIS                    ","DESPESAS                                ","41031013            ","41031013            ","41031013            ","41031013            ","41031013            ","41031013            ","41031013            ","41031               ","4103                ","41                  ","4                   ","P |01|AK5200||22011"
"41031               ","2","P |01|CT1200||41031014","P |01|CT1200||41031014","P |01|CT1200||41031014","P |01|CT1200||41031014","P |01|CT1200||41031014","P |01|CT1200||41031014","P |01|CT1200||41031014","P |01|CT1200||41031","P |01|CT1200||4103","P |01|CT1200||41","P |01|CT1200||4","TRANSPORTADORA (MUDANCA)                ","TRANSPORTADORA (MUDANCA)                ","TRANSPORTADORA (MUDANCA)                ","TRANSPORTADORA (MUDANCA)                ","TRANSPORTADORA (MUDANCA)                ","TRANSPORTADORA (MUDANCA)                ","TRANSPORTADORA (MUDANCA)                ","SEDE                                    ","DESPESAS COM IMÓVEIS                    ","DESPEAS OPERACIONAIS                    ","DESPESAS                                ","41031014            ","41031014            ","41031014            ","41031014            ","41031014            ","41031014            ","41031014            ","41031               ","4103                ","41                  ","4                   ","P |01|AK5200||22013"
"41031               ","2","P |01|CT1200||41031016","P |01|CT1200||41031016","P |01|CT1200||41031016","P |01|CT1200||41031016","P |01|CT1200||41031016","P |01|CT1200||41031016","P |01|CT1200||41031016","P |01|CT1200||41031","P |01|CT1200||4103","P |01|CT1200||41","P |01|CT1200||4","SERVICOS DE JARDINAGEM                  ","SERVICOS DE JARDINAGEM                  ","SERVICOS DE JARDINAGEM                  ","SERVICOS DE JARDINAGEM                  ","SERVICOS DE JARDINAGEM                  ","SERVICOS DE JARDINAGEM                  ","SERVICOS DE JARDINAGEM                  ","SEDE                                    ","DESPESAS COM IMÓVEIS                    ","DESPEAS OPERACIONAIS                    ","DESPESAS                                ","41031016            ","41031016            ","41031016            ","41031016            ","41031016            ","41031016            ","41031016            ","41031               ","4103                ","41                  ","4                   ","P |01|AK5200||22008"
"41031               ","2","P |01|CT1200||41031017","P |01|CT1200||41031017","P |01|CT1200||41031017","P |01|CT1200||41031017","P |01|CT1200||41031017","P |01|CT1200||41031017","P |01|CT1200||41031017","P |01|CT1200||41031","P |01|CT1200||4103","P |01|CT1200||41","P |01|CT1200||4","GAS                                     ","GAS                                     ","GAS                                     ","GAS                                     ","GAS                                     ","GAS                                     ","GAS                                     ","SEDE                                    ","DESPESAS COM IMÓVEIS                    ","DESPEAS OPERACIONAIS                    ","DESPESAS                                ","41031017            ","41031017            ","41031017            ","41031017            ","41031017            ","41031017            ","41031017            ","41031               ","4103                ","41                  ","4                   ","P |01|AK5200||22013"
"41031               ","2","P |01|CT1200||41031018","P |01|CT1200||41031018","P |01|CT1200||41031018","P |01|CT1200||41031018","P |01|CT1200||41031018","P |01|CT1200||41031018","P |01|CT1200||41031018","P |01|CT1200||41031","P |01|CT1200||4103","P |01|CT1200||41","P |01|CT1200||4","ESTACIONAMENTO                          ","ESTACIONAMENTO                          ","ESTACIONAMENTO                          ","ESTACIONAMENTO                          ","ESTACIONAMENTO                          ","ESTACIONAMENTO                          ","ESTACIONAMENTO                          ","SEDE                                    ","DESPESAS COM IMÓVEIS                    ","DESPEAS OPERACIONAIS                    ","DESPESAS                                ","41031018            ","41031018            ","41031018            ","41031018            ","41031018            ","41031018            ","41031018            ","41031               ","4103                ","41                  ","4                   ","P |01|AK5200||22019"
"41031               ","2","P |01|CT1200||41031019","P |01|CT1200||41031019","P |01|CT1200||41031019","P |01|CT1200||41031019","P |01|CT1200||41031019","P |01|CT1200||41031019","P |01|CT1200||41031019","P |01|CT1200||41031","P |01|CT1200||4103","P |01|CT1200||41","P |01|CT1200||4","DESPESAS DIVERSAS COM NOVA SEDE         ","DESPESAS DIVERSAS COM NOVA SEDE         ","DESPESAS DIVERSAS COM NOVA SEDE         ","DESPESAS DIVERSAS COM NOVA SEDE         ","DESPESAS DIVERSAS COM NOVA SEDE         ","DESPESAS DIVERSAS COM NOVA SEDE         ","DESPESAS DIVERSAS COM NOVA SEDE         ","SEDE                                    ","DESPESAS COM IMÓVEIS                    ","DESPEAS OPERACIONAIS                    ","DESPESAS                                ","41031019            ","41031019            ","41031019            ","41031019            ","41031019            ","41031019            ","41031019            ","41031               ","4103                ","41                  ","4                   ","P |01|AK5200||22013"
"41031               ","2","P |01|CT1200||41031020","P |01|CT1200||41031020","P |01|CT1200||41031020","P |01|CT1200||41031020","P |01|CT1200||41031020","P |01|CT1200||41031020","P |01|CT1200||41031020","P |01|CT1200||41031","P |01|CT1200||4103","P |01|CT1200||41","P |01|CT1200||4","MANUTENCAO DE IMOVEIS COM RET 4,65 E IR ","MANUTENCAO DE IMOVEIS COM RET 4,65 E IR ","MANUTENCAO DE IMOVEIS COM RET 4,65 E IR ","MANUTENCAO DE IMOVEIS COM RET 4,65 E IR ","MANUTENCAO DE IMOVEIS COM RET 4,65 E IR ","MANUTENCAO DE IMOVEIS COM RET 4,65 E IR ","MANUTENCAO DE IMOVEIS COM RET 4,65 E IR ","SEDE                                    ","DESPESAS COM IMÓVEIS                    ","DESPEAS OPERACIONAIS                    ","DESPESAS                                ","41031020            ","41031020            ","41031020            ","41031020            ","41031020            ","41031020            ","41031020            ","41031               ","4103                ","41                  ","4                   ","P |01|AK5200||22006"
"4104                ","1","P |01|CT1200||41041","P |01|CT1200||41041","P |01|CT1200||41041","P |01|CT1200||41041","P |01|CT1200||41041","P |01|CT1200||41041","P |01|CT1200||41041","P |01|CT1200||41041","P |01|CT1200||4104","P |01|CT1200||41","P |01|CT1200||4","DESPESAS COM VEÍCULOS                   ","DESPESAS COM VEÍCULOS                   ","DESPESAS COM VEÍCULOS                   ","DESPESAS COM VEÍCULOS                   ","DESPESAS COM VEÍCULOS                   ","DESPESAS COM VEÍCULOS                   ","DESPESAS COM VEÍCULOS                   ","DESPESAS COM VEÍCULOS                   ","DESPESAS COM BENS MÓVEIS                ","DESPEAS OPERACIONAIS                    ","DESPESAS                                ","41041               ","41041               ","41041               ","41041               ","41041               ","41041               ","41041               ","41041               ","4104                ","41                  ","4                   ","P |01|AK5200||"
"4104                ","1","P |01|CT1200||41042","P |01|CT1200||41042","P |01|CT1200||41042","P |01|CT1200||41042","P |01|CT1200||41042","P |01|CT1200||41042","P |01|CT1200||41042","P |01|CT1200||41042","P |01|CT1200||4104","P |01|CT1200||41","P |01|CT1200||4","MANUTENCAO/ALUGUEL EQUIPAMENTOS         ","MANUTENCAO/ALUGUEL EQUIPAMENTOS         ","MANUTENCAO/ALUGUEL EQUIPAMENTOS         ","MANUTENCAO/ALUGUEL EQUIPAMENTOS         ","MANUTENCAO/ALUGUEL EQUIPAMENTOS         ","MANUTENCAO/ALUGUEL EQUIPAMENTOS         ","MANUTENCAO/ALUGUEL EQUIPAMENTOS         ","MANUTENCAO/ALUGUEL EQUIPAMENTOS         ","DESPESAS COM BENS MÓVEIS                ","DESPEAS OPERACIONAIS                    ","DESPESAS                                ","41042               ","41042               ","41042               ","41042               ","41042               ","41042               ","41042               ","41042               ","4104                ","41                  ","4                   ","P |01|AK5200||"
"4104                ","1","P |01|CT1200||41043","P |01|CT1200||41043","P |01|CT1200||41043","P |01|CT1200||41043","P |01|CT1200||41043","P |01|CT1200||41043","P |01|CT1200||41043","P |01|CT1200||41043","P |01|CT1200||4104","P |01|CT1200||41","P |01|CT1200||4","DESPESAS COM SOFTWARES                  ","DESPESAS COM SOFTWARES                  ","DESPESAS COM SOFTWARES                  ","DESPESAS COM SOFTWARES                  ","DESPESAS COM SOFTWARES                  ","DESPESAS COM SOFTWARES                  ","DESPESAS COM SOFTWARES                  ","DESPESAS COM SOFTWARES                  ","DESPESAS COM BENS MÓVEIS                ","DESPEAS OPERACIONAIS                    ","DESPESAS                                ","41043               ","41043               ","41043               ","41043               ","41043               ","41043               ","41043               ","41043               ","4104                ","41                  ","4                   ","P |01|AK5200||"
"4104                ","1","P |01|CT1200||41044","P |01|CT1200||41044","P |01|CT1200||41044","P |01|CT1200||41044","P |01|CT1200||41044","P |01|CT1200||41044","P |01|CT1200||41044","P |01|CT1200||41044","P |01|CT1200||4104","P |01|CT1200||41","P |01|CT1200||4","AQUISICAO MOVEIS/EQUIP.NAO IMOBILIZAVEL ","AQUISICAO MOVEIS/EQUIP.NAO IMOBILIZAVEL ","AQUISICAO MOVEIS/EQUIP.NAO IMOBILIZAVEL ","AQUISICAO MOVEIS/EQUIP.NAO IMOBILIZAVEL ","AQUISICAO MOVEIS/EQUIP.NAO IMOBILIZAVEL ","AQUISICAO MOVEIS/EQUIP.NAO IMOBILIZAVEL ","AQUISICAO MOVEIS/EQUIP.NAO IMOBILIZAVEL ","AQUISICAO MOVEIS/EQUIP.NAO IMOBILIZAVEL ","DESPESAS COM BENS MÓVEIS                ","DESPEAS OPERACIONAIS                    ","DESPESAS                                ","41044               ","41044               ","41044               ","41044               ","41044               ","41044               ","41044               ","41044               ","4104                ","41                  ","4                   ","P |01|AK5200||"
"41041               ","2","P |01|CT1200||41041001","P |01|CT1200||41041001","P |01|CT1200||41041001","P |01|CT1200||41041001","P |01|CT1200||41041001","P |01|CT1200||41041001","P |01|CT1200||41041001","P |01|CT1200||41041","P |01|CT1200||4104","P |01|CT1200||41","P |01|CT1200||4","MANUTENCAO E REPAROS VEICULOS           ","MANUTENCAO E REPAROS VEICULOS           ","MANUTENCAO E REPAROS VEICULOS           ","MANUTENCAO E REPAROS VEICULOS           ","MANUTENCAO E REPAROS VEICULOS           ","MANUTENCAO E REPAROS VEICULOS           ","MANUTENCAO E REPAROS VEICULOS           ","DESPESAS COM VEÍCULOS                   ","DESPESAS COM BENS MÓVEIS                ","DESPEAS OPERACIONAIS                    ","DESPESAS                                ","41041001            ","41041001            ","41041001            ","41041001            ","41041001            ","41041001            ","41041001            ","41041               ","4104                ","41                  ","4                   ","P |01|AK5200||22014"
"41041               ","2","P |01|CT1200||41041002","P |01|CT1200||41041002","P |01|CT1200||41041002","P |01|CT1200||41041002","P |01|CT1200||41041002","P |01|CT1200||41041002","P |01|CT1200||41041002","P |01|CT1200||41041","P |01|CT1200||4104","P |01|CT1200||41","P |01|CT1200||4","IPVA                                    ","IPVA                                    ","IPVA                                    ","IPVA                                    ","IPVA                                    ","IPVA                                    ","IPVA                                    ","DESPESAS COM VEÍCULOS                   ","DESPESAS COM BENS MÓVEIS                ","DESPEAS OPERACIONAIS                    ","DESPESAS                                ","41041002            ","41041002            ","41041002            ","41041002            ","41041002            ","41041002            ","41041002            ","41041               ","4104                ","41                  ","4                   ","P |01|AK5200||22015"
"41041               ","2","P |01|CT1200||41041003","P |01|CT1200||41041003","P |01|CT1200||41041003","P |01|CT1200||41041003","P |01|CT1200||41041003","P |01|CT1200||41041003","P |01|CT1200||41041003","P |01|CT1200||41041","P |01|CT1200||4104","P |01|CT1200||41","P |01|CT1200||4","SEGURO VEICULO                          ","SEGURO VEICULO                          ","SEGURO VEICULO                          ","SEGURO VEICULO                          ","SEGURO VEICULO                          ","SEGURO VEICULO                          ","SEGURO VEICULO                          ","DESPESAS COM VEÍCULOS                   ","DESPESAS COM BENS MÓVEIS                ","DESPEAS OPERACIONAIS                    ","DESPESAS                                ","41041003            ","41041003            ","41041003            ","41041003            ","41041003            ","41041003            ","41041003            ","41041               ","4104                ","41                  ","4                   ","P |01|AK5200||22017"
"41041               ","2","P |01|CT1200||41041004","P |01|CT1200||41041004","P |01|CT1200||41041004","P |01|CT1200||41041004","P |01|CT1200||41041004","P |01|CT1200||41041004","P |01|CT1200||41041004","P |01|CT1200||41041","P |01|CT1200||4104","P |01|CT1200||41","P |01|CT1200||4","LICENCIAMENTO                           ","LICENCIAMENTO                           ","LICENCIAMENTO                           ","LICENCIAMENTO                           ","LICENCIAMENTO                           ","LICENCIAMENTO                           ","LICENCIAMENTO                           ","DESPESAS COM VEÍCULOS                   ","DESPESAS COM BENS MÓVEIS                ","DESPEAS OPERACIONAIS                    ","DESPESAS                                ","41041004            ","41041004            ","41041004            ","41041004            ","41041004            ","41041004            ","41041004            ","41041               ","4104                ","41                  ","4                   ","P |01|AK5200||22015"
"41041               ","2","P |01|CT1200||41041005","P |01|CT1200||41041005","P |01|CT1200||41041005","P |01|CT1200||41041005","P |01|CT1200||41041005","P |01|CT1200||41041005","P |01|CT1200||41041005","P |01|CT1200||41041","P |01|CT1200||4104","P |01|CT1200||41","P |01|CT1200||4","COMBUSTIVEL                             ","COMBUSTIVEL                             ","COMBUSTIVEL                             ","COMBUSTIVEL                             ","COMBUSTIVEL                             ","COMBUSTIVEL                             ","COMBUSTIVEL                             ","DESPESAS COM VEÍCULOS                   ","DESPESAS COM BENS MÓVEIS                ","DESPEAS OPERACIONAIS                    ","DESPESAS                                ","41041005            ","41041005            ","41041005            ","41041005            ","41041005            ","41041005            ","41041005            ","41041               ","4104                ","41                  ","4                   ","P |01|AK5200||22014"
"41041               ","2","P |01|CT1200||41041007","P |01|CT1200||41041007","P |01|CT1200||41041007","P |01|CT1200||41041007","P |01|CT1200||41041007","P |01|CT1200||41041007","P |01|CT1200||41041007","P |01|CT1200||41041","P |01|CT1200||4104","P |01|CT1200||41","P |01|CT1200||4","LOCACAO VEICULO                         ","LOCACAO VEICULO                         ","LOCACAO VEICULO                         ","LOCACAO VEICULO                         ","LOCACAO VEICULO                         ","LOCACAO VEICULO                         ","LOCACAO VEICULO                         ","DESPESAS COM VEÍCULOS                   ","DESPESAS COM BENS MÓVEIS                ","DESPEAS OPERACIONAIS                    ","DESPESAS                                ","41041007            ","41041007            ","41041007            ","41041007            ","41041007            ","41041007            ","41041007            ","41041               ","4104                ","41                  ","4                   ","P |01|AK5200||20501"
"41041               ","2","P |01|CT1200||41041008","P |01|CT1200||41041008","P |01|CT1200||41041008","P |01|CT1200||41041008","P |01|CT1200||41041008","P |01|CT1200||41041008","P |01|CT1200||41041008","P |01|CT1200||41041","P |01|CT1200||4104","P |01|CT1200||41","P |01|CT1200||4","MULTA TRANSITO                          ","MULTA TRANSITO                          ","MULTA TRANSITO                          ","MULTA TRANSITO                          ","MULTA TRANSITO                          ","MULTA TRANSITO                          ","MULTA TRANSITO                          ","DESPESAS COM VEÍCULOS                   ","DESPESAS COM BENS MÓVEIS                ","DESPEAS OPERACIONAIS                    ","DESPESAS                                ","41041008            ","41041008            ","41041008            ","41041008            ","41041008            ","41041008            ","41041008            ","41041               ","4104                ","41                  ","4                   ","P |01|AK5200||22018"
"41041               ","2","P |01|CT1200||41041009","P |01|CT1200||41041009","P |01|CT1200||41041009","P |01|CT1200||41041009","P |01|CT1200||41041009","P |01|CT1200||41041009","P |01|CT1200||41041009","P |01|CT1200||41041","P |01|CT1200||4104","P |01|CT1200||41","P |01|CT1200||4","SERVICOS COM DESPACHANTES               ","SERVICOS COM DESPACHANTES               ","SERVICOS COM DESPACHANTES               ","SERVICOS COM DESPACHANTES               ","SERVICOS COM DESPACHANTES               ","SERVICOS COM DESPACHANTES               ","SERVICOS COM DESPACHANTES               ","DESPESAS COM VEÍCULOS                   ","DESPESAS COM BENS MÓVEIS                ","DESPEAS OPERACIONAIS                    ","DESPESAS                                ","41041009            ","41041009            ","41041009            ","41041009            ","41041009            ","41041009            ","41041009            ","41041               ","4104                ","41                  ","4                   ","P |01|AK5200||22016"
"41042               ","2","P |01|CT1200||41042002","P |01|CT1200||41042002","P |01|CT1200||41042002","P |01|CT1200||41042002","P |01|CT1200||41042002","P |01|CT1200||41042002","P |01|CT1200||41042002","P |01|CT1200||41042","P |01|CT1200||4104","P |01|CT1200||41","P |01|CT1200||4","MANUTENCAO SOFTWARE                     ","MANUTENCAO SOFTWARE                     ","MANUTENCAO SOFTWARE                     ","MANUTENCAO SOFTWARE                     ","MANUTENCAO SOFTWARE                     ","MANUTENCAO SOFTWARE                     ","MANUTENCAO SOFTWARE                     ","MANUTENCAO/ALUGUEL EQUIPAMENTOS         ","DESPESAS COM BENS MÓVEIS                ","DESPEAS OPERACIONAIS                    ","DESPESAS                                ","41042002            ","41042002            ","41042002            ","41042002            ","41042002            ","41042002            ","41042002            ","41042               ","4104                ","41                  ","4                   ","P |01|AK5200||22003"
"41042               ","2","P |01|CT1200||41042003","P |01|CT1200||41042003","P |01|CT1200||41042003","P |01|CT1200||41042003","P |01|CT1200||41042003","P |01|CT1200||41042003","P |01|CT1200||41042003","P |01|CT1200||41042","P |01|CT1200||4104","P |01|CT1200||41","P |01|CT1200||4","MANUTENCAO MOVEIS E EQUIPAMENTOS        ","MANUTENCAO MOVEIS E EQUIPAMENTOS        ","MANUTENCAO MOVEIS E EQUIPAMENTOS        ","MANUTENCAO MOVEIS E EQUIPAMENTOS        ","MANUTENCAO MOVEIS E EQUIPAMENTOS        ","MANUTENCAO MOVEIS E EQUIPAMENTOS        ","MANUTENCAO MOVEIS E EQUIPAMENTOS        ","MANUTENCAO/ALUGUEL EQUIPAMENTOS         ","DESPESAS COM BENS MÓVEIS                ","DESPEAS OPERACIONAIS                    ","DESPESAS                                ","41042003            ","41042003            ","41042003            ","41042003            ","41042003            ","41042003            ","41042003            ","41042               ","4104                ","41                  ","4                   ","P |01|AK5200||22002"
"41042               ","2","P |01|CT1200||41042004","P |01|CT1200||41042004","P |01|CT1200||41042004","P |01|CT1200||41042004","P |01|CT1200||41042004","P |01|CT1200||41042004","P |01|CT1200||41042004","P |01|CT1200||41042","P |01|CT1200||4104","P |01|CT1200||41","P |01|CT1200||4","ALUGUEL EQUIPAMENTOS                    ","ALUGUEL EQUIPAMENTOS                    ","ALUGUEL EQUIPAMENTOS                    ","ALUGUEL EQUIPAMENTOS                    ","ALUGUEL EQUIPAMENTOS                    ","ALUGUEL EQUIPAMENTOS                    ","ALUGUEL EQUIPAMENTOS                    ","MANUTENCAO/ALUGUEL EQUIPAMENTOS         ","DESPESAS COM BENS MÓVEIS                ","DESPEAS OPERACIONAIS                    ","DESPESAS                                ","41042004            ","41042004            ","41042004            ","41042004            ","41042004            ","41042004            ","41042004            ","41042               ","4104                ","41                  ","4                   ","P |01|AK5200||22001"
"41042               ","2","P |01|CT1200||41042005","P |01|CT1200||41042005","P |01|CT1200||41042005","P |01|CT1200||41042005","P |01|CT1200||41042005","P |01|CT1200||41042005","P |01|CT1200||41042005","P |01|CT1200||41042","P |01|CT1200||4104","P |01|CT1200||41","P |01|CT1200||4","SEGURANCA USO SISTEMAS                  ","SEGURANCA USO SISTEMAS                  ","SEGURANCA USO SISTEMAS                  ","SEGURANCA USO SISTEMAS                  ","SEGURANCA USO SISTEMAS                  ","SEGURANCA USO SISTEMAS                  ","SEGURANCA USO SISTEMAS                  ","MANUTENCAO/ALUGUEL EQUIPAMENTOS         ","DESPESAS COM BENS MÓVEIS                ","DESPEAS OPERACIONAIS                    ","DESPESAS                                ","41042005            ","41042005            ","41042005            ","41042005            ","41042005            ","41042005            ","41042005            ","41042               ","4104                ","41                  ","4                   ","P |01|AK5200||22003"
"41043               ","2","P |01|CT1200||41043001","P |01|CT1200||41043001","P |01|CT1200||41043001","P |01|CT1200||41043001","P |01|CT1200||41043001","P |01|CT1200||41043001","P |01|CT1200||41043001","P |01|CT1200||41043","P |01|CT1200||4104","P |01|CT1200||41","P |01|CT1200||4","ALUGUEL DE SISTEMAS                     ","ALUGUEL DE SISTEMAS                     ","ALUGUEL DE SISTEMAS                     ","ALUGUEL DE SISTEMAS                     ","ALUGUEL DE SISTEMAS                     ","ALUGUEL DE SISTEMAS                     ","ALUGUEL DE SISTEMAS                     ","DESPESAS COM SOFTWARES                  ","DESPESAS COM BENS MÓVEIS                ","DESPEAS OPERACIONAIS                    ","DESPESAS                                ","41043001            ","41043001            ","41043001            ","41043001            ","41043001            ","41043001            ","41043001            ","41043               ","4104                ","41                  ","4                   ","P |01|AK5200||22003"
"41044               ","2","P |01|CT1200||41044001","P |01|CT1200||41044001","P |01|CT1200||41044001","P |01|CT1200||41044001","P |01|CT1200||41044001","P |01|CT1200||41044001","P |01|CT1200||41044001","P |01|CT1200||41044","P |01|CT1200||4104","P |01|CT1200||41","P |01|CT1200||4","MOVEIS E UTENSILIOS PEQ.VALOR           ","MOVEIS E UTENSILIOS PEQ.VALOR           ","MOVEIS E UTENSILIOS PEQ.VALOR           ","MOVEIS E UTENSILIOS PEQ.VALOR           ","MOVEIS E UTENSILIOS PEQ.VALOR           ","MOVEIS E UTENSILIOS PEQ.VALOR           ","MOVEIS E UTENSILIOS PEQ.VALOR           ","AQUISICAO MOVEIS/EQUIP.NAO IMOBILIZAVEL ","DESPESAS COM BENS MÓVEIS                ","DESPEAS OPERACIONAIS                    ","DESPESAS                                ","41044001            ","41044001            ","41044001            ","41044001            ","41044001            ","41044001            ","41044001            ","41044               ","4104                ","41                  ","4                   ","P |01|AK5200||22025"
"4105                ","1","P |01|CT1200||41051","P |01|CT1200||41051","P |01|CT1200||41051","P |01|CT1200||41051","P |01|CT1200||41051","P |01|CT1200||41051","P |01|CT1200||41051","P |01|CT1200||41051","P |01|CT1200||4105","P |01|CT1200||41","P |01|CT1200||4","DESPESAS DE COMUNICACAO                 ","DESPESAS DE COMUNICACAO                 ","DESPESAS DE COMUNICACAO                 ","DESPESAS DE COMUNICACAO                 ","DESPESAS DE COMUNICACAO                 ","DESPESAS DE COMUNICACAO                 ","DESPESAS DE COMUNICACAO                 ","DESPESAS DE COMUNICACAO                 ","DESPESAS DE COMUNICACAO E TRANSPORTES   ","DESPEAS OPERACIONAIS                    ","DESPESAS                                ","41051               ","41051               ","41051               ","41051               ","41051               ","41051               ","41051               ","41051               ","4105                ","41                  ","4                   ","P |01|AK5200||"
"4105                ","1","P |01|CT1200||41052","P |01|CT1200||41052","P |01|CT1200||41052","P |01|CT1200||41052","P |01|CT1200||41052","P |01|CT1200||41052","P |01|CT1200||41052","P |01|CT1200||41052","P |01|CT1200||4105","P |01|CT1200||41","P |01|CT1200||4","DESPESAS DE TRANSPORTES                 ","DESPESAS DE TRANSPORTES                 ","DESPESAS DE TRANSPORTES                 ","DESPESAS DE TRANSPORTES                 ","DESPESAS DE TRANSPORTES                 ","DESPESAS DE TRANSPORTES                 ","DESPESAS DE TRANSPORTES                 ","DESPESAS DE TRANSPORTES                 ","DESPESAS DE COMUNICACAO E TRANSPORTES   ","DESPEAS OPERACIONAIS                    ","DESPESAS                                ","41052               ","41052               ","41052               ","41052               ","41052               ","41052               ","41052               ","41052               ","4105                ","41                  ","4                   ","P |01|AK5200||"
"41051               ","2","P |01|CT1200||41051001","P |01|CT1200||41051001","P |01|CT1200||41051001","P |01|CT1200||41051001","P |01|CT1200||41051001","P |01|CT1200||41051001","P |01|CT1200||41051001","P |01|CT1200||41051","P |01|CT1200||4105","P |01|CT1200||41","P |01|CT1200||4","TELEFONES FIXOS                         ","TELEFONES FIXOS                         ","TELEFONES FIXOS                         ","TELEFONES FIXOS                         ","TELEFONES FIXOS                         ","TELEFONES FIXOS                         ","TELEFONES FIXOS                         ","DESPESAS DE COMUNICACAO                 ","DESPESAS DE COMUNICACAO E TRANSPORTES   ","DESPEAS OPERACIONAIS                    ","DESPESAS                                ","41051001            ","41051001            ","41051001            ","41051001            ","41051001            ","41051001            ","41051001            ","41051               ","4105                ","41                  ","4                   ","P |01|AK5200||22026"
"41051               ","2","P |01|CT1200||41051002","P |01|CT1200||41051002","P |01|CT1200||41051002","P |01|CT1200||41051002","P |01|CT1200||41051002","P |01|CT1200||41051002","P |01|CT1200||41051002","P |01|CT1200||41051","P |01|CT1200||4105","P |01|CT1200||41","P |01|CT1200||4","TELEFONES MOVEIS                        ","TELEFONES MOVEIS                        ","TELEFONES MOVEIS                        ","TELEFONES MOVEIS                        ","TELEFONES MOVEIS                        ","TELEFONES MOVEIS                        ","TELEFONES MOVEIS                        ","DESPESAS DE COMUNICACAO                 ","DESPESAS DE COMUNICACAO E TRANSPORTES   ","DESPEAS OPERACIONAIS                    ","DESPESAS                                ","41051002            ","41051002            ","41051002            ","41051002            ","41051002            ","41051002            ","41051002            ","41051               ","4105                ","41                  ","4                   ","P |01|AK5200||22027"
"41051               ","2","P |01|CT1200||41051003","P |01|CT1200||41051003","P |01|CT1200||41051003","P |01|CT1200||41051003","P |01|CT1200||41051003","P |01|CT1200||41051003","P |01|CT1200||41051003","P |01|CT1200||41051","P |01|CT1200||4105","P |01|CT1200||41","P |01|CT1200||4","LINKS E INTERNET                        ","LINKS E INTERNET                        ","LINKS E INTERNET                        ","LINKS E INTERNET                        ","LINKS E INTERNET                        ","LINKS E INTERNET                        ","LINKS E INTERNET                        ","DESPESAS DE COMUNICACAO                 ","DESPESAS DE COMUNICACAO E TRANSPORTES   ","DESPEAS OPERACIONAIS                    ","DESPESAS                                ","41051003            ","41051003            ","41051003            ","41051003            ","41051003            ","41051003            ","41051003            ","41051               ","4105                ","41                  ","4                   ","P |01|AK5200||22028"
"41051               ","2","P |01|CT1200||41051004","P |01|CT1200||41051004","P |01|CT1200||41051004","P |01|CT1200||41051004","P |01|CT1200||41051004","P |01|CT1200||41051004","P |01|CT1200||41051004","P |01|CT1200||41051","P |01|CT1200||4105","P |01|CT1200||41","P |01|CT1200||4","MALOTES                                 ","MALOTES                                 ","MALOTES                                 ","MALOTES                                 ","MALOTES                                 ","MALOTES                                 ","MALOTES                                 ","DESPESAS DE COMUNICACAO                 ","DESPESAS DE COMUNICACAO E TRANSPORTES   ","DESPEAS OPERACIONAIS                    ","DESPESAS                                ","41051004            ","41051004            ","41051004            ","41051004            ","41051004            ","41051004            ","41051004            ","41051               ","4105                ","41                  ","4                   ","P |01|AK5200||22029"
"41051               ","2","P |01|CT1200||41051005","P |01|CT1200||41051005","P |01|CT1200||41051005","P |01|CT1200||41051005","P |01|CT1200||41051005","P |01|CT1200||41051005","P |01|CT1200||41051005","P |01|CT1200||41051","P |01|CT1200||4105","P |01|CT1200||41","P |01|CT1200||4","CORREIOS DIVERSOS                       ","CORREIOS DIVERSOS                       ","CORREIOS DIVERSOS                       ","CORREIOS DIVERSOS                       ","CORREIOS DIVERSOS                       ","CORREIOS DIVERSOS                       ","CORREIOS DIVERSOS                       ","DESPESAS DE COMUNICACAO                 ","DESPESAS DE COMUNICACAO E TRANSPORTES   ","DESPEAS OPERACIONAIS                    ","DESPESAS                                ","41051005            ","41051005            ","41051005            ","41051005            ","41051005            ","41051005            ","41051005            ","41051               ","4105                ","41                  ","4                   ","P |01|AK5200||22029"
"41052               ","2","P |01|CT1200||41052001","P |01|CT1200||41052001","P |01|CT1200||41052001","P |01|CT1200||41052001","P |01|CT1200||41052001","P |01|CT1200||41052001","P |01|CT1200||41052001","P |01|CT1200||41052","P |01|CT1200||4105","P |01|CT1200||41","P |01|CT1200||4","SERVICOS DE ENTREGA                     ","SERVICOS DE ENTREGA                     ","SERVICOS DE ENTREGA                     ","SERVICOS DE ENTREGA                     ","SERVICOS DE ENTREGA                     ","SERVICOS DE ENTREGA                     ","SERVICOS DE ENTREGA                     ","DESPESAS DE TRANSPORTES                 ","DESPESAS DE COMUNICACAO E TRANSPORTES   ","DESPEAS OPERACIONAIS                    ","DESPESAS                                ","41052001            ","41052001            ","41052001            ","41052001            ","41052001            ","41052001            ","41052001            ","41052               ","4105                ","41                  ","4                   ","P |01|AK5200||22029"
"41052               ","2","P |01|CT1200||41052002","P |01|CT1200||41052002","P |01|CT1200||41052002","P |01|CT1200||41052002","P |01|CT1200||41052002","P |01|CT1200||41052002","P |01|CT1200||41052002","P |01|CT1200||41052","P |01|CT1200||4105","P |01|CT1200||41","P |01|CT1200||4","OUTROS TRANSPORTES                      ","OUTROS TRANSPORTES                      ","OUTROS TRANSPORTES                      ","OUTROS TRANSPORTES                      ","OUTROS TRANSPORTES                      ","OUTROS TRANSPORTES                      ","OUTROS TRANSPORTES                      ","DESPESAS DE TRANSPORTES                 ","DESPESAS DE COMUNICACAO E TRANSPORTES   ","DESPEAS OPERACIONAIS                    ","DESPESAS                                ","41052002            ","41052002            ","41052002            ","41052002            ","41052002            ","41052002            ","41052002            ","41052               ","4105                ","41                  ","4                   ","P |01|AK5200||22029"
"4106                ","1","P |01|CT1200||41061","P |01|CT1200||41061","P |01|CT1200||41061","P |01|CT1200||41061","P |01|CT1200||41061","P |01|CT1200||41061","P |01|CT1200||41061","P |01|CT1200||41061","P |01|CT1200||4106","P |01|CT1200||41","P |01|CT1200||4","MARKETING                               ","MARKETING                               ","MARKETING                               ","MARKETING                               ","MARKETING                               ","MARKETING                               ","MARKETING                               ","MARKETING                               ","DESPESAS DE MARKETING                   ","DESPEAS OPERACIONAIS                    ","DESPESAS                                ","41061               ","41061               ","41061               ","41061               ","41061               ","41061               ","41061               ","41061               ","4106                ","41                  ","4                   ","P |01|AK5200||"
"4106                ","1","P |01|CT1200||41062","P |01|CT1200||41062","P |01|CT1200||41062","P |01|CT1200||41062","P |01|CT1200||41062","P |01|CT1200||41062","P |01|CT1200||41062","P |01|CT1200||41062","P |01|CT1200||4106","P |01|CT1200||41","P |01|CT1200||4","EVENTOS                                 ","EVENTOS                                 ","EVENTOS                                 ","EVENTOS                                 ","EVENTOS                                 ","EVENTOS                                 ","EVENTOS                                 ","EVENTOS                                 ","DESPESAS DE MARKETING                   ","DESPEAS OPERACIONAIS                    ","DESPESAS                                ","41062               ","41062               ","41062               ","41062               ","41062               ","41062               ","41062               ","41062               ","4106                ","41                  ","4                   ","P |01|AK5200||"
"41061               ","2","P |01|CT1200||41061001","P |01|CT1200||41061001","P |01|CT1200||41061001","P |01|CT1200||41061001","P |01|CT1200||41061001","P |01|CT1200||41061001","P |01|CT1200||41061001","P |01|CT1200||41061","P |01|CT1200||4106","P |01|CT1200||41","P |01|CT1200||4","ANUNCIOS E PUBLICIDADE                  ","ANUNCIOS E PUBLICIDADE                  ","ANUNCIOS E PUBLICIDADE                  ","ANUNCIOS E PUBLICIDADE                  ","ANUNCIOS E PUBLICIDADE                  ","ANUNCIOS E PUBLICIDADE                  ","ANUNCIOS E PUBLICIDADE                  ","MARKETING                               ","DESPESAS DE MARKETING                   ","DESPEAS OPERACIONAIS                    ","DESPESAS                                ","41061001            ","41061001            ","41061001            ","41061001            ","41061001            ","41061001            ","41061001            ","41061               ","4106                ","41                  ","4                   ","P |01|AK5200||20602"
"41061               ","2","P |01|CT1200||41061003","P |01|CT1200||41061003","P |01|CT1200||41061003","P |01|CT1200||41061003","P |01|CT1200||41061003","P |01|CT1200||41061003","P |01|CT1200||41061003","P |01|CT1200||41061","P |01|CT1200||4106","P |01|CT1200||41","P |01|CT1200||4","MATERIAL/PROD.APOIO A VENDAS            ","MATERIAL/PROD.APOIO A VENDAS            ","MATERIAL/PROD.APOIO A VENDAS            ","MATERIAL/PROD.APOIO A VENDAS            ","MATERIAL/PROD.APOIO A VENDAS            ","MATERIAL/PROD.APOIO A VENDAS            ","MATERIAL/PROD.APOIO A VENDAS            ","MARKETING                               ","DESPESAS DE MARKETING                   ","DESPEAS OPERACIONAIS                    ","DESPESAS                                ","41061003            ","41061003            ","41061003            ","41061003            ","41061003            ","41061003            ","41061003            ","41061               ","4106                ","41                  ","4                   ","P |01|AK5200||20603"
"41061               ","2","P |01|CT1200||41061005","P |01|CT1200||41061005","P |01|CT1200||41061005","P |01|CT1200||41061005","P |01|CT1200||41061005","P |01|CT1200||41061005","P |01|CT1200||41061005","P |01|CT1200||41061","P |01|CT1200||4106","P |01|CT1200||41","P |01|CT1200||4","BRINDES  MARKETING                      ","BRINDES  MARKETING                      ","BRINDES  MARKETING                      ","BRINDES  MARKETING                      ","BRINDES  MARKETING                      ","BRINDES  MARKETING                      ","BRINDES  MARKETING                      ","MARKETING                               ","DESPESAS DE MARKETING                   ","DESPEAS OPERACIONAIS                    ","DESPESAS                                ","41061005            ","41061005            ","41061005            ","41061005            ","41061005            ","41061005            ","41061005            ","41061               ","4106                ","41                  ","4                   ","P |01|AK5200||20604"
"41061               ","2","P |01|CT1200||41061007","P |01|CT1200||41061007","P |01|CT1200||41061007","P |01|CT1200||41061007","P |01|CT1200||41061007","P |01|CT1200||41061007","P |01|CT1200||41061007","P |01|CT1200||41061","P |01|CT1200||4106","P |01|CT1200||41","P |01|CT1200||4","FEIRAS E EVENTOS                        ","FEIRAS E EVENTOS                        ","FEIRAS E EVENTOS                        ","FEIRAS E EVENTOS                        ","FEIRAS E EVENTOS                        ","FEIRAS E EVENTOS                        ","FEIRAS E EVENTOS                        ","MARKETING                               ","DESPESAS DE MARKETING                   ","DESPEAS OPERACIONAIS                    ","DESPESAS                                ","41061007            ","41061007            ","41061007            ","41061007            ","41061007            ","41061007            ","41061007            ","41061               ","4106                ","41                  ","4                   ","P |01|AK5200||20601"
"41061               ","2","P |01|CT1200||41061009","P |01|CT1200||41061009","P |01|CT1200||41061009","P |01|CT1200||41061009","P |01|CT1200||41061009","P |01|CT1200||41061009","P |01|CT1200||41061009","P |01|CT1200||41061","P |01|CT1200||4106","P |01|CT1200||41","P |01|CT1200||4","PATROCINIO                              ","PATROCINIO                              ","PATROCINIO                              ","PATROCINIO                              ","PATROCINIO                              ","PATROCINIO                              ","PATROCINIO                              ","MARKETING                               ","DESPESAS DE MARKETING                   ","DESPEAS OPERACIONAIS                    ","DESPESAS                                ","41061009            ","41061009            ","41061009            ","41061009            ","41061009            ","41061009            ","41061009            ","41061               ","4106                ","41                  ","4                   ","P |01|AK5200||20604"
"41061               ","2","P |01|CT1200||41061010","P |01|CT1200||41061010","P |01|CT1200||41061010","P |01|CT1200||41061010","P |01|CT1200||41061010","P |01|CT1200||41061010","P |01|CT1200||41061010","P |01|CT1200||41061","P |01|CT1200||4106","P |01|CT1200||41","P |01|CT1200||4","ASSESSORIA DE IMPRENSA                  ","ASSESSORIA DE IMPRENSA                  ","ASSESSORIA DE IMPRENSA                  ","ASSESSORIA DE IMPRENSA                  ","ASSESSORIA DE IMPRENSA                  ","ASSESSORIA DE IMPRENSA                  ","ASSESSORIA DE IMPRENSA                  ","MARKETING                               ","DESPESAS DE MARKETING                   ","DESPEAS OPERACIONAIS                    ","DESPESAS                                ","41061010            ","41061010            ","41061010            ","41061010            ","41061010            ","41061010            ","41061010            ","41061               ","4106                ","41                  ","4                   ","P |01|AK5200||20602"
"41062               ","2","P |01|CT1200||41062013","P |01|CT1200||41062013","P |01|CT1200||41062013","P |01|CT1200||41062013","P |01|CT1200||41062013","P |01|CT1200||41062013","P |01|CT1200||41062013","P |01|CT1200||41062","P |01|CT1200||4106","P |01|CT1200||41","P |01|CT1200||4","ASSESSORIA/IMPRENSA                     ","ASSESSORIA/IMPRENSA                     ","ASSESSORIA/IMPRENSA                     ","ASSESSORIA/IMPRENSA                     ","ASSESSORIA/IMPRENSA                     ","ASSESSORIA/IMPRENSA                     ","ASSESSORIA/IMPRENSA                     ","EVENTOS                                 ","DESPESAS DE MARKETING                   ","DESPEAS OPERACIONAIS                    ","DESPESAS                                ","41062013            ","41062013            ","41062013            ","41062013            ","41062013            ","41062013            ","41062013            ","41062               ","4106                ","41                  ","4                   ","P |01|AK5200||20601"
"4107                ","1","P |01|CT1200||41072","P |01|CT1200||41072","P |01|CT1200||41072","P |01|CT1200||41072","P |01|CT1200||41072","P |01|CT1200||41072","P |01|CT1200||41072","P |01|CT1200||41072","P |01|CT1200||4107","P |01|CT1200||41","P |01|CT1200||4","DESPESAS COM VIAGENS                    ","DESPESAS COM VIAGENS                    ","DESPESAS COM VIAGENS                    ","DESPESAS COM VIAGENS                    ","DESPESAS COM VIAGENS                    ","DESPESAS COM VIAGENS                    ","DESPESAS COM VIAGENS                    ","DESPESAS COM VIAGENS                    ","DESPESAS DE VIAGENS                     ","DESPEAS OPERACIONAIS                    ","DESPESAS                                ","41072               ","41072               ","41072               ","41072               ","41072               ","41072               ","41072               ","41072               ","4107                ","41                  ","4                   ","P |01|AK5200||"
"41072               ","2","P |01|CT1200||41072001","P |01|CT1200||41072001","P |01|CT1200||41072001","P |01|CT1200||41072001","P |01|CT1200||41072001","P |01|CT1200||41072001","P |01|CT1200||41072001","P |01|CT1200||41072","P |01|CT1200||4107","P |01|CT1200||41","P |01|CT1200||4","VIAGENS                                 ","VIAGENS                                 ","VIAGENS                                 ","VIAGENS                                 ","VIAGENS                                 ","VIAGENS                                 ","VIAGENS                                 ","DESPESAS COM VIAGENS                    ","DESPESAS DE VIAGENS                     ","DESPEAS OPERACIONAIS                    ","DESPESAS                                ","41072001            ","41072001            ","41072001            ","41072001            ","41072001            ","41072001            ","41072001            ","41072               ","4107                ","41                  ","4                   ","P |01|AK5200||20501"
"41072               ","2","P |01|CT1200||41072012","P |01|CT1200||41072012","P |01|CT1200||41072012","P |01|CT1200||41072012","P |01|CT1200||41072012","P |01|CT1200||41072012","P |01|CT1200||41072012","P |01|CT1200||41072","P |01|CT1200||4107","P |01|CT1200||41","P |01|CT1200||4","VEICULOS LOCADO                         ","VEICULOS LOCADO                         ","VEICULOS LOCADO                         ","VEICULOS LOCADO                         ","VEICULOS LOCADO                         ","VEICULOS LOCADO                         ","VEICULOS LOCADO                         ","DESPESAS COM VIAGENS                    ","DESPESAS DE VIAGENS                     ","DESPEAS OPERACIONAIS                    ","DESPESAS                                ","41072012            ","41072012            ","41072012            ","41072012            ","41072012            ","41072012            ","41072012            ","41072               ","4107                ","41                  ","4                   ","P |01|AK5200||20501"
"4108                ","1","P |01|CT1200||41081","P |01|CT1200||41081","P |01|CT1200||41081","P |01|CT1200||41081","P |01|CT1200||41081","P |01|CT1200||41081","P |01|CT1200||41081","P |01|CT1200||41081","P |01|CT1200||4108","P |01|CT1200||41","P |01|CT1200||4","DESPESAS COM RH                         ","DESPESAS COM RH                         ","DESPESAS COM RH                         ","DESPESAS COM RH                         ","DESPESAS COM RH                         ","DESPESAS COM RH                         ","DESPESAS COM RH                         ","DESPESAS COM RH                         ","DESPESAS COM RH                         ","DESPEAS OPERACIONAIS                    ","DESPESAS                                ","41081               ","41081               ","41081               ","41081               ","41081               ","41081               ","41081               ","41081               ","4108                ","41                  ","4                   ","P |01|AK5200||"
"41081               ","2","P |01|CT1200||41081001","P |01|CT1200||41081001","P |01|CT1200||41081001","P |01|CT1200||41081001","P |01|CT1200||41081001","P |01|CT1200||41081001","P |01|CT1200||41081001","P |01|CT1200||41081","P |01|CT1200||4108","P |01|CT1200||41","P |01|CT1200||4","TREINAMENTOS INTERNOS                   ","TREINAMENTOS INTERNOS                   ","TREINAMENTOS INTERNOS                   ","TREINAMENTOS INTERNOS                   ","TREINAMENTOS INTERNOS                   ","TREINAMENTOS INTERNOS                   ","TREINAMENTOS INTERNOS                   ","DESPESAS COM RH                         ","DESPESAS COM RH                         ","DESPEAS OPERACIONAIS                    ","DESPESAS                                ","41081001            ","41081001            ","41081001            ","41081001            ","41081001            ","41081001            ","41081001            ","41081               ","4108                ","41                  ","4                   ","P |01|AK5200||22039"
"41081               ","2","P |01|CT1200||41081002","P |01|CT1200||41081002","P |01|CT1200||41081002","P |01|CT1200||41081002","P |01|CT1200||41081002","P |01|CT1200||41081002","P |01|CT1200||41081002","P |01|CT1200||41081","P |01|CT1200||4108","P |01|CT1200||41","P |01|CT1200||4","ENDOMARKETING                           ","ENDOMARKETING                           ","ENDOMARKETING                           ","ENDOMARKETING                           ","ENDOMARKETING                           ","ENDOMARKETING                           ","ENDOMARKETING                           ","DESPESAS COM RH                         ","DESPESAS COM RH                         ","DESPEAS OPERACIONAIS                    ","DESPESAS                                ","41081002            ","41081002            ","41081002            ","41081002            ","41081002            ","41081002            ","41081002            ","41081               ","4108                ","41                  ","4                   ","P |01|AK5200||22042"
"41081               ","2","P |01|CT1200||41081003","P |01|CT1200||41081003","P |01|CT1200||41081003","P |01|CT1200||41081003","P |01|CT1200||41081003","P |01|CT1200||41081003","P |01|CT1200||41081003","P |01|CT1200||41081","P |01|CT1200||4108","P |01|CT1200||41","P |01|CT1200||4","CONTRATACAO/DIVULGACAO DE VAGA          ","CONTRATACAO/DIVULGACAO DE VAGA          ","CONTRATACAO/DIVULGACAO DE VAGA          ","CONTRATACAO/DIVULGACAO DE VAGA          ","CONTRATACAO/DIVULGACAO DE VAGA          ","CONTRATACAO/DIVULGACAO DE VAGA          ","CONTRATACAO/DIVULGACAO DE VAGA          ","DESPESAS COM RH                         ","DESPESAS COM RH                         ","DESPEAS OPERACIONAIS                    ","DESPESAS                                ","41081003            ","41081003            ","41081003            ","41081003            ","41081003            ","41081003            ","41081003            ","41081               ","4108                ","41                  ","4                   ","P |01|AK5200||22041"
"41081               ","2","P |01|CT1200||41081004","P |01|CT1200||41081004","P |01|CT1200||41081004","P |01|CT1200||41081004","P |01|CT1200||41081004","P |01|CT1200||41081004","P |01|CT1200||41081004","P |01|CT1200||41081","P |01|CT1200||4108","P |01|CT1200||41","P |01|CT1200||4","DESPESAS ENTRETENIMENTO/ CONFRAT.RH     ","DESPESAS ENTRETENIMENTO/ CONFRAT.RH     ","DESPESAS ENTRETENIMENTO/ CONFRAT.RH     ","DESPESAS ENTRETENIMENTO/ CONFRAT.RH     ","DESPESAS ENTRETENIMENTO/ CONFRAT.RH     ","DESPESAS ENTRETENIMENTO/ CONFRAT.RH     ","DESPESAS ENTRETENIMENTO/ CONFRAT.RH     ","DESPESAS COM RH                         ","DESPESAS COM RH                         ","DESPEAS OPERACIONAIS                    ","DESPESAS                                ","41081004            ","41081004            ","41081004            ","41081004            ","41081004            ","41081004            ","41081004            ","41081               ","4108                ","41                  ","4                   ","P |01|AK5200||22044"
"41081               ","2","P |01|CT1200||41081005","P |01|CT1200||41081005","P |01|CT1200||41081005","P |01|CT1200||41081005","P |01|CT1200||41081005","P |01|CT1200||41081005","P |01|CT1200||41081005","P |01|CT1200||41081","P |01|CT1200||4108","P |01|CT1200||41","P |01|CT1200||4","MATERIAL APOIO RH                       ","MATERIAL APOIO RH                       ","MATERIAL APOIO RH                       ","MATERIAL APOIO RH                       ","MATERIAL APOIO RH                       ","MATERIAL APOIO RH                       ","MATERIAL APOIO RH                       ","DESPESAS COM RH                         ","DESPESAS COM RH                         ","DESPEAS OPERACIONAIS                    ","DESPESAS                                ","41081005            ","41081005            ","41081005            ","41081005            ","41081005            ","41081005            ","41081005            ","41081               ","4108                ","41                  ","4                   ","P |01|AK5200||22039"
"41081               ","2","P |01|CT1200||41081006","P |01|CT1200||41081006","P |01|CT1200||41081006","P |01|CT1200||41081006","P |01|CT1200||41081006","P |01|CT1200||41081006","P |01|CT1200||41081006","P |01|CT1200||41081","P |01|CT1200||4108","P |01|CT1200||41","P |01|CT1200||4","CUSTO FORMACAO TRAINEE                  ","CUSTO FORMACAO TRAINEE                  ","CUSTO FORMACAO TRAINEE                  ","CUSTO FORMACAO TRAINEE                  ","CUSTO FORMACAO TRAINEE                  ","CUSTO FORMACAO TRAINEE                  ","CUSTO FORMACAO TRAINEE                  ","DESPESAS COM RH                         ","DESPESAS COM RH                         ","DESPEAS OPERACIONAIS                    ","DESPESAS                                ","41081006            ","41081006            ","41081006            ","41081006            ","41081006            ","41081006            ","41081006            ","41081               ","4108                ","41                  ","4                   ","P |01|AK5200||22040"
"41081               ","2","P |01|CT1200||41081007","P |01|CT1200||41081007","P |01|CT1200||41081007","P |01|CT1200||41081007","P |01|CT1200||41081007","P |01|CT1200||41081007","P |01|CT1200||41081007","P |01|CT1200||41081","P |01|CT1200||4108","P |01|CT1200||41","P |01|CT1200||4","PROGRAMA DE INCENTIVO QUALIDADE VIDA    ","PROGRAMA DE INCENTIVO QUALIDADE VIDA    ","PROGRAMA DE INCENTIVO QUALIDADE VIDA    ","PROGRAMA DE INCENTIVO QUALIDADE VIDA    ","PROGRAMA DE INCENTIVO QUALIDADE VIDA    ","PROGRAMA DE INCENTIVO QUALIDADE VIDA    ","PROGRAMA DE INCENTIVO QUALIDADE VIDA    ","DESPESAS COM RH                         ","DESPESAS COM RH                         ","DESPEAS OPERACIONAIS                    ","DESPESAS                                ","41081007            ","41081007            ","41081007            ","41081007            ","41081007            ","41081007            ","41081007            ","41081               ","4108                ","41                  ","4                   ","P |01|AK5200||22043"
"4110                ","1","P |01|CT1200||41101","P |01|CT1200||41101","P |01|CT1200||41101","P |01|CT1200||41101","P |01|CT1200||41101","P |01|CT1200||41101","P |01|CT1200||41101","P |01|CT1200||41101","P |01|CT1200||4110","P |01|CT1200||41","P |01|CT1200||4","SUPRIMENTOS                             ","SUPRIMENTOS                             ","SUPRIMENTOS                             ","SUPRIMENTOS                             ","SUPRIMENTOS                             ","SUPRIMENTOS                             ","SUPRIMENTOS                             ","SUPRIMENTOS                             ","SUPRIMENTOS                             ","DESPEAS OPERACIONAIS                    ","DESPESAS                                ","41101               ","41101               ","41101               ","41101               ","41101               ","41101               ","41101               ","41101               ","4110                ","41                  ","4                   ","P |01|AK5200||"
"41101               ","2","P |01|CT1200||41101001","P |01|CT1200||41101001","P |01|CT1200||41101001","P |01|CT1200||41101001","P |01|CT1200||41101001","P |01|CT1200||41101001","P |01|CT1200||41101001","P |01|CT1200||41101","P |01|CT1200||4110","P |01|CT1200||41","P |01|CT1200||4","SUPRIMENTOS ESCRITÓRIO                  ","SUPRIMENTOS ESCRITÓRIO                  ","SUPRIMENTOS ESCRITÓRIO                  ","SUPRIMENTOS ESCRITÓRIO                  ","SUPRIMENTOS ESCRITÓRIO                  ","SUPRIMENTOS ESCRITÓRIO                  ","SUPRIMENTOS ESCRITÓRIO                  ","SUPRIMENTOS                             ","SUPRIMENTOS                             ","DESPEAS OPERACIONAIS                    ","DESPESAS                                ","41101001            ","41101001            ","41101001            ","41101001            ","41101001            ","41101001            ","41101001            ","41101               ","4110                ","41                  ","4                   ","P |01|AK5200||22020"
"41101               ","2","P |01|CT1200||41101002","P |01|CT1200||41101002","P |01|CT1200||41101002","P |01|CT1200||41101002","P |01|CT1200||41101002","P |01|CT1200||41101002","P |01|CT1200||41101002","P |01|CT1200||41101","P |01|CT1200||4110","P |01|CT1200||41","P |01|CT1200||4","UNIFORMES/CRACHAS                       ","UNIFORMES/CRACHAS                       ","UNIFORMES/CRACHAS                       ","UNIFORMES/CRACHAS                       ","UNIFORMES/CRACHAS                       ","UNIFORMES/CRACHAS                       ","UNIFORMES/CRACHAS                       ","SUPRIMENTOS                             ","SUPRIMENTOS                             ","DESPEAS OPERACIONAIS                    ","DESPESAS                                ","41101002            ","41101002            ","41101002            ","41101002            ","41101002            ","41101002            ","41101002            ","41101               ","4110                ","41                  ","4                   ","P |01|AK5200||22024"
"41101               ","2","P |01|CT1200||41101004","P |01|CT1200||41101004","P |01|CT1200||41101004","P |01|CT1200||41101004","P |01|CT1200||41101004","P |01|CT1200||41101004","P |01|CT1200||41101004","P |01|CT1200||41101","P |01|CT1200||4110","P |01|CT1200||41","P |01|CT1200||4","SUPRIMENTOS PRIMEIROS SOCORROS/FARMACIA ","SUPRIMENTOS PRIMEIROS SOCORROS/FARMACIA ","SUPRIMENTOS PRIMEIROS SOCORROS/FARMACIA ","SUPRIMENTOS PRIMEIROS SOCORROS/FARMACIA ","SUPRIMENTOS PRIMEIROS SOCORROS/FARMACIA ","SUPRIMENTOS PRIMEIROS SOCORROS/FARMACIA ","SUPRIMENTOS PRIMEIROS SOCORROS/FARMACIA ","SUPRIMENTOS                             ","SUPRIMENTOS                             ","DESPEAS OPERACIONAIS                    ","DESPESAS                                ","41101004            ","41101004            ","41101004            ","41101004            ","41101004            ","41101004            ","41101004            ","41101               ","4110                ","41                  ","4                   ","P |01|AK5200||22023"
"41101               ","2","P |01|CT1200||41101009","P |01|CT1200||41101009","P |01|CT1200||41101009","P |01|CT1200||41101009","P |01|CT1200||41101009","P |01|CT1200||41101009","P |01|CT1200||41101009","P |01|CT1200||41101","P |01|CT1200||4110","P |01|CT1200||41","P |01|CT1200||4","PRODUTOS COPA COZ/LIMPEZA               ","PRODUTOS COPA COZ/LIMPEZA               ","PRODUTOS COPA COZ/LIMPEZA               ","PRODUTOS COPA COZ/LIMPEZA               ","PRODUTOS COPA COZ/LIMPEZA               ","PRODUTOS COPA COZ/LIMPEZA               ","PRODUTOS COPA COZ/LIMPEZA               ","SUPRIMENTOS                             ","SUPRIMENTOS                             ","DESPEAS OPERACIONAIS                    ","DESPESAS                                ","41101009            ","41101009            ","41101009            ","41101009            ","41101009            ","41101009            ","41101009            ","41101               ","4110                ","41                  ","4                   ","P |01|AK5200||22021"
"41101               ","2","P |01|CT1200||41101010","P |01|CT1200||41101010","P |01|CT1200||41101010","P |01|CT1200||41101010","P |01|CT1200||41101010","P |01|CT1200||41101010","P |01|CT1200||41101010","P |01|CT1200||41101","P |01|CT1200||4110","P |01|CT1200||41","P |01|CT1200||4","SUPRIMENTOS DE INFORMATICA/TELECOMUNICAC","SUPRIMENTOS DE INFORMATICA/TELECOMUNICAC","SUPRIMENTOS DE INFORMATICA/TELECOMUNICAC","SUPRIMENTOS DE INFORMATICA/TELECOMUNICAC","SUPRIMENTOS DE INFORMATICA/TELECOMUNICAC","SUPRIMENTOS DE INFORMATICA/TELECOMUNICAC","SUPRIMENTOS DE INFORMATICA/TELECOMUNICAC","SUPRIMENTOS                             ","SUPRIMENTOS                             ","DESPEAS OPERACIONAIS                    ","DESPESAS                                ","41101010            ","41101010            ","41101010            ","41101010            ","41101010            ","41101010            ","41101010            ","41101               ","4110                ","41                  ","4                   ","P |01|AK5200||22022"
"41101               ","2","P |01|CT1200||41101011","P |01|CT1200||41101011","P |01|CT1200||41101011","P |01|CT1200||41101011","P |01|CT1200||41101011","P |01|CT1200||41101011","P |01|CT1200||41101011","P |01|CT1200||41101","P |01|CT1200||4110","P |01|CT1200||41","P |01|CT1200||4","DESPESAS COM AGUA MINERAL               ","DESPESAS COM AGUA MINERAL               ","DESPESAS COM AGUA MINERAL               ","DESPESAS COM AGUA MINERAL               ","DESPESAS COM AGUA MINERAL               ","DESPESAS COM AGUA MINERAL               ","DESPESAS COM AGUA MINERAL               ","SUPRIMENTOS                             ","SUPRIMENTOS                             ","DESPEAS OPERACIONAIS                    ","DESPESAS                                ","41101011            ","41101011            ","41101011            ","41101011            ","41101011            ","41101011            ","41101011            ","41101               ","4110                ","41                  ","4                   ","P |01|AK5200||22021"
"4111                ","1","P |01|CT1200||41111","P |01|CT1200||41111","P |01|CT1200||41111","P |01|CT1200||41111","P |01|CT1200||41111","P |01|CT1200||41111","P |01|CT1200||41111","P |01|CT1200||41111","P |01|CT1200||4111","P |01|CT1200||41","P |01|CT1200||4","DESPESAS CARTORARIA                     ","DESPESAS CARTORARIA                     ","DESPESAS CARTORARIA                     ","DESPESAS CARTORARIA                     ","DESPESAS CARTORARIA                     ","DESPESAS CARTORARIA                     ","DESPESAS CARTORARIA                     ","DESPESAS CARTORARIA                     ","DESPESAS CARTORARIA                     ","DESPEAS OPERACIONAIS                    ","DESPESAS                                ","41111               ","41111               ","41111               ","41111               ","41111               ","41111               ","41111               ","41111               ","4111                ","41                  ","4                   ","P |01|AK5200||"
"41111               ","2","P |01|CT1200||41111001","P |01|CT1200||41111001","P |01|CT1200||41111001","P |01|CT1200||41111001","P |01|CT1200||41111001","P |01|CT1200||41111001","P |01|CT1200||41111001","P |01|CT1200||41111","P |01|CT1200||4111","P |01|CT1200||41","P |01|CT1200||4","DESPESAS CARTORARIAS                    ","DESPESAS CARTORARIAS                    ","DESPESAS CARTORARIAS                    ","DESPESAS CARTORARIAS                    ","DESPESAS CARTORARIAS                    ","DESPESAS CARTORARIAS                    ","DESPESAS CARTORARIAS                    ","DESPESAS CARTORARIA                     ","DESPESAS CARTORARIA                     ","DESPEAS OPERACIONAIS                    ","DESPESAS                                ","41111001            ","41111001            ","41111001            ","41111001            ","41111001            ","41111001            ","41111001            ","41111               ","4111                ","41                  ","4                   ","P |01|AK5200||22032"
"4112                ","1","P |01|CT1200||41121","P |01|CT1200||41121","P |01|CT1200||41121","P |01|CT1200||41121","P |01|CT1200||41121","P |01|CT1200||41121","P |01|CT1200||41121","P |01|CT1200||41121","P |01|CT1200||4112","P |01|CT1200||41","P |01|CT1200||4","OUTRAS DESPESAS OPERACIONAIS            ","OUTRAS DESPESAS OPERACIONAIS            ","OUTRAS DESPESAS OPERACIONAIS            ","OUTRAS DESPESAS OPERACIONAIS            ","OUTRAS DESPESAS OPERACIONAIS            ","OUTRAS DESPESAS OPERACIONAIS            ","OUTRAS DESPESAS OPERACIONAIS            ","OUTRAS DESPESAS OPERACIONAIS            ","OUTRAS DESPESAS OPERACIONAIS            ","DESPEAS OPERACIONAIS                    ","DESPESAS                                ","41121               ","41121               ","41121               ","41121               ","41121               ","41121               ","41121               ","41121               ","4112                ","41                  ","4                   ","P |01|AK5200||"
"41121               ","2","P |01|CT1200||41121001","P |01|CT1200||41121001","P |01|CT1200||41121001","P |01|CT1200||41121001","P |01|CT1200||41121001","P |01|CT1200||41121001","P |01|CT1200||41121001","P |01|CT1200||41121","P |01|CT1200||4112","P |01|CT1200||41","P |01|CT1200||4","INDENIZACOES JUDICIAIS - CIVIL          ","INDENIZACOES JUDICIAIS - CIVIL          ","INDENIZACOES JUDICIAIS - CIVIL          ","INDENIZACOES JUDICIAIS - CIVIL          ","INDENIZACOES JUDICIAIS - CIVIL          ","INDENIZACOES JUDICIAIS - CIVIL          ","INDENIZACOES JUDICIAIS - CIVIL          ","OUTRAS DESPESAS OPERACIONAIS            ","OUTRAS DESPESAS OPERACIONAIS            ","DESPEAS OPERACIONAIS                    ","DESPESAS                                ","41121001            ","41121001            ","41121001            ","41121001            ","41121001            ","41121001            ","41121001            ","41121               ","4112                ","41                  ","4                   ","P |01|AK5200||"
"41121               ","2","P |01|CT1200||41121001","P |01|CT1200||41121001","P |01|CT1200||41121001","P |01|CT1200||41121001","P |01|CT1200||41121001","P |01|CT1200||41121001","P |01|CT1200||41121001","P |01|CT1200||41121001","P |01|CT1200||41121","P |01|CT1200||41","P |01|CT1200||4","INDENIZACOES JUDICIAIS - CIVIL          ","INDENIZACOES JUDICIAIS - CIVIL          ","INDENIZACOES JUDICIAIS - CIVIL          ","INDENIZACOES JUDICIAIS - CIVIL          ","INDENIZACOES JUDICIAIS - CIVIL          ","INDENIZACOES JUDICIAIS - CIVIL          ","INDENIZACOES JUDICIAIS - CIVIL          ","INDENIZACOES JUDICIAIS - CIVIL          ","OUTRAS DESPESAS OPERACIONAIS            ","DESPEAS OPERACIONAIS                    ","DESPESAS                                ","41121001            ","41121001            ","41121001            ","41121001            ","41121001            ","41121001            ","41121001            ","41121001            ","41121               ","41                  ","4                   ","P |01|AK5200||"
"41121               ","2","P |01|CT1200||41121002","P |01|CT1200||41121002","P |01|CT1200||41121002","P |01|CT1200||41121002","P |01|CT1200||41121002","P |01|CT1200||41121002","P |01|CT1200||41121002","P |01|CT1200||41121","P |01|CT1200||4112","P |01|CT1200||41","P |01|CT1200||4","INDENIZACOES/ACOES TRABALHISTAS         ","INDENIZACOES/ACOES TRABALHISTAS         ","INDENIZACOES/ACOES TRABALHISTAS         ","INDENIZACOES/ACOES TRABALHISTAS         ","INDENIZACOES/ACOES TRABALHISTAS         ","INDENIZACOES/ACOES TRABALHISTAS         ","INDENIZACOES/ACOES TRABALHISTAS         ","OUTRAS DESPESAS OPERACIONAIS            ","OUTRAS DESPESAS OPERACIONAIS            ","DESPEAS OPERACIONAIS                    ","DESPESAS                                ","41121002            ","41121002            ","41121002            ","41121002            ","41121002            ","41121002            ","41121002            ","41121               ","4112                ","41                  ","4                   ","P |01|AK5200||"
"41121               ","2","P |01|CT1200||41121002","P |01|CT1200||41121002","P |01|CT1200||41121002","P |01|CT1200||41121002","P |01|CT1200||41121002","P |01|CT1200||41121002","P |01|CT1200||41121002","P |01|CT1200||41121002","P |01|CT1200||41121","P |01|CT1200||41","P |01|CT1200||4","INDENIZACOES/ACOES TRABALHISTAS         ","INDENIZACOES/ACOES TRABALHISTAS         ","INDENIZACOES/ACOES TRABALHISTAS         ","INDENIZACOES/ACOES TRABALHISTAS         ","INDENIZACOES/ACOES TRABALHISTAS         ","INDENIZACOES/ACOES TRABALHISTAS         ","INDENIZACOES/ACOES TRABALHISTAS         ","INDENIZACOES/ACOES TRABALHISTAS         ","OUTRAS DESPESAS OPERACIONAIS            ","DESPEAS OPERACIONAIS                    ","DESPESAS                                ","41121002            ","41121002            ","41121002            ","41121002            ","41121002            ","41121002            ","41121002            ","41121002            ","41121               ","41                  ","4                   ","P |01|AK5200||"
"41121               ","2","P |01|CT1200||41121003","P |01|CT1200||41121003","P |01|CT1200||41121003","P |01|CT1200||41121003","P |01|CT1200||41121003","P |01|CT1200||41121003","P |01|CT1200||41121003","P |01|CT1200||41121","P |01|CT1200||4112","P |01|CT1200||41","P |01|CT1200||4","DISTRATO COMERCIAL                      ","DISTRATO COMERCIAL                      ","DISTRATO COMERCIAL                      ","DISTRATO COMERCIAL                      ","DISTRATO COMERCIAL                      ","DISTRATO COMERCIAL                      ","DISTRATO COMERCIAL                      ","OUTRAS DESPESAS OPERACIONAIS            ","OUTRAS DESPESAS OPERACIONAIS            ","DESPEAS OPERACIONAIS                    ","DESPESAS                                ","41121003            ","41121003            ","41121003            ","41121003            ","41121003            ","41121003            ","41121003            ","41121               ","4112                ","41                  ","4                   ","P |01|AK5200||"
"41121               ","2","P |01|CT1200||41121003","P |01|CT1200||41121003","P |01|CT1200||41121003","P |01|CT1200||41121003","P |01|CT1200||41121003","P |01|CT1200||41121003","P |01|CT1200||41121003","P |01|CT1200||41121003","P |01|CT1200||41121","P |01|CT1200||41","P |01|CT1200||4","DISTRATO COMERCIAL                      ","DISTRATO COMERCIAL                      ","DISTRATO COMERCIAL                      ","DISTRATO COMERCIAL                      ","DISTRATO COMERCIAL                      ","DISTRATO COMERCIAL                      ","DISTRATO COMERCIAL                      ","DISTRATO COMERCIAL                      ","OUTRAS DESPESAS OPERACIONAIS            ","DESPEAS OPERACIONAIS                    ","DESPESAS                                ","41121003            ","41121003            ","41121003            ","41121003            ","41121003            ","41121003            ","41121003            ","41121003            ","41121               ","41                  ","4                   ","P |01|AK5200||"
"41121               ","2","P |01|CT1200||41121004","P |01|CT1200||41121004","P |01|CT1200||41121004","P |01|CT1200||41121004","P |01|CT1200||41121004","P |01|CT1200||41121004","P |01|CT1200||41121004","P |01|CT1200||41121","P |01|CT1200||4112","P |01|CT1200||41","P |01|CT1200||4","DESPESAS COM FRANQUEADORA-OUTRAS        ","DESPESAS COM FRANQUEADORA-OUTRAS        ","DESPESAS COM FRANQUEADORA-OUTRAS        ","DESPESAS COM FRANQUEADORA-OUTRAS        ","DESPESAS COM FRANQUEADORA-OUTRAS        ","DESPESAS COM FRANQUEADORA-OUTRAS        ","DESPESAS COM FRANQUEADORA-OUTRAS        ","OUTRAS DESPESAS OPERACIONAIS            ","OUTRAS DESPESAS OPERACIONAIS            ","DESPEAS OPERACIONAIS                    ","DESPESAS                                ","41121004            ","41121004            ","41121004            ","41121004            ","41121004            ","41121004            ","41121004            ","41121               ","4112                ","41                  ","4                   ","P |01|AK5200||"
"41121               ","2","P |01|CT1200||41121004","P |01|CT1200||41121004","P |01|CT1200||41121004","P |01|CT1200||41121004","P |01|CT1200||41121004","P |01|CT1200||41121004","P |01|CT1200||41121004","P |01|CT1200||41121004","P |01|CT1200||41121","P |01|CT1200||41","P |01|CT1200||4","DESPESAS COM FRANQUEADORA-OUTRAS        ","DESPESAS COM FRANQUEADORA-OUTRAS        ","DESPESAS COM FRANQUEADORA-OUTRAS        ","DESPESAS COM FRANQUEADORA-OUTRAS        ","DESPESAS COM FRANQUEADORA-OUTRAS        ","DESPESAS COM FRANQUEADORA-OUTRAS        ","DESPESAS COM FRANQUEADORA-OUTRAS        ","DESPESAS COM FRANQUEADORA-OUTRAS        ","OUTRAS DESPESAS OPERACIONAIS            ","DESPEAS OPERACIONAIS                    ","DESPESAS                                ","41121004            ","41121004            ","41121004            ","41121004            ","41121004            ","41121004            ","41121004            ","41121004            ","41121               ","41                  ","4                   ","P |01|AK5200||"
"41121               ","2","P |01|CT1200||41121005","P |01|CT1200||41121005","P |01|CT1200||41121005","P |01|CT1200||41121005","P |01|CT1200||41121005","P |01|CT1200||41121005","P |01|CT1200||41121005","P |01|CT1200||41121","P |01|CT1200||4112","P |01|CT1200||41","P |01|CT1200||4","DESPESAS COM PCLD                       ","DESPESAS COM PCLD                       ","DESPESAS COM PCLD                       ","DESPESAS COM PCLD                       ","DESPESAS COM PCLD                       ","DESPESAS COM PCLD                       ","DESPESAS COM PCLD                       ","OUTRAS DESPESAS OPERACIONAIS            ","OUTRAS DESPESAS OPERACIONAIS            ","DESPEAS OPERACIONAIS                    ","DESPESAS                                ","41121005            ","41121005            ","41121005            ","41121005            ","41121005            ","41121005            ","41121005            ","41121               ","4112                ","41                  ","4                   ","P |01|AK5200||"
"41121               ","2","P |01|CT1200||41121005","P |01|CT1200||41121005","P |01|CT1200||41121005","P |01|CT1200||41121005","P |01|CT1200||41121005","P |01|CT1200||41121005","P |01|CT1200||41121005","P |01|CT1200||41121005","P |01|CT1200||41121","P |01|CT1200||41","P |01|CT1200||4","DESPESAS COM PCLD                       ","DESPESAS COM PCLD                       ","DESPESAS COM PCLD                       ","DESPESAS COM PCLD                       ","DESPESAS COM PCLD                       ","DESPESAS COM PCLD                       ","DESPESAS COM PCLD                       ","DESPESAS COM PCLD                       ","OUTRAS DESPESAS OPERACIONAIS            ","DESPEAS OPERACIONAIS                    ","DESPESAS                                ","41121005            ","41121005            ","41121005            ","41121005            ","41121005            ","41121005            ","41121005            ","41121005            ","41121               ","41                  ","4                   ","P |01|AK5200||"
"41121               ","2","P |01|CT1200||41121006","P |01|CT1200||41121006","P |01|CT1200||41121006","P |01|CT1200||41121006","P |01|CT1200||41121006","P |01|CT1200||41121006","P |01|CT1200||41121006","P |01|CT1200||41121","P |01|CT1200||4112","P |01|CT1200||41","P |01|CT1200||4","BAIXA TITULOS NAO RECEBIDOS             ","BAIXA TITULOS NAO RECEBIDOS             ","BAIXA TITULOS NAO RECEBIDOS             ","BAIXA TITULOS NAO RECEBIDOS             ","BAIXA TITULOS NAO RECEBIDOS             ","BAIXA TITULOS NAO RECEBIDOS             ","BAIXA TITULOS NAO RECEBIDOS             ","OUTRAS DESPESAS OPERACIONAIS            ","OUTRAS DESPESAS OPERACIONAIS            ","DESPEAS OPERACIONAIS                    ","DESPESAS                                ","41121006            ","41121006            ","41121006            ","41121006            ","41121006            ","41121006            ","41121006            ","41121               ","4112                ","41                  ","4                   ","P |01|AK5200||12201"
"41121               ","2","P |01|CT1200||41121006","P |01|CT1200||41121006","P |01|CT1200||41121006","P |01|CT1200||41121006","P |01|CT1200||41121006","P |01|CT1200||41121006","P |01|CT1200||41121006","P |01|CT1200||41121006","P |01|CT1200||41121","P |01|CT1200||41","P |01|CT1200||4","BAIXA TITULOS NAO RECEBIDOS             ","BAIXA TITULOS NAO RECEBIDOS             ","BAIXA TITULOS NAO RECEBIDOS             ","BAIXA TITULOS NAO RECEBIDOS             ","BAIXA TITULOS NAO RECEBIDOS             ","BAIXA TITULOS NAO RECEBIDOS             ","BAIXA TITULOS NAO RECEBIDOS             ","BAIXA TITULOS NAO RECEBIDOS             ","OUTRAS DESPESAS OPERACIONAIS            ","DESPEAS OPERACIONAIS                    ","DESPESAS                                ","41121006            ","41121006            ","41121006            ","41121006            ","41121006            ","41121006            ","41121006            ","41121006            ","41121               ","41                  ","4                   ","P |01|AK5200||12201"
"41121               ","2","P |01|CT1200||41121007","P |01|CT1200||41121007","P |01|CT1200||41121007","P |01|CT1200||41121007","P |01|CT1200||41121007","P |01|CT1200||41121007","P |01|CT1200||41121007","P |01|CT1200||41121","P |01|CT1200||4112","P |01|CT1200||41","P |01|CT1200||4","AJUSTE SALDO BUFFER/BACLOG EX.ANTERIOR  ","AJUSTE SALDO BUFFER/BACLOG EX.ANTERIOR  ","AJUSTE SALDO BUFFER/BACLOG EX.ANTERIOR  ","AJUSTE SALDO BUFFER/BACLOG EX.ANTERIOR  ","AJUSTE SALDO BUFFER/BACLOG EX.ANTERIOR  ","AJUSTE SALDO BUFFER/BACLOG EX.ANTERIOR  ","AJUSTE SALDO BUFFER/BACLOG EX.ANTERIOR  ","OUTRAS DESPESAS OPERACIONAIS            ","OUTRAS DESPESAS OPERACIONAIS            ","DESPEAS OPERACIONAIS                    ","DESPESAS                                ","41121007            ","41121007            ","41121007            ","41121007            ","41121007            ","41121007            ","41121007            ","41121               ","4112                ","41                  ","4                   ","P |01|AK5200||"
"41121               ","2","P |01|CT1200||41121007","P |01|CT1200||41121007","P |01|CT1200||41121007","P |01|CT1200||41121007","P |01|CT1200||41121007","P |01|CT1200||41121007","P |01|CT1200||41121007","P |01|CT1200||41121007","P |01|CT1200||41121","P |01|CT1200||41","P |01|CT1200||4","AJUSTE SALDO BUFFER/BACLOG EX.ANTERIOR  ","AJUSTE SALDO BUFFER/BACLOG EX.ANTERIOR  ","AJUSTE SALDO BUFFER/BACLOG EX.ANTERIOR  ","AJUSTE SALDO BUFFER/BACLOG EX.ANTERIOR  ","AJUSTE SALDO BUFFER/BACLOG EX.ANTERIOR  ","AJUSTE SALDO BUFFER/BACLOG EX.ANTERIOR  ","AJUSTE SALDO BUFFER/BACLOG EX.ANTERIOR  ","AJUSTE SALDO BUFFER/BACLOG EX.ANTERIOR  ","OUTRAS DESPESAS OPERACIONAIS            ","DESPEAS OPERACIONAIS                    ","DESPESAS                                ","41121007            ","41121007            ","41121007            ","41121007            ","41121007            ","41121007            ","41121007            ","41121007            ","41121               ","41                  ","4                   ","P |01|AK5200||"
"41121               ","2","P |01|CT1200||41121099","P |01|CT1200||41121099","P |01|CT1200||41121099","P |01|CT1200||41121099","P |01|CT1200||41121099","P |01|CT1200||41121099","P |01|CT1200||41121099","P |01|CT1200||41121","P |01|CT1200||4112","P |01|CT1200||41","P |01|CT1200||4","DESPESAS OPERACIONAIS-OUTRAS            ","DESPESAS OPERACIONAIS-OUTRAS            ","DESPESAS OPERACIONAIS-OUTRAS            ","DESPESAS OPERACIONAIS-OUTRAS            ","DESPESAS OPERACIONAIS-OUTRAS            ","DESPESAS OPERACIONAIS-OUTRAS            ","DESPESAS OPERACIONAIS-OUTRAS            ","OUTRAS DESPESAS OPERACIONAIS            ","OUTRAS DESPESAS OPERACIONAIS            ","DESPEAS OPERACIONAIS                    ","DESPESAS                                ","41121099            ","41121099            ","41121099            ","41121099            ","41121099            ","41121099            ","41121099            ","41121               ","4112                ","41                  ","4                   ","P |01|AK5200||22038"
"41121               ","2","P |01|CT1200||41121099","P |01|CT1200||41121099","P |01|CT1200||41121099","P |01|CT1200||41121099","P |01|CT1200||41121099","P |01|CT1200||41121099","P |01|CT1200||41121099","P |01|CT1200||41121099","P |01|CT1200||41121","P |01|CT1200||41","P |01|CT1200||4","DESPESAS OPERACIONAIS-OUTRAS            ","DESPESAS OPERACIONAIS-OUTRAS            ","DESPESAS OPERACIONAIS-OUTRAS            ","DESPESAS OPERACIONAIS-OUTRAS            ","DESPESAS OPERACIONAIS-OUTRAS            ","DESPESAS OPERACIONAIS-OUTRAS            ","DESPESAS OPERACIONAIS-OUTRAS            ","DESPESAS OPERACIONAIS-OUTRAS            ","OUTRAS DESPESAS OPERACIONAIS            ","DESPEAS OPERACIONAIS                    ","DESPESAS                                ","41121099            ","41121099            ","41121099            ","41121099            ","41121099            ","41121099            ","41121099            ","41121099            ","41121               ","41                  ","4                   ","P |01|AK5200||22038"
"4113                ","1","P |01|CT1200||41131","P |01|CT1200||41131","P |01|CT1200||41131","P |01|CT1200||41131","P |01|CT1200||41131","P |01|CT1200||41131","P |01|CT1200||41131","P |01|CT1200||41131","P |01|CT1200||4113","P |01|CT1200||41","P |01|CT1200||4","CUSTOS DIRETORIA                        ","CUSTOS DIRETORIA                        ","CUSTOS DIRETORIA                        ","CUSTOS DIRETORIA                        ","CUSTOS DIRETORIA                        ","CUSTOS DIRETORIA                        ","CUSTOS DIRETORIA                        ","CUSTOS DIRETORIA                        ","CUSTOS DIRETORIA                        ","DESPEAS OPERACIONAIS                    ","DESPESAS                                ","41131               ","41131               ","41131               ","41131               ","41131               ","41131               ","41131               ","41131               ","4113                ","41                  ","4                   ","P |01|AK5200||"
"41131               ","2","P |01|CT1200||41131001","P |01|CT1200||41131001","P |01|CT1200||41131001","P |01|CT1200||41131001","P |01|CT1200||41131001","P |01|CT1200||41131001","P |01|CT1200||41131001","P |01|CT1200||41131","P |01|CT1200||4113","P |01|CT1200||41","P |01|CT1200||4","REMUNERACAO DIRETORIA                   ","REMUNERACAO DIRETORIA                   ","REMUNERACAO DIRETORIA                   ","REMUNERACAO DIRETORIA                   ","REMUNERACAO DIRETORIA                   ","REMUNERACAO DIRETORIA                   ","REMUNERACAO DIRETORIA                   ","CUSTOS DIRETORIA                        ","CUSTOS DIRETORIA                        ","DESPEAS OPERACIONAIS                    ","DESPESAS                                ","41131001            ","41131001            ","41131001            ","41131001            ","41131001            ","41131001            ","41131001            ","41131               ","4113                ","41                  ","4                   ","P |01|AK5200||20301"
"41131               ","2","P |01|CT1200||41131002","P |01|CT1200||41131002","P |01|CT1200||41131002","P |01|CT1200||41131002","P |01|CT1200||41131002","P |01|CT1200||41131002","P |01|CT1200||41131002","P |01|CT1200||41131","P |01|CT1200||4113","P |01|CT1200||41","P |01|CT1200||4","CARTAO CREDITO DIRETORIA                ","CARTAO CREDITO DIRETORIA                ","CARTAO CREDITO DIRETORIA                ","CARTAO CREDITO DIRETORIA                ","CARTAO CREDITO DIRETORIA                ","CARTAO CREDITO DIRETORIA                ","CARTAO CREDITO DIRETORIA                ","CUSTOS DIRETORIA                        ","CUSTOS DIRETORIA                        ","DESPEAS OPERACIONAIS                    ","DESPESAS                                ","41131002            ","41131002            ","41131002            ","41131002            ","41131002            ","41131002            ","41131002            ","41131               ","4113                ","41                  ","4                   ","P |01|AK5200||23002"
"41131               ","2","P |01|CT1200||41131003","P |01|CT1200||41131003","P |01|CT1200||41131003","P |01|CT1200||41131003","P |01|CT1200||41131003","P |01|CT1200||41131003","P |01|CT1200||41131003","P |01|CT1200||41131","P |01|CT1200||4113","P |01|CT1200||41","P |01|CT1200||4","OUTRAS DESPESAS DIRETORIA               ","OUTRAS DESPESAS DIRETORIA               ","OUTRAS DESPESAS DIRETORIA               ","OUTRAS DESPESAS DIRETORIA               ","OUTRAS DESPESAS DIRETORIA               ","OUTRAS DESPESAS DIRETORIA               ","OUTRAS DESPESAS DIRETORIA               ","CUSTOS DIRETORIA                        ","CUSTOS DIRETORIA                        ","DESPEAS OPERACIONAIS                    ","DESPESAS                                ","41131003            ","41131003            ","41131003            ","41131003            ","41131003            ","41131003            ","41131003            ","41131               ","4113                ","41                  ","4                   ","P |01|AK5200||23002"
"41131               ","2","P |01|CT1200||41131004","P |01|CT1200||41131004","P |01|CT1200||41131004","P |01|CT1200||41131004","P |01|CT1200||41131004","P |01|CT1200||41131004","P |01|CT1200||41131004","P |01|CT1200||41131","P |01|CT1200||4113","P |01|CT1200||41","P |01|CT1200||4","BONUS-DIRETORIA                         ","BONUS-DIRETORIA                         ","BONUS-DIRETORIA                         ","BONUS-DIRETORIA                         ","BONUS-DIRETORIA                         ","BONUS-DIRETORIA                         ","BONUS-DIRETORIA                         ","CUSTOS DIRETORIA                        ","CUSTOS DIRETORIA                        ","DESPEAS OPERACIONAIS                    ","DESPESAS                                ","41131004            ","41131004            ","41131004            ","41131004            ","41131004            ","41131004            ","41131004            ","41131               ","4113                ","41                  ","4                   ","P |01|AK5200||23002"
"41131               ","2","P |01|CT1200||41131005","P |01|CT1200||41131005","P |01|CT1200||41131005","P |01|CT1200||41131005","P |01|CT1200||41131005","P |01|CT1200||41131005","P |01|CT1200||41131005","P |01|CT1200||41131","P |01|CT1200||4113","P |01|CT1200||41","P |01|CT1200||4","IMPOSTOS DIRETORIA                      ","IMPOSTOS DIRETORIA                      ","IMPOSTOS DIRETORIA                      ","IMPOSTOS DIRETORIA                      ","IMPOSTOS DIRETORIA                      ","IMPOSTOS DIRETORIA                      ","IMPOSTOS DIRETORIA                      ","CUSTOS DIRETORIA                        ","CUSTOS DIRETORIA                        ","DESPEAS OPERACIONAIS                    ","DESPESAS                                ","41131005            ","41131005            ","41131005            ","41131005            ","41131005            ","41131005            ","41131005            ","41131               ","4113                ","41                  ","4                   ","P |01|AK5200||23002"
"41131               ","2","P |01|CT1200||41131006","P |01|CT1200||41131006","P |01|CT1200||41131006","P |01|CT1200||41131006","P |01|CT1200||41131006","P |01|CT1200||41131006","P |01|CT1200||41131006","P |01|CT1200||41131","P |01|CT1200||4113","P |01|CT1200||41","P |01|CT1200||4","ENCARGOS SOC. DIRETORIA                 ","ENCARGOS SOC. DIRETORIA                 ","ENCARGOS SOC. DIRETORIA                 ","ENCARGOS SOC. DIRETORIA                 ","ENCARGOS SOC. DIRETORIA                 ","ENCARGOS SOC. DIRETORIA                 ","ENCARGOS SOC. DIRETORIA                 ","CUSTOS DIRETORIA                        ","CUSTOS DIRETORIA                        ","DESPEAS OPERACIONAIS                    ","DESPESAS                                ","41131006            ","41131006            ","41131006            ","41131006            ","41131006            ","41131006            ","41131006            ","41131               ","4113                ","41                  ","4                   ","P |01|AK5200||23002"
"41131               ","2","P |01|CT1200||41131007","P |01|CT1200||41131007","P |01|CT1200||41131007","P |01|CT1200||41131007","P |01|CT1200||41131007","P |01|CT1200||41131007","P |01|CT1200||41131007","P |01|CT1200||41131","P |01|CT1200||4113","P |01|CT1200||41","P |01|CT1200||4","VIAGENS DIRETORIA                       ","VIAGENS DIRETORIA                       ","VIAGENS DIRETORIA                       ","VIAGENS DIRETORIA                       ","VIAGENS DIRETORIA                       ","VIAGENS DIRETORIA                       ","VIAGENS DIRETORIA                       ","CUSTOS DIRETORIA                        ","CUSTOS DIRETORIA                        ","DESPEAS OPERACIONAIS                    ","DESPESAS                                ","41131007            ","41131007            ","41131007            ","41131007            ","41131007            ","41131007            ","41131007            ","41131               ","4113                ","41                  ","4                   ","P |01|AK5200||20501"
"41131               ","2","P |01|CT1200||41131008","P |01|CT1200||41131008","P |01|CT1200||41131008","P |01|CT1200||41131008","P |01|CT1200||41131008","P |01|CT1200||41131008","P |01|CT1200||41131008","P |01|CT1200||41131","P |01|CT1200||4113","P |01|CT1200||41","P |01|CT1200||4","ALUGUEL/COND. DIRETORIA                 ","ALUGUEL/COND. DIRETORIA                 ","ALUGUEL/COND. DIRETORIA                 ","ALUGUEL/COND. DIRETORIA                 ","ALUGUEL/COND. DIRETORIA                 ","ALUGUEL/COND. DIRETORIA                 ","ALUGUEL/COND. DIRETORIA                 ","CUSTOS DIRETORIA                        ","CUSTOS DIRETORIA                        ","DESPEAS OPERACIONAIS                    ","DESPESAS                                ","41131008            ","41131008            ","41131008            ","41131008            ","41131008            ","41131008            ","41131008            ","41131               ","4113                ","41                  ","4                   ","P |01|AK5200||23002"
"41131               ","2","P |01|CT1200||41131009","P |01|CT1200||41131009","P |01|CT1200||41131009","P |01|CT1200||41131009","P |01|CT1200||41131009","P |01|CT1200||41131009","P |01|CT1200||41131009","P |01|CT1200||41131","P |01|CT1200||4113","P |01|CT1200||41","P |01|CT1200||4","MANUTENCAO VEICULOS DIRETORIA           ","MANUTENCAO VEICULOS DIRETORIA           ","MANUTENCAO VEICULOS DIRETORIA           ","MANUTENCAO VEICULOS DIRETORIA           ","MANUTENCAO VEICULOS DIRETORIA           ","MANUTENCAO VEICULOS DIRETORIA           ","MANUTENCAO VEICULOS DIRETORIA           ","CUSTOS DIRETORIA                        ","CUSTOS DIRETORIA                        ","DESPEAS OPERACIONAIS                    ","DESPESAS                                ","41131009            ","41131009            ","41131009            ","41131009            ","41131009            ","41131009            ","41131009            ","41131               ","4113                ","41                  ","4                   ","P |01|AK5200||23002"
"41131               ","2","P |01|CT1200||41131010","P |01|CT1200||41131010","P |01|CT1200||41131010","P |01|CT1200||41131010","P |01|CT1200||41131010","P |01|CT1200||41131010","P |01|CT1200||41131010","P |01|CT1200||41131","P |01|CT1200||4113","P |01|CT1200||41","P |01|CT1200||4","IPVA/LICENC. VEICULOS DIRETORIA         ","IPVA/LICENC. VEICULOS DIRETORIA         ","IPVA/LICENC. VEICULOS DIRETORIA         ","IPVA/LICENC. VEICULOS DIRETORIA         ","IPVA/LICENC. VEICULOS DIRETORIA         ","IPVA/LICENC. VEICULOS DIRETORIA         ","IPVA/LICENC. VEICULOS DIRETORIA         ","CUSTOS DIRETORIA                        ","CUSTOS DIRETORIA                        ","DESPEAS OPERACIONAIS                    ","DESPESAS                                ","41131010            ","41131010            ","41131010            ","41131010            ","41131010            ","41131010            ","41131010            ","41131               ","4113                ","41                  ","4                   ","P |01|AK5200||23002"
"41131               ","2","P |01|CT1200||41131011","P |01|CT1200||41131011","P |01|CT1200||41131011","P |01|CT1200||41131011","P |01|CT1200||41131011","P |01|CT1200||41131011","P |01|CT1200||41131011","P |01|CT1200||41131","P |01|CT1200||4113","P |01|CT1200||41","P |01|CT1200||4","MULTAS DE TRANSITO DIRETORIA            ","MULTAS DE TRANSITO DIRETORIA            ","MULTAS DE TRANSITO DIRETORIA            ","MULTAS DE TRANSITO DIRETORIA            ","MULTAS DE TRANSITO DIRETORIA            ","MULTAS DE TRANSITO DIRETORIA            ","MULTAS DE TRANSITO DIRETORIA            ","CUSTOS DIRETORIA                        ","CUSTOS DIRETORIA                        ","DESPEAS OPERACIONAIS                    ","DESPESAS                                ","41131011            ","41131011            ","41131011            ","41131011            ","41131011            ","41131011            ","41131011            ","41131               ","4113                ","41                  ","4                   ","P |01|AK5200||23002"
"4114                ","1","P |01|CT1200||41141","P |01|CT1200||41141","P |01|CT1200||41141","P |01|CT1200||41141","P |01|CT1200||41141","P |01|CT1200||41141","P |01|CT1200||41141","P |01|CT1200||41141","P |01|CT1200||4114","P |01|CT1200||41","P |01|CT1200||4","CUSTOS VIAGENS AEREAS                   ","CUSTOS VIAGENS AEREAS                   ","CUSTOS VIAGENS AEREAS                   ","CUSTOS VIAGENS AEREAS                   ","CUSTOS VIAGENS AEREAS                   ","CUSTOS VIAGENS AEREAS                   ","CUSTOS VIAGENS AEREAS                   ","CUSTOS VIAGENS AEREAS                   ","CUSTOS VIAGENS AEREAS                   ","DESPEAS OPERACIONAIS                    ","DESPESAS                                ","41141               ","41141               ","41141               ","41141               ","41141               ","41141               ","41141               ","41141               ","4114                ","41                  ","4                   ","P |01|AK5200||"
"4114                ","2","P |01|CT1200||41141001","P |01|CT1200||41141001","P |01|CT1200||41141001","P |01|CT1200||41141001","P |01|CT1200||41141001","P |01|CT1200||41141001","P |01|CT1200||41141001","P |01|CT1200||41141001","P |01|CT1200||4114","P |01|CT1200||41","P |01|CT1200||4","CUSTOS VIAGENS AEREAS                   ","CUSTOS VIAGENS AEREAS                   ","CUSTOS VIAGENS AEREAS                   ","CUSTOS VIAGENS AEREAS                   ","CUSTOS VIAGENS AEREAS                   ","CUSTOS VIAGENS AEREAS                   ","CUSTOS VIAGENS AEREAS                   ","CUSTOS VIAGENS AEREAS                   ","CUSTOS VIAGENS AEREAS                   ","DESPEAS OPERACIONAIS                    ","DESPESAS                                ","41141001            ","41141001            ","41141001            ","41141001            ","41141001            ","41141001            ","41141001            ","41141001            ","4114                ","41                  ","4                   ","P |01|AK5200||23001"
"4119                ","1","P |01|CT1200||41191","P |01|CT1200||41191","P |01|CT1200||41191","P |01|CT1200||41191","P |01|CT1200||41191","P |01|CT1200||41191","P |01|CT1200||41191","P |01|CT1200||41191","P |01|CT1200||4119","P |01|CT1200||41","P |01|CT1200||4","OUTRAS DESPESAS                         ","OUTRAS DESPESAS                         ","OUTRAS DESPESAS                         ","OUTRAS DESPESAS                         ","OUTRAS DESPESAS                         ","OUTRAS DESPESAS                         ","OUTRAS DESPESAS                         ","OUTRAS DESPESAS                         ","OUTRAS DESPESAS                         ","DESPEAS OPERACIONAIS                    ","DESPESAS                                ","41191               ","41191               ","41191               ","41191               ","41191               ","41191               ","41191               ","41191               ","4119                ","41                  ","4                   ","P |01|AK5200||"
"4119                ","1","P |01|CT1200||41192","P |01|CT1200||41192","P |01|CT1200||41192","P |01|CT1200||41192","P |01|CT1200||41192","P |01|CT1200||41192","P |01|CT1200||41192","P |01|CT1200||41192","P |01|CT1200||4119","P |01|CT1200||41","P |01|CT1200||4","DESPESAS FINANCEIRAS                    ","DESPESAS FINANCEIRAS                    ","DESPESAS FINANCEIRAS                    ","DESPESAS FINANCEIRAS                    ","DESPESAS FINANCEIRAS                    ","DESPESAS FINANCEIRAS                    ","DESPESAS FINANCEIRAS                    ","DESPESAS FINANCEIRAS                    ","OUTRAS DESPESAS                         ","DESPEAS OPERACIONAIS                    ","DESPESAS                                ","41192               ","41192               ","41192               ","41192               ","41192               ","41192               ","41192               ","41192               ","4119                ","41                  ","4                   ","P |01|AK5200||"
"4119                ","1","P |01|CT1200||41199","P |01|CT1200||41199","P |01|CT1200||41199","P |01|CT1200||41199","P |01|CT1200||41199","P |01|CT1200||41199","P |01|CT1200||41199","P |01|CT1200||41199","P |01|CT1200||4119","P |01|CT1200||41","P |01|CT1200||4","DESPESAS OPERACIONAIS DIVERSAS          ","DESPESAS OPERACIONAIS DIVERSAS          ","DESPESAS OPERACIONAIS DIVERSAS          ","DESPESAS OPERACIONAIS DIVERSAS          ","DESPESAS OPERACIONAIS DIVERSAS          ","DESPESAS OPERACIONAIS DIVERSAS          ","DESPESAS OPERACIONAIS DIVERSAS          ","DESPESAS OPERACIONAIS DIVERSAS          ","OUTRAS DESPESAS                         ","DESPEAS OPERACIONAIS                    ","DESPESAS                                ","41199               ","41199               ","41199               ","41199               ","41199               ","41199               ","41199               ","41199               ","4119                ","41                  ","4                   ","P |01|AK5200||"
"41191               ","2","P |01|CT1200||41191001","P |01|CT1200||41191001","P |01|CT1200||41191001","P |01|CT1200||41191001","P |01|CT1200||41191001","P |01|CT1200||41191001","P |01|CT1200||41191001","P |01|CT1200||41191","P |01|CT1200||4119","P |01|CT1200||41","P |01|CT1200||4","TAXAS MUNIC/ESTADUAIS/FEDERAIS          ","TAXAS MUNIC/ESTADUAIS/FEDERAIS          ","TAXAS MUNIC/ESTADUAIS/FEDERAIS          ","TAXAS MUNIC/ESTADUAIS/FEDERAIS          ","TAXAS MUNIC/ESTADUAIS/FEDERAIS          ","TAXAS MUNIC/ESTADUAIS/FEDERAIS          ","TAXAS MUNIC/ESTADUAIS/FEDERAIS          ","OUTRAS DESPESAS                         ","OUTRAS DESPESAS                         ","DESPEAS OPERACIONAIS                    ","DESPESAS                                ","41191001            ","41191001            ","41191001            ","41191001            ","41191001            ","41191001            ","41191001            ","41191               ","4119                ","41                  ","4                   ","P |01|AK5200||22011"
"41191               ","2","P |01|CT1200||41191002","P |01|CT1200||41191002","P |01|CT1200||41191002","P |01|CT1200||41191002","P |01|CT1200||41191002","P |01|CT1200||41191002","P |01|CT1200||41191002","P |01|CT1200||41191","P |01|CT1200||4119","P |01|CT1200||41","P |01|CT1200||4","DEPRECIACOES                            ","DEPRECIACOES                            ","DEPRECIACOES                            ","DEPRECIACOES                            ","DEPRECIACOES                            ","DEPRECIACOES                            ","DEPRECIACOES                            ","OUTRAS DESPESAS                         ","OUTRAS DESPESAS                         ","DESPEAS OPERACIONAIS                    ","DESPESAS                                ","41191002            ","41191002            ","41191002            ","41191002            ","41191002            ","41191002            ","41191002            ","41191               ","4119                ","41                  ","4                   ","P |01|AK5200||"
"41191               ","2","P |01|CT1200||41191003","P |01|CT1200||41191003","P |01|CT1200||41191003","P |01|CT1200||41191003","P |01|CT1200||41191003","P |01|CT1200||41191003","P |01|CT1200||41191003","P |01|CT1200||41191","P |01|CT1200||4119","P |01|CT1200||41","P |01|CT1200||4","AMORTIZACOES-INTANGIVEL                 ","AMORTIZACOES-INTANGIVEL                 ","AMORTIZACOES-INTANGIVEL                 ","AMORTIZACOES-INTANGIVEL                 ","AMORTIZACOES-INTANGIVEL                 ","AMORTIZACOES-INTANGIVEL                 ","AMORTIZACOES-INTANGIVEL                 ","OUTRAS DESPESAS                         ","OUTRAS DESPESAS                         ","DESPEAS OPERACIONAIS                    ","DESPESAS                                ","41191003            ","41191003            ","41191003            ","41191003            ","41191003            ","41191003            ","41191003            ","41191               ","4119                ","41                  ","4                   ","P |01|AK5200||"
"41191               ","2","P |01|CT1200||41191004","P |01|CT1200||41191004","P |01|CT1200||41191004","P |01|CT1200||41191004","P |01|CT1200||41191004","P |01|CT1200||41191004","P |01|CT1200||41191004","P |01|CT1200||41191","P |01|CT1200||4119","P |01|CT1200||41","P |01|CT1200||4","PERDAS VENDA ATIVO IMOBILIZADO          ","PERDAS VENDA ATIVO IMOBILIZADO          ","PERDAS VENDA ATIVO IMOBILIZADO          ","PERDAS VENDA ATIVO IMOBILIZADO          ","PERDAS VENDA ATIVO IMOBILIZADO          ","PERDAS VENDA ATIVO IMOBILIZADO          ","PERDAS VENDA ATIVO IMOBILIZADO          ","OUTRAS DESPESAS                         ","OUTRAS DESPESAS                         ","DESPEAS OPERACIONAIS                    ","DESPESAS                                ","41191004            ","41191004            ","41191004            ","41191004            ","41191004            ","41191004            ","41191004            ","41191               ","4119                ","41                  ","4                   ","P |01|AK5200||30201"
"41192               ","2","P |01|CT1200||41192001","P |01|CT1200||41192001","P |01|CT1200||41192001","P |01|CT1200||41192001","P |01|CT1200||41192001","P |01|CT1200||41192001","P |01|CT1200||41192001","P |01|CT1200||41192","P |01|CT1200||4119","P |01|CT1200||41","P |01|CT1200||4","TARIFAS BANCARIAS                       ","TARIFAS BANCARIAS                       ","TARIFAS BANCARIAS                       ","TARIFAS BANCARIAS                       ","TARIFAS BANCARIAS                       ","TARIFAS BANCARIAS                       ","TARIFAS BANCARIAS                       ","DESPESAS FINANCEIRAS                    ","OUTRAS DESPESAS                         ","DESPEAS OPERACIONAIS                    ","DESPESAS                                ","41192001            ","41192001            ","41192001            ","41192001            ","41192001            ","41192001            ","41192001            ","41192               ","4119                ","41                  ","4                   ","P |01|AK5200||30202"
"41192               ","2","P |01|CT1200||41192002","P |01|CT1200||41192002","P |01|CT1200||41192002","P |01|CT1200||41192002","P |01|CT1200||41192002","P |01|CT1200||41192002","P |01|CT1200||41192002","P |01|CT1200||41192","P |01|CT1200||4119","P |01|CT1200||41","P |01|CT1200||4","IOF                                     ","IOF                                     ","IOF                                     ","IOF                                     ","IOF                                     ","IOF                                     ","IOF                                     ","DESPESAS FINANCEIRAS                    ","OUTRAS DESPESAS                         ","DESPEAS OPERACIONAIS                    ","DESPESAS                                ","41192002            ","41192002            ","41192002            ","41192002            ","41192002            ","41192002            ","41192002            ","41192               ","4119                ","41                  ","4                   ","P |01|AK5200||30201"
"41192               ","2","P |01|CT1200||41192003","P |01|CT1200||41192003","P |01|CT1200||41192003","P |01|CT1200||41192003","P |01|CT1200||41192003","P |01|CT1200||41192003","P |01|CT1200||41192003","P |01|CT1200||41192","P |01|CT1200||4119","P |01|CT1200||41","P |01|CT1200||4","IR SOBRE APLICACAO/ OUTROS              ","IR SOBRE APLICACAO/ OUTROS              ","IR SOBRE APLICACAO/ OUTROS              ","IR SOBRE APLICACAO/ OUTROS              ","IR SOBRE APLICACAO/ OUTROS              ","IR SOBRE APLICACAO/ OUTROS              ","IR SOBRE APLICACAO/ OUTROS              ","DESPESAS FINANCEIRAS                    ","OUTRAS DESPESAS                         ","DESPEAS OPERACIONAIS                    ","DESPESAS                                ","41192003            ","41192003            ","41192003            ","41192003            ","41192003            ","41192003            ","41192003            ","41192               ","4119                ","41                  ","4                   ","P |01|AK5200||30101"
"41192               ","2","P |01|CT1200||41192004","P |01|CT1200||41192004","P |01|CT1200||41192004","P |01|CT1200||41192004","P |01|CT1200||41192004","P |01|CT1200||41192004","P |01|CT1200||41192004","P |01|CT1200||41192","P |01|CT1200||4119","P |01|CT1200||41","P |01|CT1200||4","DESCONTOS CONCEDIDOS                    ","DESCONTOS CONCEDIDOS                    ","DESCONTOS CONCEDIDOS                    ","DESCONTOS CONCEDIDOS                    ","DESCONTOS CONCEDIDOS                    ","DESCONTOS CONCEDIDOS                    ","DESCONTOS CONCEDIDOS                    ","DESPESAS FINANCEIRAS                    ","OUTRAS DESPESAS                         ","DESPEAS OPERACIONAIS                    ","DESPESAS                                ","41192004            ","41192004            ","41192004            ","41192004            ","41192004            ","41192004            ","41192004            ","41192               ","4119                ","41                  ","4                   ","P |01|AK5200||30203"
"41192               ","2","P |01|CT1200||41192005","P |01|CT1200||41192005","P |01|CT1200||41192005","P |01|CT1200||41192005","P |01|CT1200||41192005","P |01|CT1200||41192005","P |01|CT1200||41192005","P |01|CT1200||41192","P |01|CT1200||4119","P |01|CT1200||41","P |01|CT1200||4","JUROS DE MORA/MULTA                     ","JUROS DE MORA/MULTA                     ","JUROS DE MORA/MULTA                     ","JUROS DE MORA/MULTA                     ","JUROS DE MORA/MULTA                     ","JUROS DE MORA/MULTA                     ","JUROS DE MORA/MULTA                     ","DESPESAS FINANCEIRAS                    ","OUTRAS DESPESAS                         ","DESPEAS OPERACIONAIS                    ","DESPESAS                                ","41192005            ","41192005            ","41192005            ","41192005            ","41192005            ","41192005            ","41192005            ","41192               ","4119                ","41                  ","4                   ","P |01|AK5200||30207"
"41192               ","2","P |01|CT1200||41192006","P |01|CT1200||41192006","P |01|CT1200||41192006","P |01|CT1200||41192006","P |01|CT1200||41192006","P |01|CT1200||41192006","P |01|CT1200||41192006","P |01|CT1200||41192","P |01|CT1200||4119","P |01|CT1200||41","P |01|CT1200||4","JUROS S/CONTA GARANTIDA E CH.ESPECIAL   ","JUROS S/CONTA GARANTIDA E CH.ESPECIAL   ","JUROS S/CONTA GARANTIDA E CH.ESPECIAL   ","JUROS S/CONTA GARANTIDA E CH.ESPECIAL   ","JUROS S/CONTA GARANTIDA E CH.ESPECIAL   ","JUROS S/CONTA GARANTIDA E CH.ESPECIAL   ","JUROS S/CONTA GARANTIDA E CH.ESPECIAL   ","DESPESAS FINANCEIRAS                    ","OUTRAS DESPESAS                         ","DESPEAS OPERACIONAIS                    ","DESPESAS                                ","41192006            ","41192006            ","41192006            ","41192006            ","41192006            ","41192006            ","41192006            ","41192               ","4119                ","41                  ","4                   ","P |01|AK5200||30204"
"41192               ","2","P |01|CT1200||41192007","P |01|CT1200||41192007","P |01|CT1200||41192007","P |01|CT1200||41192007","P |01|CT1200||41192007","P |01|CT1200||41192007","P |01|CT1200||41192007","P |01|CT1200||41192","P |01|CT1200||4119","P |01|CT1200||41","P |01|CT1200||4","JUROS S/EMPR.BANCARIOS/FINANCIAMENTO    ","JUROS S/EMPR.BANCARIOS/FINANCIAMENTO    ","JUROS S/EMPR.BANCARIOS/FINANCIAMENTO    ","JUROS S/EMPR.BANCARIOS/FINANCIAMENTO    ","JUROS S/EMPR.BANCARIOS/FINANCIAMENTO    ","JUROS S/EMPR.BANCARIOS/FINANCIAMENTO    ","JUROS S/EMPR.BANCARIOS/FINANCIAMENTO    ","DESPESAS FINANCEIRAS                    ","OUTRAS DESPESAS                         ","DESPEAS OPERACIONAIS                    ","DESPESAS                                ","41192007            ","41192007            ","41192007            ","41192007            ","41192007            ","41192007            ","41192007            ","41192               ","4119                ","41                  ","4                   ","P |01|AK5200||30205"
"41192               ","2","P |01|CT1200||41192008","P |01|CT1200||41192008","P |01|CT1200||41192008","P |01|CT1200||41192008","P |01|CT1200||41192008","P |01|CT1200||41192008","P |01|CT1200||41192008","P |01|CT1200||41192","P |01|CT1200||4119","P |01|CT1200||41","P |01|CT1200||4","SEGUROS PRESTAMISTAS                    ","SEGUROS PRESTAMISTAS                    ","SEGUROS PRESTAMISTAS                    ","SEGUROS PRESTAMISTAS                    ","SEGUROS PRESTAMISTAS                    ","SEGUROS PRESTAMISTAS                    ","SEGUROS PRESTAMISTAS                    ","DESPESAS FINANCEIRAS                    ","OUTRAS DESPESAS                         ","DESPEAS OPERACIONAIS                    ","DESPESAS                                ","41192008            ","41192008            ","41192008            ","41192008            ","41192008            ","41192008            ","41192008            ","41192               ","4119                ","41                  ","4                   ","P |01|AK5200||30209"
"41192               ","2","P |01|CT1200||41192009","P |01|CT1200||41192009","P |01|CT1200||41192009","P |01|CT1200||41192009","P |01|CT1200||41192009","P |01|CT1200||41192009","P |01|CT1200||41192009","P |01|CT1200||41192","P |01|CT1200||4119","P |01|CT1200||41","P |01|CT1200||4","ENCARGOS DESCONTO DUPLICATAS            ","ENCARGOS DESCONTO DUPLICATAS            ","ENCARGOS DESCONTO DUPLICATAS            ","ENCARGOS DESCONTO DUPLICATAS            ","ENCARGOS DESCONTO DUPLICATAS            ","ENCARGOS DESCONTO DUPLICATAS            ","ENCARGOS DESCONTO DUPLICATAS            ","DESPESAS FINANCEIRAS                    ","OUTRAS DESPESAS                         ","DESPEAS OPERACIONAIS                    ","DESPESAS                                ","41192009            ","41192009            ","41192009            ","41192009            ","41192009            ","41192009            ","41192009            ","41192               ","4119                ","41                  ","4                   ","P |01|AK5200||30208"
"41192               ","2","P |01|CT1200||41192010","P |01|CT1200||41192010","P |01|CT1200||41192010","P |01|CT1200||41192010","P |01|CT1200||41192010","P |01|CT1200||41192010","P |01|CT1200||41192010","P |01|CT1200||41192","P |01|CT1200||4119","P |01|CT1200||41","P |01|CT1200||4","JUROS CONTRATO MUTUO                    ","JUROS CONTRATO MUTUO                    ","JUROS CONTRATO MUTUO                    ","JUROS CONTRATO MUTUO                    ","JUROS CONTRATO MUTUO                    ","JUROS CONTRATO MUTUO                    ","JUROS CONTRATO MUTUO                    ","DESPESAS FINANCEIRAS                    ","OUTRAS DESPESAS                         ","DESPEAS OPERACIONAIS                    ","DESPESAS                                ","41192010            ","41192010            ","41192010            ","41192010            ","41192010            ","41192010            ","41192010            ","41192               ","4119                ","41                  ","4                   ","P |01|AK5200||30206"
"41192               ","2","P |01|CT1200||41192011","P |01|CT1200||41192011","P |01|CT1200||41192011","P |01|CT1200||41192011","P |01|CT1200||41192011","P |01|CT1200||41192011","P |01|CT1200||41192011","P |01|CT1200||41192","P |01|CT1200||4119","P |01|CT1200||41","P |01|CT1200||4","VARIACAO CAMBIAL DEVEDORA               ","VARIACAO CAMBIAL DEVEDORA               ","VARIACAO CAMBIAL DEVEDORA               ","VARIACAO CAMBIAL DEVEDORA               ","VARIACAO CAMBIAL DEVEDORA               ","VARIACAO CAMBIAL DEVEDORA               ","VARIACAO CAMBIAL DEVEDORA               ","DESPESAS FINANCEIRAS                    ","OUTRAS DESPESAS                         ","DESPEAS OPERACIONAIS                    ","DESPESAS                                ","41192011            ","41192011            ","41192011            ","41192011            ","41192011            ","41192011            ","41192011            ","41192               ","4119                ","41                  ","4                   ","P |01|AK5200||30203"
"41199               ","2","P |01|CT1200||41199004","P |01|CT1200||41199004","P |01|CT1200||41199004","P |01|CT1200||41199004","P |01|CT1200||41199004","P |01|CT1200||41199004","P |01|CT1200||41199004","P |01|CT1200||41199","P |01|CT1200||4119","P |01|CT1200||41","P |01|CT1200||4","LIVROS, JORNAIS E REVISTAS              ","LIVROS, JORNAIS E REVISTAS              ","LIVROS, JORNAIS E REVISTAS              ","LIVROS, JORNAIS E REVISTAS              ","LIVROS, JORNAIS E REVISTAS              ","LIVROS, JORNAIS E REVISTAS              ","LIVROS, JORNAIS E REVISTAS              ","DESPESAS OPERACIONAIS DIVERSAS          ","OUTRAS DESPESAS                         ","DESPEAS OPERACIONAIS                    ","DESPESAS                                ","41199004            ","41199004            ","41199004            ","41199004            ","41199004            ","41199004            ","41199004            ","41199               ","4119                ","41                  ","4                   ","P |01|AK5200||22030"
"41199               ","2","P |01|CT1200||41199005","P |01|CT1200||41199005","P |01|CT1200||41199005","P |01|CT1200||41199005","P |01|CT1200||41199005","P |01|CT1200||41199005","P |01|CT1200||41199005","P |01|CT1200||41199","P |01|CT1200||4119","P |01|CT1200||41","P |01|CT1200||4","ASSOCIACOES DE CLASSE                   ","ASSOCIACOES DE CLASSE                   ","ASSOCIACOES DE CLASSE                   ","ASSOCIACOES DE CLASSE                   ","ASSOCIACOES DE CLASSE                   ","ASSOCIACOES DE CLASSE                   ","ASSOCIACOES DE CLASSE                   ","DESPESAS OPERACIONAIS DIVERSAS          ","OUTRAS DESPESAS                         ","DESPEAS OPERACIONAIS                    ","DESPESAS                                ","41199005            ","41199005            ","41199005            ","41199005            ","41199005            ","41199005            ","41199005            ","41199               ","4119                ","41                  ","4                   ","P |01|AK5200||22031"
"41199               ","2","P |01|CT1200||41199006","P |01|CT1200||41199006","P |01|CT1200||41199006","P |01|CT1200||41199006","P |01|CT1200||41199006","P |01|CT1200||41199006","P |01|CT1200||41199006","P |01|CT1200||41199","P |01|CT1200||4119","P |01|CT1200||41","P |01|CT1200||4","ASSINATURAS JORNAIS E REVISTAS          ","ASSINATURAS JORNAIS E REVISTAS          ","ASSINATURAS JORNAIS E REVISTAS          ","ASSINATURAS JORNAIS E REVISTAS          ","ASSINATURAS JORNAIS E REVISTAS          ","ASSINATURAS JORNAIS E REVISTAS          ","ASSINATURAS JORNAIS E REVISTAS          ","DESPESAS OPERACIONAIS DIVERSAS          ","OUTRAS DESPESAS                         ","DESPEAS OPERACIONAIS                    ","DESPESAS                                ","41199006            ","41199006            ","41199006            ","41199006            ","41199006            ","41199006            ","41199006            ","41199               ","4119                ","41                  ","4                   ","P |01|AK5200||22031"
"41199               ","2","P |01|CT1200||41199007","P |01|CT1200||41199007","P |01|CT1200||41199007","P |01|CT1200||41199007","P |01|CT1200||41199007","P |01|CT1200||41199007","P |01|CT1200||41199007","P |01|CT1200||41199","P |01|CT1200||4119","P |01|CT1200||41","P |01|CT1200||4","CONTRIBUICOES/DOACOES/BRINDES -ADM      ","CONTRIBUICOES/DOACOES/BRINDES -ADM      ","CONTRIBUICOES/DOACOES/BRINDES -ADM      ","CONTRIBUICOES/DOACOES/BRINDES -ADM      ","CONTRIBUICOES/DOACOES/BRINDES -ADM      ","CONTRIBUICOES/DOACOES/BRINDES -ADM      ","CONTRIBUICOES/DOACOES/BRINDES -ADM      ","DESPESAS OPERACIONAIS DIVERSAS          ","OUTRAS DESPESAS                         ","DESPEAS OPERACIONAIS                    ","DESPESAS                                ","41199007            ","41199007            ","41199007            ","41199007            ","41199007            ","41199007            ","41199007            ","41199               ","4119                ","41                  ","4                   ","P |01|AK5200||22045"
"41199               ","2","P |01|CT1200||41199008","P |01|CT1200||41199008","P |01|CT1200||41199008","P |01|CT1200||41199008","P |01|CT1200||41199008","P |01|CT1200||41199008","P |01|CT1200||41199008","P |01|CT1200||41199","P |01|CT1200||4119","P |01|CT1200||41","P |01|CT1200||4","DESPESAS FESTAS CONFRATERNIZACAO RH     ","DESPESAS FESTAS CONFRATERNIZACAO RH     ","DESPESAS FESTAS CONFRATERNIZACAO RH     ","DESPESAS FESTAS CONFRATERNIZACAO RH     ","DESPESAS FESTAS CONFRATERNIZACAO RH     ","DESPESAS FESTAS CONFRATERNIZACAO RH     ","DESPESAS FESTAS CONFRATERNIZACAO RH     ","DESPESAS OPERACIONAIS DIVERSAS          ","OUTRAS DESPESAS                         ","DESPEAS OPERACIONAIS                    ","DESPESAS                                ","41199008            ","41199008            ","41199008            ","41199008            ","41199008            ","41199008            ","41199008            ","41199               ","4119                ","41                  ","4                   ","P |01|AK5200||22044"
"41199               ","2","P |01|CT1200||41199009","P |01|CT1200||41199009","P |01|CT1200||41199009","P |01|CT1200||41199009","P |01|CT1200||41199009","P |01|CT1200||41199009","P |01|CT1200||41199009","P |01|CT1200||41199","P |01|CT1200||4119","P |01|CT1200||41","P |01|CT1200||4","PRODUTOS PRIM.SOCORROS/FARMACIA         ","PRODUTOS PRIM.SOCORROS/FARMACIA         ","PRODUTOS PRIM.SOCORROS/FARMACIA         ","PRODUTOS PRIM.SOCORROS/FARMACIA         ","PRODUTOS PRIM.SOCORROS/FARMACIA         ","PRODUTOS PRIM.SOCORROS/FARMACIA         ","PRODUTOS PRIM.SOCORROS/FARMACIA         ","DESPESAS OPERACIONAIS DIVERSAS          ","OUTRAS DESPESAS                         ","DESPEAS OPERACIONAIS                    ","DESPESAS                                ","41199009            ","41199009            ","41199009            ","41199009            ","41199009            ","41199009            ","41199009            ","41199               ","4119                ","41                  ","4                   ","P |01|AK5200||22023"
"41199               ","2","P |01|CT1200||41199010","P |01|CT1200||41199010","P |01|CT1200||41199010","P |01|CT1200||41199010","P |01|CT1200||41199010","P |01|CT1200||41199010","P |01|CT1200||41199010","P |01|CT1200||41199","P |01|CT1200||4119","P |01|CT1200||41","P |01|CT1200||4","DESPESAS COM AGUA MINERAL               ","DESPESAS COM AGUA MINERAL               ","DESPESAS COM AGUA MINERAL               ","DESPESAS COM AGUA MINERAL               ","DESPESAS COM AGUA MINERAL               ","DESPESAS COM AGUA MINERAL               ","DESPESAS COM AGUA MINERAL               ","DESPESAS OPERACIONAIS DIVERSAS          ","OUTRAS DESPESAS                         ","DESPEAS OPERACIONAIS                    ","DESPESAS                                ","41199010            ","41199010            ","41199010            ","41199010            ","41199010            ","41199010            ","41199010            ","41199               ","4119                ","41                  ","4                   ","P |01|AK5200||22021"
"41199               ","2","P |01|CT1200||41199011","P |01|CT1200||41199011","P |01|CT1200||41199011","P |01|CT1200||41199011","P |01|CT1200||41199011","P |01|CT1200||41199011","P |01|CT1200||41199011","P |01|CT1200||41199","P |01|CT1200||4119","P |01|CT1200||41","P |01|CT1200||4","CAFE/LANCHES                            ","CAFE/LANCHES                            ","CAFE/LANCHES                            ","CAFE/LANCHES                            ","CAFE/LANCHES                            ","CAFE/LANCHES                            ","CAFE/LANCHES                            ","DESPESAS OPERACIONAIS DIVERSAS          ","OUTRAS DESPESAS                         ","DESPEAS OPERACIONAIS                    ","DESPESAS                                ","41199011            ","41199011            ","41199011            ","41199011            ","41199011            ","41199011            ","41199011            ","41199               ","4119                ","41                  ","4                   ","P |01|AK5200||22021"
"41199               ","2","P |01|CT1200||41199012","P |01|CT1200||41199012","P |01|CT1200||41199012","P |01|CT1200||41199012","P |01|CT1200||41199012","P |01|CT1200||41199012","P |01|CT1200||41199012","P |01|CT1200||41199","P |01|CT1200||4119","P |01|CT1200||41","P |01|CT1200||4","PAISAGISMO/DECORACOES                   ","PAISAGISMO/DECORACOES                   ","PAISAGISMO/DECORACOES                   ","PAISAGISMO/DECORACOES                   ","PAISAGISMO/DECORACOES                   ","PAISAGISMO/DECORACOES                   ","PAISAGISMO/DECORACOES                   ","DESPESAS OPERACIONAIS DIVERSAS          ","OUTRAS DESPESAS                         ","DESPEAS OPERACIONAIS                    ","DESPESAS                                ","41199012            ","41199012            ","41199012            ","41199012            ","41199012            ","41199012            ","41199012            ","41199               ","4119                ","41                  ","4                   ","P |01|AK5200||22008"
"41199               ","2","P |01|CT1200||41199013","P |01|CT1200||41199013","P |01|CT1200||41199013","P |01|CT1200||41199013","P |01|CT1200||41199013","P |01|CT1200||41199013","P |01|CT1200||41199013","P |01|CT1200||41199","P |01|CT1200||4119","P |01|CT1200||41","P |01|CT1200||4","PATROCINIO ADM                          ","PATROCINIO ADM                          ","PATROCINIO ADM                          ","PATROCINIO ADM                          ","PATROCINIO ADM                          ","PATROCINIO ADM                          ","PATROCINIO ADM                          ","DESPESAS OPERACIONAIS DIVERSAS          ","OUTRAS DESPESAS                         ","DESPEAS OPERACIONAIS                    ","DESPESAS                                ","41199013            ","41199013            ","41199013            ","41199013            ","41199013            ","41199013            ","41199013            ","41199               ","4119                ","41                  ","4                   ","P |01|AK5200||20604"
"41199               ","2","P |01|CT1200||41199014","P |01|CT1200||41199014","P |01|CT1200||41199014","P |01|CT1200||41199014","P |01|CT1200||41199014","P |01|CT1200||41199014","P |01|CT1200||41199014","P |01|CT1200||41199","P |01|CT1200||4119","P |01|CT1200||41","P |01|CT1200||4","PRACA ADOTADA - REVITALIZACAO           ","PRACA ADOTADA - REVITALIZACAO           ","PRACA ADOTADA - REVITALIZACAO           ","PRACA ADOTADA - REVITALIZACAO           ","PRACA ADOTADA - REVITALIZACAO           ","PRACA ADOTADA - REVITALIZACAO           ","PRACA ADOTADA - REVITALIZACAO           ","DESPESAS OPERACIONAIS DIVERSAS          ","OUTRAS DESPESAS                         ","DESPEAS OPERACIONAIS                    ","DESPESAS                                ","41199014            ","41199014            ","41199014            ","41199014            ","41199014            ","41199014            ","41199014            ","41199               ","4119                ","41                  ","4                   ","P |01|AK5200||20602"
"41199               ","2","P |01|CT1200||41199016","P |01|CT1200||41199016","P |01|CT1200||41199016","P |01|CT1200||41199016","P |01|CT1200||41199016","P |01|CT1200||41199016","P |01|CT1200||41199016","P |01|CT1200||41199","P |01|CT1200||4119","P |01|CT1200||41","P |01|CT1200||4","ROYALTIES DE SERVICOS                   ","ROYALTIES DE SERVICOS                   ","ROYALTIES DE SERVICOS                   ","ROYALTIES DE SERVICOS                   ","ROYALTIES DE SERVICOS                   ","ROYALTIES DE SERVICOS                   ","ROYALTIES DE SERVICOS                   ","DESPESAS OPERACIONAIS DIVERSAS          ","OUTRAS DESPESAS                         ","DESPEAS OPERACIONAIS                    ","DESPESAS                                ","41199016            ","41199016            ","41199016            ","41199016            ","41199016            ","41199016            ","41199016            ","41199               ","4119                ","41                  ","4                   ","P |01|AK5200||20701"
"41199               ","2","P |01|CT1200||41199019","P |01|CT1200||41199019","P |01|CT1200||41199019","P |01|CT1200||41199019","P |01|CT1200||41199019","P |01|CT1200||41199019","P |01|CT1200||41199019","P |01|CT1200||41199","P |01|CT1200||4119","P |01|CT1200||41","P |01|CT1200||4","RATEIOS CORPORATIVOS                    ","RATEIOS CORPORATIVOS                    ","RATEIOS CORPORATIVOS                    ","RATEIOS CORPORATIVOS                    ","RATEIOS CORPORATIVOS                    ","RATEIOS CORPORATIVOS                    ","RATEIOS CORPORATIVOS                    ","DESPESAS OPERACIONAIS DIVERSAS          ","OUTRAS DESPESAS                         ","DESPEAS OPERACIONAIS                    ","DESPESAS                                ","41199019            ","41199019            ","41199019            ","41199019            ","41199019            ","41199019            ","41199019            ","41199               ","4119                ","41                  ","4                   ","P |01|AK5200||"
"41199               ","2","P |01|CT1200||41199020","P |01|CT1200||41199020","P |01|CT1200||41199020","P |01|CT1200||41199020","P |01|CT1200||41199020","P |01|CT1200||41199020","P |01|CT1200||41199020","P |01|CT1200||41199","P |01|CT1200||4119","P |01|CT1200||41","P |01|CT1200||4","REPASSE CUSTO ATEND.ENTRE UNIDADES      ","REPASSE CUSTO ATEND.ENTRE UNIDADES      ","REPASSE CUSTO ATEND.ENTRE UNIDADES      ","REPASSE CUSTO ATEND.ENTRE UNIDADES      ","REPASSE CUSTO ATEND.ENTRE UNIDADES      ","REPASSE CUSTO ATEND.ENTRE UNIDADES      ","REPASSE CUSTO ATEND.ENTRE UNIDADES      ","DESPESAS OPERACIONAIS DIVERSAS          ","OUTRAS DESPESAS                         ","DESPEAS OPERACIONAIS                    ","DESPESAS                                ","41199020            ","41199020            ","41199020            ","41199020            ","41199020            ","41199020            ","41199020            ","41199               ","4119                ","41                  ","4                   ","P |01|AK5200||20901"
"41199               ","2","P |01|CT1200||41199021","P |01|CT1200||41199021","P |01|CT1200||41199021","P |01|CT1200||41199021","P |01|CT1200||41199021","P |01|CT1200||41199021","P |01|CT1200||41199021","P |01|CT1200||41199","P |01|CT1200||4119","P |01|CT1200||41","P |01|CT1200||4","REPRESENTACAO COMERCIAL                 ","REPRESENTACAO COMERCIAL                 ","REPRESENTACAO COMERCIAL                 ","REPRESENTACAO COMERCIAL                 ","REPRESENTACAO COMERCIAL                 ","REPRESENTACAO COMERCIAL                 ","REPRESENTACAO COMERCIAL                 ","DESPESAS OPERACIONAIS DIVERSAS          ","OUTRAS DESPESAS                         ","DESPEAS OPERACIONAIS                    ","DESPESAS                                ","41199021            ","41199021            ","41199021            ","41199021            ","41199021            ","41199021            ","41199021            ","41199               ","4119                ","41                  ","4                   ","P |01|AK5200||20605"
"41199               ","2","P |01|CT1200||41199099","P |01|CT1200||41199099","P |01|CT1200||41199099","P |01|CT1200||41199099","P |01|CT1200||41199099","P |01|CT1200||41199099","P |01|CT1200||41199099","P |01|CT1200||41199","P |01|CT1200||4119","P |01|CT1200||41","P |01|CT1200||4","OUTRAS DESPESAS ADM                     ","OUTRAS DESPESAS ADM                     ","OUTRAS DESPESAS ADM                     ","OUTRAS DESPESAS ADM                     ","OUTRAS DESPESAS ADM                     ","OUTRAS DESPESAS ADM                     ","OUTRAS DESPESAS ADM                     ","DESPESAS OPERACIONAIS DIVERSAS          ","OUTRAS DESPESAS                         ","DESPEAS OPERACIONAIS                    ","DESPESAS                                ","41199099            ","41199099            ","41199099            ","41199099            ","41199099            ","41199099            ","41199099            ","41199               ","4119                ","41                  ","4                   ","P |01|AK5200||22033"
"412                 ","1","P |01|CT1200||4120","P |01|CT1200||4120","P |01|CT1200||4120","P |01|CT1200||4120","P |01|CT1200||4120","P |01|CT1200||4120","P |01|CT1200||4120","P |01|CT1200||4120","P |01|CT1200||412","P |01|CT1200||41","P |01|CT1200||4","DESPESAS NAO OPERACIONAIS               ","DESPESAS NAO OPERACIONAIS               ","DESPESAS NAO OPERACIONAIS               ","DESPESAS NAO OPERACIONAIS               ","DESPESAS NAO OPERACIONAIS               ","DESPESAS NAO OPERACIONAIS               ","DESPESAS NAO OPERACIONAIS               ","DESPESAS NAO OPERACIONAIS               ","DESPESAS NAO OPERACIONAIS               ","DESPEAS OPERACIONAIS                    ","DESPESAS                                ","4120                ","4120                ","4120                ","4120                ","4120                ","4120                ","4120                ","4120                ","412                 ","41                  ","4                   ","P |01|AK5200||"
"4120                ","2","P |01|CT1200||41201","P |01|CT1200||41201","P |01|CT1200||41201","P |01|CT1200||41201","P |01|CT1200||41201","P |01|CT1200||41201","P |01|CT1200||41201","P |01|CT1200||4120","P |01|CT1200||412","P |01|CT1200||41","P |01|CT1200||4","DESPESAS NAO OPERACIONAIS               ","DESPESAS NAO OPERACIONAIS               ","DESPESAS NAO OPERACIONAIS               ","DESPESAS NAO OPERACIONAIS               ","DESPESAS NAO OPERACIONAIS               ","DESPESAS NAO OPERACIONAIS               ","DESPESAS NAO OPERACIONAIS               ","DESPESAS NAO OPERACIONAIS               ","DESPESAS NAO OPERACIONAIS               ","DESPEAS OPERACIONAIS                    ","DESPESAS                                ","41201               ","41201               ","41201               ","41201               ","41201               ","41201               ","41201               ","4120                ","412                 ","41                  ","4                   ","P |01|AK5200||"
"4120                ","2","P |01|CT1200||41201001","P |01|CT1200||41201001","P |01|CT1200||41201001","P |01|CT1200||41201001","P |01|CT1200||41201001","P |01|CT1200||41201001","P |01|CT1200||41201001","P |01|CT1200||4120","P |01|CT1200||412","P |01|CT1200||41","P |01|CT1200||4","COMPRA CARTEIRAS DE CLIENTES            ","COMPRA CARTEIRAS DE CLIENTES            ","COMPRA CARTEIRAS DE CLIENTES            ","COMPRA CARTEIRAS DE CLIENTES            ","COMPRA CARTEIRAS DE CLIENTES            ","COMPRA CARTEIRAS DE CLIENTES            ","COMPRA CARTEIRAS DE CLIENTES            ","DESPESAS NAO OPERACIONAIS               ","DESPESAS NAO OPERACIONAIS               ","DESPEAS OPERACIONAIS                    ","DESPESAS                                ","41201001            ","41201001            ","41201001            ","41201001            ","41201001            ","41201001            ","41201001            ","4120                ","412                 ","41                  ","4                   ","P |01|AK5200||"
"4120                ","2","P |01|CT1200||41201009","P |01|CT1200||41201009","P |01|CT1200||41201009","P |01|CT1200||41201009","P |01|CT1200||41201009","P |01|CT1200||41201009","P |01|CT1200||41201009","P |01|CT1200||4120","P |01|CT1200||412","P |01|CT1200||41","P |01|CT1200||4","PERDAS COM EQUIVALENCIA PATRIMONIAL     ","PERDAS COM EQUIVALENCIA PATRIMONIAL     ","PERDAS COM EQUIVALENCIA PATRIMONIAL     ","PERDAS COM EQUIVALENCIA PATRIMONIAL     ","PERDAS COM EQUIVALENCIA PATRIMONIAL     ","PERDAS COM EQUIVALENCIA PATRIMONIAL     ","PERDAS COM EQUIVALENCIA PATRIMONIAL     ","DESPESAS NAO OPERACIONAIS               ","DESPESAS NAO OPERACIONAIS               ","DESPEAS OPERACIONAIS                    ","DESPESAS                                ","41201009            ","41201009            ","41201009            ","41201009            ","41201009            ","41201009            ","41201009            ","4120                ","412                 ","41                  ","4                   ","P |01|AK5200||"
"4120                ","2","P |01|CT1200||41201010","P |01|CT1200||41201010","P |01|CT1200||41201010","P |01|CT1200||41201010","P |01|CT1200||41201010","P |01|CT1200||41201010","P |01|CT1200||41201010","P |01|CT1200||4120","P |01|CT1200||412","P |01|CT1200||41","P |01|CT1200||4","OUTRAS DESPESAS NAO OPERACIONAIS        ","OUTRAS DESPESAS NAO OPERACIONAIS        ","OUTRAS DESPESAS NAO OPERACIONAIS        ","OUTRAS DESPESAS NAO OPERACIONAIS        ","OUTRAS DESPESAS NAO OPERACIONAIS        ","OUTRAS DESPESAS NAO OPERACIONAIS        ","OUTRAS DESPESAS NAO OPERACIONAIS        ","DESPESAS NAO OPERACIONAIS               ","DESPESAS NAO OPERACIONAIS               ","DESPEAS OPERACIONAIS                    ","DESPESAS                                ","41201010            ","41201010            ","41201010            ","41201010            ","41201010            ","41201010            ","41201010            ","4120                ","412                 ","41                  ","4                   ","P |01|AK5200||"
"5                   ","1","P |01|CT1200||51","P |01|CT1200||51","P |01|CT1200||51","P |01|CT1200||51","P |01|CT1200||51","P |01|CT1200||51","P |01|CT1200||51","P |01|CT1200||51","P |01|CT1200||51","P |01|CT1200||51","P |01|CT1200||5","DESPESAS NAO OPERACIONAIS               ","DESPESAS NAO OPERACIONAIS               ","DESPESAS NAO OPERACIONAIS               ","DESPESAS NAO OPERACIONAIS               ","DESPESAS NAO OPERACIONAIS               ","DESPESAS NAO OPERACIONAIS               ","DESPESAS NAO OPERACIONAIS               ","DESPESAS NAO OPERACIONAIS               ","DESPESAS NAO OPERACIONAIS               ","DESPESAS NAO OPERACIONAIS               ","DESPESAS NAO OPERACIONAIS               ","51                  ","51                  ","51                  ","51                  ","51                  ","51                  ","51                  ","51                  ","51                  ","51                  ","5                   ","P |01|AK5200||"
"5                   ","1","P |01|CT1200||51","P |01|CT1200||51","P |01|CT1200||51","P |01|CT1200||51","P |01|CT1200||51","P |01|CT1200||51","P |01|CT1200||51","P |01|CT1200||51","P |01|CT1200||51","P |01|CT1200||51","P |01|CT1200||5","DESPESAS NAO OPERACIONAIS               ","DESPESAS NAO OPERACIONAIS               ","DESPESAS NAO OPERACIONAIS               ","DESPESAS NAO OPERACIONAIS               ","DESPESAS NAO OPERACIONAIS               ","DESPESAS NAO OPERACIONAIS               ","DESPESAS NAO OPERACIONAIS               ","DESPESAS NAO OPERACIONAIS               ","DESPESAS NAO OPERACIONAIS               ","DESPESAS NAO OPERACIONAIS               ","RESUMO DOS INVESTIMENTOS                ","51                  ","51                  ","51                  ","51                  ","51                  ","51                  ","51                  ","51                  ","51                  ","51                  ","5                   ","P |01|AK5200||"
"51                  ","1","P |01|CT1200||5101","P |01|CT1200||5101","P |01|CT1200||5101","P |01|CT1200||5101","P |01|CT1200||5101","P |01|CT1200||5101","P |01|CT1200||5101","P |01|CT1200||5101","P |01|CT1200||5101","P |01|CT1200||51","P |01|CT1200||5","DESPESAS NAO OPERACIONAIS               ","DESPESAS NAO OPERACIONAIS               ","DESPESAS NAO OPERACIONAIS               ","DESPESAS NAO OPERACIONAIS               ","DESPESAS NAO OPERACIONAIS               ","DESPESAS NAO OPERACIONAIS               ","DESPESAS NAO OPERACIONAIS               ","DESPESAS NAO OPERACIONAIS               ","DESPESAS NAO OPERACIONAIS               ","CUSTOS                                  ","DESPESAS NAO OPERACIONAIS               ","5101                ","5101                ","5101                ","5101                ","5101                ","5101                ","5101                ","5101                ","5101                ","51                  ","5                   ","P |01|AK5200||"
"51                  ","1","P |01|CT1200||5101","P |01|CT1200||5101","P |01|CT1200||5101","P |01|CT1200||5101","P |01|CT1200||5101","P |01|CT1200||5101","P |01|CT1200||5101","P |01|CT1200||5101","P |01|CT1200||5101","P |01|CT1200||51","P |01|CT1200||5","DESPESAS NAO OPERACIONAIS               ","DESPESAS NAO OPERACIONAIS               ","DESPESAS NAO OPERACIONAIS               ","DESPESAS NAO OPERACIONAIS               ","DESPESAS NAO OPERACIONAIS               ","DESPESAS NAO OPERACIONAIS               ","DESPESAS NAO OPERACIONAIS               ","DESPESAS NAO OPERACIONAIS               ","DESPESAS NAO OPERACIONAIS               ","CUSTOS                                  ","RESUMO DOS INVESTIMENTOS                ","5101                ","5101                ","5101                ","5101                ","5101                ","5101                ","5101                ","5101                ","5101                ","51                  ","5                   ","P |01|AK5200||"
"51                  ","1","P |01|CT1200||5101","P |01|CT1200||5101","P |01|CT1200||5101","P |01|CT1200||5101","P |01|CT1200||5101","P |01|CT1200||5101","P |01|CT1200||5101","P |01|CT1200||5101","P |01|CT1200||5101","P |01|CT1200||51","P |01|CT1200||5","DESPESAS NAO OPERACIONAIS               ","DESPESAS NAO OPERACIONAIS               ","DESPESAS NAO OPERACIONAIS               ","DESPESAS NAO OPERACIONAIS               ","DESPESAS NAO OPERACIONAIS               ","DESPESAS NAO OPERACIONAIS               ","DESPESAS NAO OPERACIONAIS               ","DESPESAS NAO OPERACIONAIS               ","DESPESAS NAO OPERACIONAIS               ","DESPESAS NAO OPERACIONAIS               ","DESPESAS NAO OPERACIONAIS               ","5101                ","5101                ","5101                ","5101                ","5101                ","5101                ","5101                ","5101                ","5101                ","51                  ","5                   ","P |01|AK5200||"
"51                  ","1","P |01|CT1200||5101","P |01|CT1200||5101","P |01|CT1200||5101","P |01|CT1200||5101","P |01|CT1200||5101","P |01|CT1200||5101","P |01|CT1200||5101","P |01|CT1200||5101","P |01|CT1200||5101","P |01|CT1200||51","P |01|CT1200||5","DESPESAS NAO OPERACIONAIS               ","DESPESAS NAO OPERACIONAIS               ","DESPESAS NAO OPERACIONAIS               ","DESPESAS NAO OPERACIONAIS               ","DESPESAS NAO OPERACIONAIS               ","DESPESAS NAO OPERACIONAIS               ","DESPESAS NAO OPERACIONAIS               ","DESPESAS NAO OPERACIONAIS               ","DESPESAS NAO OPERACIONAIS               ","DESPESAS NAO OPERACIONAIS               ","RESUMO DOS INVESTIMENTOS                ","5101                ","5101                ","5101                ","5101                ","5101                ","5101                ","5101                ","5101                ","5101                ","51                  ","5                   ","P |01|AK5200||"
"5101                ","1","P |01|CT1200||51011","P |01|CT1200||51011","P |01|CT1200||51011","P |01|CT1200||51011","P |01|CT1200||51011","P |01|CT1200||51011","P |01|CT1200||51011","P |01|CT1200||51011","P |01|CT1200||5101","P |01|CT1200||51","P |01|CT1200||5","DESPESAS NAO OPERACIONAIS               ","DESPESAS NAO OPERACIONAIS               ","DESPESAS NAO OPERACIONAIS               ","DESPESAS NAO OPERACIONAIS               ","DESPESAS NAO OPERACIONAIS               ","DESPESAS NAO OPERACIONAIS               ","DESPESAS NAO OPERACIONAIS               ","DESPESAS NAO OPERACIONAIS               ","CUSTO DE DESENVOLVIMENTO                ","CUSTOS                                  ","DESPESAS NAO OPERACIONAIS               ","51011               ","51011               ","51011               ","51011               ","51011               ","51011               ","51011               ","51011               ","5101                ","51                  ","5                   ","P |01|AK5200||"
"5101                ","1","P |01|CT1200||51011","P |01|CT1200||51011","P |01|CT1200||51011","P |01|CT1200||51011","P |01|CT1200||51011","P |01|CT1200||51011","P |01|CT1200||51011","P |01|CT1200||51011","P |01|CT1200||5101","P |01|CT1200||51","P |01|CT1200||5","DESPESAS NAO OPERACIONAIS               ","DESPESAS NAO OPERACIONAIS               ","DESPESAS NAO OPERACIONAIS               ","DESPESAS NAO OPERACIONAIS               ","DESPESAS NAO OPERACIONAIS               ","DESPESAS NAO OPERACIONAIS               ","DESPESAS NAO OPERACIONAIS               ","DESPESAS NAO OPERACIONAIS               ","CUSTO DE DESENVOLVIMENTO                ","CUSTOS                                  ","RESUMO DOS INVESTIMENTOS                ","51011               ","51011               ","51011               ","51011               ","51011               ","51011               ","51011               ","51011               ","5101                ","51                  ","5                   ","P |01|AK5200||"
"5101                ","1","P |01|CT1200||51011","P |01|CT1200||51011","P |01|CT1200||51011","P |01|CT1200||51011","P |01|CT1200||51011","P |01|CT1200||51011","P |01|CT1200||51011","P |01|CT1200||51011","P |01|CT1200||5101","P |01|CT1200||51","P |01|CT1200||5","DESPESAS NAO OPERACIONAIS               ","DESPESAS NAO OPERACIONAIS               ","DESPESAS NAO OPERACIONAIS               ","DESPESAS NAO OPERACIONAIS               ","DESPESAS NAO OPERACIONAIS               ","DESPESAS NAO OPERACIONAIS               ","DESPESAS NAO OPERACIONAIS               ","DESPESAS NAO OPERACIONAIS               ","CUSTO DE DESENVOLVIMENTO                ","DESPESAS NAO OPERACIONAIS               ","DESPESAS NAO OPERACIONAIS               ","51011               ","51011               ","51011               ","51011               ","51011               ","51011               ","51011               ","51011               ","5101                ","51                  ","5                   ","P |01|AK5200||"
"5101                ","1","P |01|CT1200||51011","P |01|CT1200||51011","P |01|CT1200||51011","P |01|CT1200||51011","P |01|CT1200||51011","P |01|CT1200||51011","P |01|CT1200||51011","P |01|CT1200||51011","P |01|CT1200||5101","P |01|CT1200||51","P |01|CT1200||5","DESPESAS NAO OPERACIONAIS               ","DESPESAS NAO OPERACIONAIS               ","DESPESAS NAO OPERACIONAIS               ","DESPESAS NAO OPERACIONAIS               ","DESPESAS NAO OPERACIONAIS               ","DESPESAS NAO OPERACIONAIS               ","DESPESAS NAO OPERACIONAIS               ","DESPESAS NAO OPERACIONAIS               ","CUSTO DE DESENVOLVIMENTO                ","DESPESAS NAO OPERACIONAIS               ","RESUMO DOS INVESTIMENTOS                ","51011               ","51011               ","51011               ","51011               ","51011               ","51011               ","51011               ","51011               ","5101                ","51                  ","5                   ","P |01|AK5200||"
"5101                ","1","P |01|CT1200||51011","P |01|CT1200||51011","P |01|CT1200||51011","P |01|CT1200||51011","P |01|CT1200||51011","P |01|CT1200||51011","P |01|CT1200||51011","P |01|CT1200||51011","P |01|CT1200||5101","P |01|CT1200||51","P |01|CT1200||5","DESPESAS NAO OPERACIONAIS               ","DESPESAS NAO OPERACIONAIS               ","DESPESAS NAO OPERACIONAIS               ","DESPESAS NAO OPERACIONAIS               ","DESPESAS NAO OPERACIONAIS               ","DESPESAS NAO OPERACIONAIS               ","DESPESAS NAO OPERACIONAIS               ","DESPESAS NAO OPERACIONAIS               ","DESPESAS NAO OPERACIONAIS               ","CUSTOS                                  ","DESPESAS NAO OPERACIONAIS               ","51011               ","51011               ","51011               ","51011               ","51011               ","51011               ","51011               ","51011               ","5101                ","51                  ","5                   ","P |01|AK5200||"
"5101                ","1","P |01|CT1200||51011","P |01|CT1200||51011","P |01|CT1200||51011","P |01|CT1200||51011","P |01|CT1200||51011","P |01|CT1200||51011","P |01|CT1200||51011","P |01|CT1200||51011","P |01|CT1200||5101","P |01|CT1200||51","P |01|CT1200||5","DESPESAS NAO OPERACIONAIS               ","DESPESAS NAO OPERACIONAIS               ","DESPESAS NAO OPERACIONAIS               ","DESPESAS NAO OPERACIONAIS               ","DESPESAS NAO OPERACIONAIS               ","DESPESAS NAO OPERACIONAIS               ","DESPESAS NAO OPERACIONAIS               ","DESPESAS NAO OPERACIONAIS               ","DESPESAS NAO OPERACIONAIS               ","CUSTOS                                  ","RESUMO DOS INVESTIMENTOS                ","51011               ","51011               ","51011               ","51011               ","51011               ","51011               ","51011               ","51011               ","5101                ","51                  ","5                   ","P |01|AK5200||"
"5101                ","1","P |01|CT1200||51011","P |01|CT1200||51011","P |01|CT1200||51011","P |01|CT1200||51011","P |01|CT1200||51011","P |01|CT1200||51011","P |01|CT1200||51011","P |01|CT1200||51011","P |01|CT1200||5101","P |01|CT1200||51","P |01|CT1200||5","DESPESAS NAO OPERACIONAIS               ","DESPESAS NAO OPERACIONAIS               ","DESPESAS NAO OPERACIONAIS               ","DESPESAS NAO OPERACIONAIS               ","DESPESAS NAO OPERACIONAIS               ","DESPESAS NAO OPERACIONAIS               ","DESPESAS NAO OPERACIONAIS               ","DESPESAS NAO OPERACIONAIS               ","DESPESAS NAO OPERACIONAIS               ","DESPESAS NAO OPERACIONAIS               ","DESPESAS NAO OPERACIONAIS               ","51011               ","51011               ","51011               ","51011               ","51011               ","51011               ","51011               ","51011               ","5101                ","51                  ","5                   ","P |01|AK5200||"
"5101                ","1","P |01|CT1200||51011","P |01|CT1200||51011","P |01|CT1200||51011","P |01|CT1200||51011","P |01|CT1200||51011","P |01|CT1200||51011","P |01|CT1200||51011","P |01|CT1200||51011","P |01|CT1200||5101","P |01|CT1200||51","P |01|CT1200||5","DESPESAS NAO OPERACIONAIS               ","DESPESAS NAO OPERACIONAIS               ","DESPESAS NAO OPERACIONAIS               ","DESPESAS NAO OPERACIONAIS               ","DESPESAS NAO OPERACIONAIS               ","DESPESAS NAO OPERACIONAIS               ","DESPESAS NAO OPERACIONAIS               ","DESPESAS NAO OPERACIONAIS               ","DESPESAS NAO OPERACIONAIS               ","DESPESAS NAO OPERACIONAIS               ","RESUMO DOS INVESTIMENTOS                ","51011               ","51011               ","51011               ","51011               ","51011               ","51011               ","51011               ","51011               ","5101                ","51                  ","5                   ","P |01|AK5200||"
"51011               ","2","P |01|CT1200||51011001","P |01|CT1200||51011001","P |01|CT1200||51011001","P |01|CT1200||51011001","P |01|CT1200||51011001","P |01|CT1200||51011001","P |01|CT1200||51011001","P |01|CT1200||51011","P |01|CT1200||5101","P |01|CT1200||51","P |01|CT1200||5","COMPRA DE CARTEIRAS DE CLIENTES         ","COMPRA DE CARTEIRAS DE CLIENTES         ","COMPRA DE CARTEIRAS DE CLIENTES         ","COMPRA DE CARTEIRAS DE CLIENTES         ","COMPRA DE CARTEIRAS DE CLIENTES         ","COMPRA DE CARTEIRAS DE CLIENTES         ","COMPRA DE CARTEIRAS DE CLIENTES         ","DESPESAS NAO OPERACIONAIS               ","CUSTO DE DESENVOLVIMENTO                ","CUSTOS                                  ","DESPESAS NAO OPERACIONAIS               ","51011001            ","51011001            ","51011001            ","51011001            ","51011001            ","51011001            ","51011001            ","51011               ","5101                ","51                  ","5                   ","P |01|AK5200||"
"51011               ","2","P |01|CT1200||51011001","P |01|CT1200||51011001","P |01|CT1200||51011001","P |01|CT1200||51011001","P |01|CT1200||51011001","P |01|CT1200||51011001","P |01|CT1200||51011001","P |01|CT1200||51011","P |01|CT1200||5101","P |01|CT1200||51","P |01|CT1200||5","COMPRA DE CARTEIRAS DE CLIENTES         ","COMPRA DE CARTEIRAS DE CLIENTES         ","COMPRA DE CARTEIRAS DE CLIENTES         ","COMPRA DE CARTEIRAS DE CLIENTES         ","COMPRA DE CARTEIRAS DE CLIENTES         ","COMPRA DE CARTEIRAS DE CLIENTES         ","COMPRA DE CARTEIRAS DE CLIENTES         ","DESPESAS NAO OPERACIONAIS               ","CUSTO DE DESENVOLVIMENTO                ","CUSTOS                                  ","RESUMO DOS INVESTIMENTOS                ","51011001            ","51011001            ","51011001            ","51011001            ","51011001            ","51011001            ","51011001            ","51011               ","5101                ","51                  ","5                   ","P |01|AK5200||"
"51011               ","2","P |01|CT1200||51011001","P |01|CT1200||51011001","P |01|CT1200||51011001","P |01|CT1200||51011001","P |01|CT1200||51011001","P |01|CT1200||51011001","P |01|CT1200||51011001","P |01|CT1200||51011","P |01|CT1200||5101","P |01|CT1200||51","P |01|CT1200||5","COMPRA DE CARTEIRAS DE CLIENTES         ","COMPRA DE CARTEIRAS DE CLIENTES         ","COMPRA DE CARTEIRAS DE CLIENTES         ","COMPRA DE CARTEIRAS DE CLIENTES         ","COMPRA DE CARTEIRAS DE CLIENTES         ","COMPRA DE CARTEIRAS DE CLIENTES         ","COMPRA DE CARTEIRAS DE CLIENTES         ","DESPESAS NAO OPERACIONAIS               ","CUSTO DE DESENVOLVIMENTO                ","DESPESAS NAO OPERACIONAIS               ","DESPESAS NAO OPERACIONAIS               ","51011001            ","51011001            ","51011001            ","51011001            ","51011001            ","51011001            ","51011001            ","51011               ","5101                ","51                  ","5                   ","P |01|AK5200||"
"51011               ","2","P |01|CT1200||51011001","P |01|CT1200||51011001","P |01|CT1200||51011001","P |01|CT1200||51011001","P |01|CT1200||51011001","P |01|CT1200||51011001","P |01|CT1200||51011001","P |01|CT1200||51011","P |01|CT1200||5101","P |01|CT1200||51","P |01|CT1200||5","COMPRA DE CARTEIRAS DE CLIENTES         ","COMPRA DE CARTEIRAS DE CLIENTES         ","COMPRA DE CARTEIRAS DE CLIENTES         ","COMPRA DE CARTEIRAS DE CLIENTES         ","COMPRA DE CARTEIRAS DE CLIENTES         ","COMPRA DE CARTEIRAS DE CLIENTES         ","COMPRA DE CARTEIRAS DE CLIENTES         ","DESPESAS NAO OPERACIONAIS               ","CUSTO DE DESENVOLVIMENTO                ","DESPESAS NAO OPERACIONAIS               ","RESUMO DOS INVESTIMENTOS                ","51011001            ","51011001            ","51011001            ","51011001            ","51011001            ","51011001            ","51011001            ","51011               ","5101                ","51                  ","5                   ","P |01|AK5200||"
"51011               ","2","P |01|CT1200||51011001","P |01|CT1200||51011001","P |01|CT1200||51011001","P |01|CT1200||51011001","P |01|CT1200||51011001","P |01|CT1200||51011001","P |01|CT1200||51011001","P |01|CT1200||51011","P |01|CT1200||5101","P |01|CT1200||51","P |01|CT1200||5","COMPRA DE CARTEIRAS DE CLIENTES         ","COMPRA DE CARTEIRAS DE CLIENTES         ","COMPRA DE CARTEIRAS DE CLIENTES         ","COMPRA DE CARTEIRAS DE CLIENTES         ","COMPRA DE CARTEIRAS DE CLIENTES         ","COMPRA DE CARTEIRAS DE CLIENTES         ","COMPRA DE CARTEIRAS DE CLIENTES         ","DESPESAS NAO OPERACIONAIS               ","DESPESAS NAO OPERACIONAIS               ","CUSTOS                                  ","DESPESAS NAO OPERACIONAIS               ","51011001            ","51011001            ","51011001            ","51011001            ","51011001            ","51011001            ","51011001            ","51011               ","5101                ","51                  ","5                   ","P |01|AK5200||"
"51011               ","2","P |01|CT1200||51011001","P |01|CT1200||51011001","P |01|CT1200||51011001","P |01|CT1200||51011001","P |01|CT1200||51011001","P |01|CT1200||51011001","P |01|CT1200||51011001","P |01|CT1200||51011","P |01|CT1200||5101","P |01|CT1200||51","P |01|CT1200||5","COMPRA DE CARTEIRAS DE CLIENTES         ","COMPRA DE CARTEIRAS DE CLIENTES         ","COMPRA DE CARTEIRAS DE CLIENTES         ","COMPRA DE CARTEIRAS DE CLIENTES         ","COMPRA DE CARTEIRAS DE CLIENTES         ","COMPRA DE CARTEIRAS DE CLIENTES         ","COMPRA DE CARTEIRAS DE CLIENTES         ","DESPESAS NAO OPERACIONAIS               ","DESPESAS NAO OPERACIONAIS               ","CUSTOS                                  ","RESUMO DOS INVESTIMENTOS                ","51011001            ","51011001            ","51011001            ","51011001            ","51011001            ","51011001            ","51011001            ","51011               ","5101                ","51                  ","5                   ","P |01|AK5200||"
"51011               ","2","P |01|CT1200||51011001","P |01|CT1200||51011001","P |01|CT1200||51011001","P |01|CT1200||51011001","P |01|CT1200||51011001","P |01|CT1200||51011001","P |01|CT1200||51011001","P |01|CT1200||51011","P |01|CT1200||5101","P |01|CT1200||51","P |01|CT1200||5","COMPRA DE CARTEIRAS DE CLIENTES         ","COMPRA DE CARTEIRAS DE CLIENTES         ","COMPRA DE CARTEIRAS DE CLIENTES         ","COMPRA DE CARTEIRAS DE CLIENTES         ","COMPRA DE CARTEIRAS DE CLIENTES         ","COMPRA DE CARTEIRAS DE CLIENTES         ","COMPRA DE CARTEIRAS DE CLIENTES         ","DESPESAS NAO OPERACIONAIS               ","DESPESAS NAO OPERACIONAIS               ","DESPESAS NAO OPERACIONAIS               ","DESPESAS NAO OPERACIONAIS               ","51011001            ","51011001            ","51011001            ","51011001            ","51011001            ","51011001            ","51011001            ","51011               ","5101                ","51                  ","5                   ","P |01|AK5200||"
"51011               ","2","P |01|CT1200||51011001","P |01|CT1200||51011001","P |01|CT1200||51011001","P |01|CT1200||51011001","P |01|CT1200||51011001","P |01|CT1200||51011001","P |01|CT1200||51011001","P |01|CT1200||51011","P |01|CT1200||5101","P |01|CT1200||51","P |01|CT1200||5","COMPRA DE CARTEIRAS DE CLIENTES         ","COMPRA DE CARTEIRAS DE CLIENTES         ","COMPRA DE CARTEIRAS DE CLIENTES         ","COMPRA DE CARTEIRAS DE CLIENTES         ","COMPRA DE CARTEIRAS DE CLIENTES         ","COMPRA DE CARTEIRAS DE CLIENTES         ","COMPRA DE CARTEIRAS DE CLIENTES         ","DESPESAS NAO OPERACIONAIS               ","DESPESAS NAO OPERACIONAIS               ","DESPESAS NAO OPERACIONAIS               ","RESUMO DOS INVESTIMENTOS                ","51011001            ","51011001            ","51011001            ","51011001            ","51011001            ","51011001            ","51011001            ","51011               ","5101                ","51                  ","5                   ","P |01|AK5200||"
"51011               ","2","P |01|CT1200||51011002","P |01|CT1200||51011002","P |01|CT1200||51011002","P |01|CT1200||51011002","P |01|CT1200||51011002","P |01|CT1200||51011002","P |01|CT1200||51011002","P |01|CT1200||51011","P |01|CT1200||5101","P |01|CT1200||51","P |01|CT1200||5","PERDAS COM EQUIVALENCIA PATRIMONIAL     ","PERDAS COM EQUIVALENCIA PATRIMONIAL     ","PERDAS COM EQUIVALENCIA PATRIMONIAL     ","PERDAS COM EQUIVALENCIA PATRIMONIAL     ","PERDAS COM EQUIVALENCIA PATRIMONIAL     ","PERDAS COM EQUIVALENCIA PATRIMONIAL     ","PERDAS COM EQUIVALENCIA PATRIMONIAL     ","DESPESAS NAO OPERACIONAIS               ","CUSTO DE DESENVOLVIMENTO                ","CUSTOS                                  ","DESPESAS NAO OPERACIONAIS               ","51011002            ","51011002            ","51011002            ","51011002            ","51011002            ","51011002            ","51011002            ","51011               ","5101                ","51                  ","5                   ","P |01|AK5200||"
"51011               ","2","P |01|CT1200||51011002","P |01|CT1200||51011002","P |01|CT1200||51011002","P |01|CT1200||51011002","P |01|CT1200||51011002","P |01|CT1200||51011002","P |01|CT1200||51011002","P |01|CT1200||51011","P |01|CT1200||5101","P |01|CT1200||51","P |01|CT1200||5","PERDAS COM EQUIVALENCIA PATRIMONIAL     ","PERDAS COM EQUIVALENCIA PATRIMONIAL     ","PERDAS COM EQUIVALENCIA PATRIMONIAL     ","PERDAS COM EQUIVALENCIA PATRIMONIAL     ","PERDAS COM EQUIVALENCIA PATRIMONIAL     ","PERDAS COM EQUIVALENCIA PATRIMONIAL     ","PERDAS COM EQUIVALENCIA PATRIMONIAL     ","DESPESAS NAO OPERACIONAIS               ","CUSTO DE DESENVOLVIMENTO                ","CUSTOS                                  ","RESUMO DOS INVESTIMENTOS                ","51011002            ","51011002            ","51011002            ","51011002            ","51011002            ","51011002            ","51011002            ","51011               ","5101                ","51                  ","5                   ","P |01|AK5200||"
"51011               ","2","P |01|CT1200||51011002","P |01|CT1200||51011002","P |01|CT1200||51011002","P |01|CT1200||51011002","P |01|CT1200||51011002","P |01|CT1200||51011002","P |01|CT1200||51011002","P |01|CT1200||51011","P |01|CT1200||5101","P |01|CT1200||51","P |01|CT1200||5","PERDAS COM EQUIVALENCIA PATRIMONIAL     ","PERDAS COM EQUIVALENCIA PATRIMONIAL     ","PERDAS COM EQUIVALENCIA PATRIMONIAL     ","PERDAS COM EQUIVALENCIA PATRIMONIAL     ","PERDAS COM EQUIVALENCIA PATRIMONIAL     ","PERDAS COM EQUIVALENCIA PATRIMONIAL     ","PERDAS COM EQUIVALENCIA PATRIMONIAL     ","DESPESAS NAO OPERACIONAIS               ","CUSTO DE DESENVOLVIMENTO                ","DESPESAS NAO OPERACIONAIS               ","DESPESAS NAO OPERACIONAIS               ","51011002            ","51011002            ","51011002            ","51011002            ","51011002            ","51011002            ","51011002            ","51011               ","5101                ","51                  ","5                   ","P |01|AK5200||"
"51011               ","2","P |01|CT1200||51011002","P |01|CT1200||51011002","P |01|CT1200||51011002","P |01|CT1200||51011002","P |01|CT1200||51011002","P |01|CT1200||51011002","P |01|CT1200||51011002","P |01|CT1200||51011","P |01|CT1200||5101","P |01|CT1200||51","P |01|CT1200||5","PERDAS COM EQUIVALENCIA PATRIMONIAL     ","PERDAS COM EQUIVALENCIA PATRIMONIAL     ","PERDAS COM EQUIVALENCIA PATRIMONIAL     ","PERDAS COM EQUIVALENCIA PATRIMONIAL     ","PERDAS COM EQUIVALENCIA PATRIMONIAL     ","PERDAS COM EQUIVALENCIA PATRIMONIAL     ","PERDAS COM EQUIVALENCIA PATRIMONIAL     ","DESPESAS NAO OPERACIONAIS               ","CUSTO DE DESENVOLVIMENTO                ","DESPESAS NAO OPERACIONAIS               ","RESUMO DOS INVESTIMENTOS                ","51011002            ","51011002            ","51011002            ","51011002            ","51011002            ","51011002            ","51011002            ","51011               ","5101                ","51                  ","5                   ","P |01|AK5200||"
"51011               ","2","P |01|CT1200||51011002","P |01|CT1200||51011002","P |01|CT1200||51011002","P |01|CT1200||51011002","P |01|CT1200||51011002","P |01|CT1200||51011002","P |01|CT1200||51011002","P |01|CT1200||51011","P |01|CT1200||5101","P |01|CT1200||51","P |01|CT1200||5","PERDAS COM EQUIVALENCIA PATRIMONIAL     ","PERDAS COM EQUIVALENCIA PATRIMONIAL     ","PERDAS COM EQUIVALENCIA PATRIMONIAL     ","PERDAS COM EQUIVALENCIA PATRIMONIAL     ","PERDAS COM EQUIVALENCIA PATRIMONIAL     ","PERDAS COM EQUIVALENCIA PATRIMONIAL     ","PERDAS COM EQUIVALENCIA PATRIMONIAL     ","DESPESAS NAO OPERACIONAIS               ","DESPESAS NAO OPERACIONAIS               ","CUSTOS                                  ","DESPESAS NAO OPERACIONAIS               ","51011002            ","51011002            ","51011002            ","51011002            ","51011002            ","51011002            ","51011002            ","51011               ","5101                ","51                  ","5                   ","P |01|AK5200||"
"51011               ","2","P |01|CT1200||51011002","P |01|CT1200||51011002","P |01|CT1200||51011002","P |01|CT1200||51011002","P |01|CT1200||51011002","P |01|CT1200||51011002","P |01|CT1200||51011002","P |01|CT1200||51011","P |01|CT1200||5101","P |01|CT1200||51","P |01|CT1200||5","PERDAS COM EQUIVALENCIA PATRIMONIAL     ","PERDAS COM EQUIVALENCIA PATRIMONIAL     ","PERDAS COM EQUIVALENCIA PATRIMONIAL     ","PERDAS COM EQUIVALENCIA PATRIMONIAL     ","PERDAS COM EQUIVALENCIA PATRIMONIAL     ","PERDAS COM EQUIVALENCIA PATRIMONIAL     ","PERDAS COM EQUIVALENCIA PATRIMONIAL     ","DESPESAS NAO OPERACIONAIS               ","DESPESAS NAO OPERACIONAIS               ","CUSTOS                                  ","RESUMO DOS INVESTIMENTOS                ","51011002            ","51011002            ","51011002            ","51011002            ","51011002            ","51011002            ","51011002            ","51011               ","5101                ","51                  ","5                   ","P |01|AK5200||"
"51011               ","2","P |01|CT1200||51011002","P |01|CT1200||51011002","P |01|CT1200||51011002","P |01|CT1200||51011002","P |01|CT1200||51011002","P |01|CT1200||51011002","P |01|CT1200||51011002","P |01|CT1200||51011","P |01|CT1200||5101","P |01|CT1200||51","P |01|CT1200||5","PERDAS COM EQUIVALENCIA PATRIMONIAL     ","PERDAS COM EQUIVALENCIA PATRIMONIAL     ","PERDAS COM EQUIVALENCIA PATRIMONIAL     ","PERDAS COM EQUIVALENCIA PATRIMONIAL     ","PERDAS COM EQUIVALENCIA PATRIMONIAL     ","PERDAS COM EQUIVALENCIA PATRIMONIAL     ","PERDAS COM EQUIVALENCIA PATRIMONIAL     ","DESPESAS NAO OPERACIONAIS               ","DESPESAS NAO OPERACIONAIS               ","DESPESAS NAO OPERACIONAIS               ","DESPESAS NAO OPERACIONAIS               ","51011002            ","51011002            ","51011002            ","51011002            ","51011002            ","51011002            ","51011002            ","51011               ","5101                ","51                  ","5                   ","P |01|AK5200||"
"51011               ","2","P |01|CT1200||51011002","P |01|CT1200||51011002","P |01|CT1200||51011002","P |01|CT1200||51011002","P |01|CT1200||51011002","P |01|CT1200||51011002","P |01|CT1200||51011002","P |01|CT1200||51011","P |01|CT1200||5101","P |01|CT1200||51","P |01|CT1200||5","PERDAS COM EQUIVALENCIA PATRIMONIAL     ","PERDAS COM EQUIVALENCIA PATRIMONIAL     ","PERDAS COM EQUIVALENCIA PATRIMONIAL     ","PERDAS COM EQUIVALENCIA PATRIMONIAL     ","PERDAS COM EQUIVALENCIA PATRIMONIAL     ","PERDAS COM EQUIVALENCIA PATRIMONIAL     ","PERDAS COM EQUIVALENCIA PATRIMONIAL     ","DESPESAS NAO OPERACIONAIS               ","DESPESAS NAO OPERACIONAIS               ","DESPESAS NAO OPERACIONAIS               ","RESUMO DOS INVESTIMENTOS                ","51011002            ","51011002            ","51011002            ","51011002            ","51011002            ","51011002            ","51011002            ","51011               ","5101                ","51                  ","5                   ","P |01|AK5200||"
"51011               ","2","P |01|CT1200||51011099","P |01|CT1200||51011099","P |01|CT1200||51011099","P |01|CT1200||51011099","P |01|CT1200||51011099","P |01|CT1200||51011099","P |01|CT1200||51011099","P |01|CT1200||51011","P |01|CT1200||5101","P |01|CT1200||51","P |01|CT1200||5","OUTRAS DESPESAS NAO OPERACIONAIS        ","OUTRAS DESPESAS NAO OPERACIONAIS        ","OUTRAS DESPESAS NAO OPERACIONAIS        ","OUTRAS DESPESAS NAO OPERACIONAIS        ","OUTRAS DESPESAS NAO OPERACIONAIS        ","OUTRAS DESPESAS NAO OPERACIONAIS        ","OUTRAS DESPESAS NAO OPERACIONAIS        ","DESPESAS NAO OPERACIONAIS               ","CUSTO DE DESENVOLVIMENTO                ","CUSTOS                                  ","DESPESAS NAO OPERACIONAIS               ","51011099            ","51011099            ","51011099            ","51011099            ","51011099            ","51011099            ","51011099            ","51011               ","5101                ","51                  ","5                   ","P |01|AK5200||"
"51011               ","2","P |01|CT1200||51011099","P |01|CT1200||51011099","P |01|CT1200||51011099","P |01|CT1200||51011099","P |01|CT1200||51011099","P |01|CT1200||51011099","P |01|CT1200||51011099","P |01|CT1200||51011","P |01|CT1200||5101","P |01|CT1200||51","P |01|CT1200||5","OUTRAS DESPESAS NAO OPERACIONAIS        ","OUTRAS DESPESAS NAO OPERACIONAIS        ","OUTRAS DESPESAS NAO OPERACIONAIS        ","OUTRAS DESPESAS NAO OPERACIONAIS        ","OUTRAS DESPESAS NAO OPERACIONAIS        ","OUTRAS DESPESAS NAO OPERACIONAIS        ","OUTRAS DESPESAS NAO OPERACIONAIS        ","DESPESAS NAO OPERACIONAIS               ","CUSTO DE DESENVOLVIMENTO                ","CUSTOS                                  ","RESUMO DOS INVESTIMENTOS                ","51011099            ","51011099            ","51011099            ","51011099            ","51011099            ","51011099            ","51011099            ","51011               ","5101                ","51                  ","5                   ","P |01|AK5200||"
"51011               ","2","P |01|CT1200||51011099","P |01|CT1200||51011099","P |01|CT1200||51011099","P |01|CT1200||51011099","P |01|CT1200||51011099","P |01|CT1200||51011099","P |01|CT1200||51011099","P |01|CT1200||51011","P |01|CT1200||5101","P |01|CT1200||51","P |01|CT1200||5","OUTRAS DESPESAS NAO OPERACIONAIS        ","OUTRAS DESPESAS NAO OPERACIONAIS        ","OUTRAS DESPESAS NAO OPERACIONAIS        ","OUTRAS DESPESAS NAO OPERACIONAIS        ","OUTRAS DESPESAS NAO OPERACIONAIS        ","OUTRAS DESPESAS NAO OPERACIONAIS        ","OUTRAS DESPESAS NAO OPERACIONAIS        ","DESPESAS NAO OPERACIONAIS               ","CUSTO DE DESENVOLVIMENTO                ","DESPESAS NAO OPERACIONAIS               ","DESPESAS NAO OPERACIONAIS               ","51011099            ","51011099            ","51011099            ","51011099            ","51011099            ","51011099            ","51011099            ","51011               ","5101                ","51                  ","5                   ","P |01|AK5200||"
"51011               ","2","P |01|CT1200||51011099","P |01|CT1200||51011099","P |01|CT1200||51011099","P |01|CT1200||51011099","P |01|CT1200||51011099","P |01|CT1200||51011099","P |01|CT1200||51011099","P |01|CT1200||51011","P |01|CT1200||5101","P |01|CT1200||51","P |01|CT1200||5","OUTRAS DESPESAS NAO OPERACIONAIS        ","OUTRAS DESPESAS NAO OPERACIONAIS        ","OUTRAS DESPESAS NAO OPERACIONAIS        ","OUTRAS DESPESAS NAO OPERACIONAIS        ","OUTRAS DESPESAS NAO OPERACIONAIS        ","OUTRAS DESPESAS NAO OPERACIONAIS        ","OUTRAS DESPESAS NAO OPERACIONAIS        ","DESPESAS NAO OPERACIONAIS               ","CUSTO DE DESENVOLVIMENTO                ","DESPESAS NAO OPERACIONAIS               ","RESUMO DOS INVESTIMENTOS                ","51011099            ","51011099            ","51011099            ","51011099            ","51011099            ","51011099            ","51011099            ","51011               ","5101                ","51                  ","5                   ","P |01|AK5200||"
"51011               ","2","P |01|CT1200||51011099","P |01|CT1200||51011099","P |01|CT1200||51011099","P |01|CT1200||51011099","P |01|CT1200||51011099","P |01|CT1200||51011099","P |01|CT1200||51011099","P |01|CT1200||51011","P |01|CT1200||5101","P |01|CT1200||51","P |01|CT1200||5","OUTRAS DESPESAS NAO OPERACIONAIS        ","OUTRAS DESPESAS NAO OPERACIONAIS        ","OUTRAS DESPESAS NAO OPERACIONAIS        ","OUTRAS DESPESAS NAO OPERACIONAIS        ","OUTRAS DESPESAS NAO OPERACIONAIS        ","OUTRAS DESPESAS NAO OPERACIONAIS        ","OUTRAS DESPESAS NAO OPERACIONAIS        ","DESPESAS NAO OPERACIONAIS               ","DESPESAS NAO OPERACIONAIS               ","CUSTOS                                  ","DESPESAS NAO OPERACIONAIS               ","51011099            ","51011099            ","51011099            ","51011099            ","51011099            ","51011099            ","51011099            ","51011               ","5101                ","51                  ","5                   ","P |01|AK5200||"
"51011               ","2","P |01|CT1200||51011099","P |01|CT1200||51011099","P |01|CT1200||51011099","P |01|CT1200||51011099","P |01|CT1200||51011099","P |01|CT1200||51011099","P |01|CT1200||51011099","P |01|CT1200||51011","P |01|CT1200||5101","P |01|CT1200||51","P |01|CT1200||5","OUTRAS DESPESAS NAO OPERACIONAIS        ","OUTRAS DESPESAS NAO OPERACIONAIS        ","OUTRAS DESPESAS NAO OPERACIONAIS        ","OUTRAS DESPESAS NAO OPERACIONAIS        ","OUTRAS DESPESAS NAO OPERACIONAIS        ","OUTRAS DESPESAS NAO OPERACIONAIS        ","OUTRAS DESPESAS NAO OPERACIONAIS        ","DESPESAS NAO OPERACIONAIS               ","DESPESAS NAO OPERACIONAIS               ","CUSTOS                                  ","RESUMO DOS INVESTIMENTOS                ","51011099            ","51011099            ","51011099            ","51011099            ","51011099            ","51011099            ","51011099            ","51011               ","5101                ","51                  ","5                   ","P |01|AK5200||"
"51011               ","2","P |01|CT1200||51011099","P |01|CT1200||51011099","P |01|CT1200||51011099","P |01|CT1200||51011099","P |01|CT1200||51011099","P |01|CT1200||51011099","P |01|CT1200||51011099","P |01|CT1200||51011","P |01|CT1200||5101","P |01|CT1200||51","P |01|CT1200||5","OUTRAS DESPESAS NAO OPERACIONAIS        ","OUTRAS DESPESAS NAO OPERACIONAIS        ","OUTRAS DESPESAS NAO OPERACIONAIS        ","OUTRAS DESPESAS NAO OPERACIONAIS        ","OUTRAS DESPESAS NAO OPERACIONAIS        ","OUTRAS DESPESAS NAO OPERACIONAIS        ","OUTRAS DESPESAS NAO OPERACIONAIS        ","DESPESAS NAO OPERACIONAIS               ","DESPESAS NAO OPERACIONAIS               ","DESPESAS NAO OPERACIONAIS               ","DESPESAS NAO OPERACIONAIS               ","51011099            ","51011099            ","51011099            ","51011099            ","51011099            ","51011099            ","51011099            ","51011               ","5101                ","51                  ","5                   ","P |01|AK5200||"
"51011               ","2","P |01|CT1200||51011099","P |01|CT1200||51011099","P |01|CT1200||51011099","P |01|CT1200||51011099","P |01|CT1200||51011099","P |01|CT1200||51011099","P |01|CT1200||51011099","P |01|CT1200||51011","P |01|CT1200||5101","P |01|CT1200||51","P |01|CT1200||5","OUTRAS DESPESAS NAO OPERACIONAIS        ","OUTRAS DESPESAS NAO OPERACIONAIS        ","OUTRAS DESPESAS NAO OPERACIONAIS        ","OUTRAS DESPESAS NAO OPERACIONAIS        ","OUTRAS DESPESAS NAO OPERACIONAIS        ","OUTRAS DESPESAS NAO OPERACIONAIS        ","OUTRAS DESPESAS NAO OPERACIONAIS        ","DESPESAS NAO OPERACIONAIS               ","DESPESAS NAO OPERACIONAIS               ","DESPESAS NAO OPERACIONAIS               ","RESUMO DOS INVESTIMENTOS                ","51011099            ","51011099            ","51011099            ","51011099            ","51011099            ","51011099            ","51011099            ","51011               ","5101                ","51                  ","5                   ","P |01|AK5200||"
"6                   ","1","P |01|CT1200||61","P |01|CT1200||61","P |01|CT1200||61","P |01|CT1200||61","P |01|CT1200||61","P |01|CT1200||61","P |01|CT1200||61","P |01|CT1200||61","P |01|CT1200||61","P |01|CT1200||61","P |01|CT1200||6","RECEITAS FINANCEIRAS                    ","RECEITAS FINANCEIRAS                    ","RECEITAS FINANCEIRAS                    ","RECEITAS FINANCEIRAS                    ","RECEITAS FINANCEIRAS                    ","RECEITAS FINANCEIRAS                    ","RECEITAS FINANCEIRAS                    ","RECEITAS FINANCEIRAS                    ","RECEITAS FINANCEIRAS                    ","RECEITAS FINANCEIRAS                    ","RECEITAS FINANCEIRAS                    ","61                  ","61                  ","61                  ","61                  ","61                  ","61                  ","61                  ","61                  ","61                  ","61                  ","6                   ","P |01|AK5200||"
"6                   ","1","P |01|CT1200||62","P |01|CT1200||62","P |01|CT1200||62","P |01|CT1200||62","P |01|CT1200||62","P |01|CT1200||62","P |01|CT1200||62","P |01|CT1200||62","P |01|CT1200||62","P |01|CT1200||62","P |01|CT1200||6","RECEITAS NAO OPERACIONAIS               ","RECEITAS NAO OPERACIONAIS               ","RECEITAS NAO OPERACIONAIS               ","RECEITAS NAO OPERACIONAIS               ","RECEITAS NAO OPERACIONAIS               ","RECEITAS NAO OPERACIONAIS               ","RECEITAS NAO OPERACIONAIS               ","RECEITAS NAO OPERACIONAIS               ","RECEITAS NAO OPERACIONAIS               ","RECEITAS NAO OPERACIONAIS               ","RECEITAS FINANCEIRAS                    ","62                  ","62                  ","62                  ","62                  ","62                  ","62                  ","62                  ","62                  ","62                  ","62                  ","6                   ","P |01|AK5200||"
"61                  ","1","P |01|CT1200||6101","P |01|CT1200||6101","P |01|CT1200||6101","P |01|CT1200||6101","P |01|CT1200||6101","P |01|CT1200||6101","P |01|CT1200||6101","P |01|CT1200||6101","P |01|CT1200||6101","P |01|CT1200||61","P |01|CT1200||6","RECEITAS FINANCEIRAS                    ","RECEITAS FINANCEIRAS                    ","RECEITAS FINANCEIRAS                    ","RECEITAS FINANCEIRAS                    ","RECEITAS FINANCEIRAS                    ","RECEITAS FINANCEIRAS                    ","RECEITAS FINANCEIRAS                    ","RECEITAS FINANCEIRAS                    ","RECEITAS FINANCEIRAS                    ","RECEITAS FINANCEIRAS                    ","RECEITAS FINANCEIRAS                    ","6101                ","6101                ","6101                ","6101                ","6101                ","6101                ","6101                ","6101                ","6101                ","61                  ","6                   ","P |01|AK5200||"
"6101                ","2","P |01|CT1200||61010001","P |01|CT1200||61010001","P |01|CT1200||61010001","P |01|CT1200||61010001","P |01|CT1200||61010001","P |01|CT1200||61010001","P |01|CT1200||61010001","P |01|CT1200||61010001","P |01|CT1200||6101","P |01|CT1200||61","P |01|CT1200||6","RECEITAS FINANCEIRAS                    ","RECEITAS FINANCEIRAS                    ","RECEITAS FINANCEIRAS                    ","RECEITAS FINANCEIRAS                    ","RECEITAS FINANCEIRAS                    ","RECEITAS FINANCEIRAS                    ","RECEITAS FINANCEIRAS                    ","RECEITAS FINANCEIRAS                    ","RECEITAS FINANCEIRAS                    ","RECEITAS FINANCEIRAS                    ","RECEITAS FINANCEIRAS                    ","61010001            ","61010001            ","61010001            ","61010001            ","61010001            ","61010001            ","61010001            ","61010001            ","6101                ","61                  ","6                   ","P |01|AK5200||30101"
"6101                ","2","P |01|CT1200||6101001","P |01|CT1200||6101001","P |01|CT1200||6101001","P |01|CT1200||6101001","P |01|CT1200||6101001","P |01|CT1200||6101001","P |01|CT1200||6101001","P |01|CT1200||6101001","P |01|CT1200||6101","P |01|CT1200||61","P |01|CT1200||6","RECEITAS FINANCEIRAS                    ","RECEITAS FINANCEIRAS                    ","RECEITAS FINANCEIRAS                    ","RECEITAS FINANCEIRAS                    ","RECEITAS FINANCEIRAS                    ","RECEITAS FINANCEIRAS                    ","RECEITAS FINANCEIRAS                    ","RECEITAS FINANCEIRAS                    ","RECEITAS FINANCEIRAS                    ","RECEITAS FINANCEIRAS                    ","RECEITAS FINANCEIRAS                    ","6101001             ","6101001             ","6101001             ","6101001             ","6101001             ","6101001             ","6101001             ","6101001             ","6101                ","61                  ","6                   ","P |01|AK5200||30101"
"62                  ","1","P |01|CT1200||6201","P |01|CT1200||6201","P |01|CT1200||6201","P |01|CT1200||6201","P |01|CT1200||6201","P |01|CT1200||6201","P |01|CT1200||6201","P |01|CT1200||6201","P |01|CT1200||6201","P |01|CT1200||62","P |01|CT1200||6","RECEITAS NAO OPERACIONAIS               ","RECEITAS NAO OPERACIONAIS               ","RECEITAS NAO OPERACIONAIS               ","RECEITAS NAO OPERACIONAIS               ","RECEITAS NAO OPERACIONAIS               ","RECEITAS NAO OPERACIONAIS               ","RECEITAS NAO OPERACIONAIS               ","RECEITAS NAO OPERACIONAIS               ","RECEITAS NAO OPERACIONAIS               ","RECEITAS NAO OPERACIONAIS               ","RECEITAS FINANCEIRAS                    ","6201                ","6201                ","6201                ","6201                ","6201                ","6201                ","6201                ","6201                ","6201                ","62                  ","6                   ","P |01|AK5200||"
"6201                ","2","P |01|CT1200||62010001","P |01|CT1200||62010001","P |01|CT1200||62010001","P |01|CT1200||62010001","P |01|CT1200||62010001","P |01|CT1200||62010001","P |01|CT1200||62010001","P |01|CT1200||62010001","P |01|CT1200||6201","P |01|CT1200||62","P |01|CT1200||6","RECEITAS VENDA DE BENS                  ","RECEITAS VENDA DE BENS                  ","RECEITAS VENDA DE BENS                  ","RECEITAS VENDA DE BENS                  ","RECEITAS VENDA DE BENS                  ","RECEITAS VENDA DE BENS                  ","RECEITAS VENDA DE BENS                  ","RECEITAS VENDA DE BENS                  ","RECEITAS NAO OPERACIONAIS               ","RECEITAS NAO OPERACIONAIS               ","RECEITAS FINANCEIRAS                    ","62010001            ","62010001            ","62010001            ","62010001            ","62010001            ","62010001            ","62010001            ","62010001            ","6201                ","62                  ","6                   ","P |01|AK5200||"
"6201                ","2","P |01|CT1200||62010002","P |01|CT1200||62010002","P |01|CT1200||62010002","P |01|CT1200||62010002","P |01|CT1200||62010002","P |01|CT1200||62010002","P |01|CT1200||62010002","P |01|CT1200||62010002","P |01|CT1200||6201","P |01|CT1200||62","P |01|CT1200||6","RECEITAS GANHOS EQUIVALENCIA PATRIMONIAL","RECEITAS GANHOS EQUIVALENCIA PATRIMONIAL","RECEITAS GANHOS EQUIVALENCIA PATRIMONIAL","RECEITAS GANHOS EQUIVALENCIA PATRIMONIAL","RECEITAS GANHOS EQUIVALENCIA PATRIMONIAL","RECEITAS GANHOS EQUIVALENCIA PATRIMONIAL","RECEITAS GANHOS EQUIVALENCIA PATRIMONIAL","RECEITAS GANHOS EQUIVALENCIA PATRIMONIAL","RECEITAS NAO OPERACIONAIS               ","RECEITAS NAO OPERACIONAIS               ","RECEITAS FINANCEIRAS                    ","62010002            ","62010002            ","62010002            ","62010002            ","62010002            ","62010002            ","62010002            ","62010002            ","6201                ","62                  ","6                   ","P |01|AK5200||"
"6201                ","2","P |01|CT1200||6201001","P |01|CT1200||6201001","P |01|CT1200||6201001","P |01|CT1200||6201001","P |01|CT1200||6201001","P |01|CT1200||6201001","P |01|CT1200||6201001","P |01|CT1200||6201001","P |01|CT1200||6201","P |01|CT1200||62","P |01|CT1200||6","RECEITA DA VENDA DE BENS                ","RECEITA DA VENDA DE BENS                ","RECEITA DA VENDA DE BENS                ","RECEITA DA VENDA DE BENS                ","RECEITA DA VENDA DE BENS                ","RECEITA DA VENDA DE BENS                ","RECEITA DA VENDA DE BENS                ","RECEITA DA VENDA DE BENS                ","RECEITAS NAO OPERACIONAIS               ","RECEITAS NAO OPERACIONAIS               ","RECEITAS FINANCEIRAS                    ","6201001             ","6201001             ","6201001             ","6201001             ","6201001             ","6201001             ","6201001             ","6201001             ","6201                ","62                  ","6                   ","P |01|AK5200||"
"6201                ","2","P |01|CT1200||62010099","P |01|CT1200||62010099","P |01|CT1200||62010099","P |01|CT1200||62010099","P |01|CT1200||62010099","P |01|CT1200||62010099","P |01|CT1200||62010099","P |01|CT1200||62010099","P |01|CT1200||6201","P |01|CT1200||62","P |01|CT1200||6","OUTRAS RECEITAS NAO OPERACIONAIS        ","OUTRAS RECEITAS NAO OPERACIONAIS        ","OUTRAS RECEITAS NAO OPERACIONAIS        ","OUTRAS RECEITAS NAO OPERACIONAIS        ","OUTRAS RECEITAS NAO OPERACIONAIS        ","OUTRAS RECEITAS NAO OPERACIONAIS        ","OUTRAS RECEITAS NAO OPERACIONAIS        ","OUTRAS RECEITAS NAO OPERACIONAIS        ","RECEITAS NAO OPERACIONAIS               ","RECEITAS NAO OPERACIONAIS               ","RECEITAS FINANCEIRAS                    ","62010099            ","62010099            ","62010099            ","62010099            ","62010099            ","62010099            ","62010099            ","62010099            ","6201                ","62                  ","6                   ","P |01|AK5200||"
"7                   ","1","P |01|CT1200||72","P |01|CT1200||72","P |01|CT1200||72","P |01|CT1200||72","P |01|CT1200||72","P |01|CT1200||72","P |01|CT1200||72","P |01|CT1200||72","P |01|CT1200||72","P |01|CT1200||72","P |01|CT1200||7","DISTRIBUICAO DE LUCROS                  ","DISTRIBUICAO DE LUCROS                  ","DISTRIBUICAO DE LUCROS                  ","DISTRIBUICAO DE LUCROS                  ","DISTRIBUICAO DE LUCROS                  ","DISTRIBUICAO DE LUCROS                  ","DISTRIBUICAO DE LUCROS                  ","DISTRIBUICAO DE LUCROS                  ","DISTRIBUICAO DE LUCROS                  ","DISTRIBUICAO DE LUCROS                  ","DISTRIBUICAO DE LUCROS                  ","72                  ","72                  ","72                  ","72                  ","72                  ","72                  ","72                  ","72                  ","72                  ","72                  ","7                   ","P |01|AK5200||"
"72                  ","1","P |01|CT1200||7201","P |01|CT1200||7201","P |01|CT1200||7201","P |01|CT1200||7201","P |01|CT1200||7201","P |01|CT1200||7201","P |01|CT1200||7201","P |01|CT1200||7201","P |01|CT1200||7201","P |01|CT1200||72","P |01|CT1200||7","DISTRIBUICAO DE LUCROS                  ","DISTRIBUICAO DE LUCROS                  ","DISTRIBUICAO DE LUCROS                  ","DISTRIBUICAO DE LUCROS                  ","DISTRIBUICAO DE LUCROS                  ","DISTRIBUICAO DE LUCROS                  ","DISTRIBUICAO DE LUCROS                  ","DISTRIBUICAO DE LUCROS                  ","DISTRIBUICAO DE LUCROS                  ","DISTRIBUICAO DE LUCROS                  ","DISTRIBUICAO DE LUCROS                  ","7201                ","7201                ","7201                ","7201                ","7201                ","7201                ","7201                ","7201                ","7201                ","72                  ","7                   ","P |01|AK5200||"
"7201                ","2","P |01|CT1200||72011006","P |01|CT1200||72011006","P |01|CT1200||72011006","P |01|CT1200||72011006","P |01|CT1200||72011006","P |01|CT1200||72011006","P |01|CT1200||72011006","P |01|CT1200||72011006","P |01|CT1200||7201","P |01|CT1200||72","P |01|CT1200||7","DISTRIBUICAO LUCRO OUTROS SOCIOS        ","DISTRIBUICAO LUCRO OUTROS SOCIOS        ","DISTRIBUICAO LUCRO OUTROS SOCIOS        ","DISTRIBUICAO LUCRO OUTROS SOCIOS        ","DISTRIBUICAO LUCRO OUTROS SOCIOS        ","DISTRIBUICAO LUCRO OUTROS SOCIOS        ","DISTRIBUICAO LUCRO OUTROS SOCIOS        ","DISTRIBUICAO LUCRO OUTROS SOCIOS        ","DISTRIBUICAO DE LUCROS                  ","DISTRIBUICAO DE LUCROS                  ","DISTRIBUICAO DE LUCROS                  ","72011006            ","72011006            ","72011006            ","72011006            ","72011006            ","72011006            ","72011006            ","72011006            ","7201                ","72                  ","7                   ","P |01|AK5200||"
"7201                ","2","P |01|CT1200||72011011","P |01|CT1200||72011011","P |01|CT1200||72011011","P |01|CT1200||72011011","P |01|CT1200||72011011","P |01|CT1200||72011011","P |01|CT1200||72011011","P |01|CT1200||72011011","P |01|CT1200||7201","P |01|CT1200||72","P |01|CT1200||7","DL - MARCO AURELIO BELTRAME             ","DL - MARCO AURELIO BELTRAME             ","DL - MARCO AURELIO BELTRAME             ","DL - MARCO AURELIO BELTRAME             ","DL - MARCO AURELIO BELTRAME             ","DL - MARCO AURELIO BELTRAME             ","DL - MARCO AURELIO BELTRAME             ","DL - MARCO AURELIO BELTRAME             ","DISTRIBUICAO DE LUCROS                  ","DISTRIBUICAO DE LUCROS                  ","DISTRIBUICAO DE LUCROS                  ","72011011            ","72011011            ","72011011            ","72011011            ","72011011            ","72011011            ","72011011            ","72011011            ","7201                ","72                  ","7                   ","P |01|AK5200||"
"7201                ","2","P |01|CT1200||72011012","P |01|CT1200||72011012","P |01|CT1200||72011012","P |01|CT1200||72011012","P |01|CT1200||72011012","P |01|CT1200||72011012","P |01|CT1200||72011012","P |01|CT1200||72011012","P |01|CT1200||7201","P |01|CT1200||72","P |01|CT1200||7","DL - RICARDO CISNEIRO                   ","DL - RICARDO CISNEIRO                   ","DL - RICARDO CISNEIRO                   ","DL - RICARDO CISNEIRO                   ","DL - RICARDO CISNEIRO                   ","DL - RICARDO CISNEIRO                   ","DL - RICARDO CISNEIRO                   ","DL - RICARDO CISNEIRO                   ","DISTRIBUICAO DE LUCROS                  ","DISTRIBUICAO DE LUCROS                  ","DISTRIBUICAO DE LUCROS                  ","72011012            ","72011012            ","72011012            ","72011012            ","72011012            ","72011012            ","72011012            ","72011012            ","7201                ","72                  ","7                   ","P |01|AK5200||"
"7201                ","2","P |01|CT1200||72011013","P |01|CT1200||72011013","P |01|CT1200||72011013","P |01|CT1200||72011013","P |01|CT1200||72011013","P |01|CT1200||72011013","P |01|CT1200||72011013","P |01|CT1200||72011013","P |01|CT1200||7201","P |01|CT1200||72","P |01|CT1200||7","DL - VALTER BELTRAME                    ","DL - VALTER BELTRAME                    ","DL - VALTER BELTRAME                    ","DL - VALTER BELTRAME                    ","DL - VALTER BELTRAME                    ","DL - VALTER BELTRAME                    ","DL - VALTER BELTRAME                    ","DL - VALTER BELTRAME                    ","DISTRIBUICAO DE LUCROS                  ","DISTRIBUICAO DE LUCROS                  ","DISTRIBUICAO DE LUCROS                  ","72011013            ","72011013            ","72011013            ","72011013            ","72011013            ","72011013            ","72011013            ","72011013            ","7201                ","72                  ","7                   ","P |01|AK5200||"
"7201                ","2","P |01|CT1200||72011014","P |01|CT1200||72011014","P |01|CT1200||72011014","P |01|CT1200||72011014","P |01|CT1200||72011014","P |01|CT1200||72011014","P |01|CT1200||72011014","P |01|CT1200||72011014","P |01|CT1200||7201","P |01|CT1200||72","P |01|CT1200||7","DL - ALESSANDRO PERALTA                 ","DL - ALESSANDRO PERALTA                 ","DL - ALESSANDRO PERALTA                 ","DL - ALESSANDRO PERALTA                 ","DL - ALESSANDRO PERALTA                 ","DL - ALESSANDRO PERALTA                 ","DL - ALESSANDRO PERALTA                 ","DL - ALESSANDRO PERALTA                 ","DISTRIBUICAO DE LUCROS                  ","DISTRIBUICAO DE LUCROS                  ","DISTRIBUICAO DE LUCROS                  ","72011014            ","72011014            ","72011014            ","72011014            ","72011014            ","72011014            ","72011014            ","72011014            ","7201                ","72                  ","7                   ","P |01|AK5200||"
"7201                ","2","P |01|CT1200||72011015","P |01|CT1200||72011015","P |01|CT1200||72011015","P |01|CT1200||72011015","P |01|CT1200||72011015","P |01|CT1200||72011015","P |01|CT1200||72011015","P |01|CT1200||72011015","P |01|CT1200||7201","P |01|CT1200||72","P |01|CT1200||7","DL- FERNANDO NAPPI                      ","DL- FERNANDO NAPPI                      ","DL- FERNANDO NAPPI                      ","DL- FERNANDO NAPPI                      ","DL- FERNANDO NAPPI                      ","DL- FERNANDO NAPPI                      ","DL- FERNANDO NAPPI                      ","DL- FERNANDO NAPPI                      ","DISTRIBUICAO DE LUCROS                  ","DISTRIBUICAO DE LUCROS                  ","DISTRIBUICAO DE LUCROS                  ","72011015            ","72011015            ","72011015            ","72011015            ","72011015            ","72011015            ","72011015            ","72011015            ","7201                ","72                  ","7                   ","P |01|AK5200||"
"7201                ","2","P |01|CT1200||72011016","P |01|CT1200||72011016","P |01|CT1200||72011016","P |01|CT1200||72011016","P |01|CT1200||72011016","P |01|CT1200||72011016","P |01|CT1200||72011016","P |01|CT1200||72011016","P |01|CT1200||7201","P |01|CT1200||72","P |01|CT1200||7","DL- ADERSON PAIS DE ARRUDA              ","DL- ADERSON PAIS DE ARRUDA              ","DL- ADERSON PAIS DE ARRUDA              ","DL- ADERSON PAIS DE ARRUDA              ","DL- ADERSON PAIS DE ARRUDA              ","DL- ADERSON PAIS DE ARRUDA              ","DL- ADERSON PAIS DE ARRUDA              ","DL- ADERSON PAIS DE ARRUDA              ","DISTRIBUICAO DE LUCROS                  ","DISTRIBUICAO DE LUCROS                  ","DISTRIBUICAO DE LUCROS                  ","72011016            ","72011016            ","72011016            ","72011016            ","72011016            ","72011016            ","72011016            ","72011016            ","7201                ","72                  ","7                   ","P |01|AK5200||"
"7201                ","2","P |01|CT1200||72011017","P |01|CT1200||72011017","P |01|CT1200||72011017","P |01|CT1200||72011017","P |01|CT1200||72011017","P |01|CT1200||72011017","P |01|CT1200||72011017","P |01|CT1200||72011017","P |01|CT1200||7201","P |01|CT1200||72","P |01|CT1200||7","DL- EMERSON WAGNER                      ","DL- EMERSON WAGNER                      ","DL- EMERSON WAGNER                      ","DL- EMERSON WAGNER                      ","DL- EMERSON WAGNER                      ","DL- EMERSON WAGNER                      ","DL- EMERSON WAGNER                      ","DL- EMERSON WAGNER                      ","DISTRIBUICAO DE LUCROS                  ","DISTRIBUICAO DE LUCROS                  ","DISTRIBUICAO DE LUCROS                  ","72011017            ","72011017            ","72011017            ","72011017            ","72011017            ","72011017            ","72011017            ","72011017            ","7201                ","72                  ","7                   ","P |01|AK5200||"
"7201                ","2","P |01|CT1200||72011020","P |01|CT1200||72011020","P |01|CT1200||72011020","P |01|CT1200||72011020","P |01|CT1200||72011020","P |01|CT1200||72011020","P |01|CT1200||72011020","P |01|CT1200||72011020","P |01|CT1200||7201","P |01|CT1200||72","P |01|CT1200||7","DL-RODRIGO OLIVEIRA BRITO               ","DL-RODRIGO OLIVEIRA BRITO               ","DL-RODRIGO OLIVEIRA BRITO               ","DL-RODRIGO OLIVEIRA BRITO               ","DL-RODRIGO OLIVEIRA BRITO               ","DL-RODRIGO OLIVEIRA BRITO               ","DL-RODRIGO OLIVEIRA BRITO               ","DL-RODRIGO OLIVEIRA BRITO               ","DISTRIBUICAO DE LUCROS                  ","DISTRIBUICAO DE LUCROS                  ","DISTRIBUICAO DE LUCROS                  ","72011020            ","72011020            ","72011020            ","72011020            ","72011020            ","72011020            ","72011020            ","72011020            ","7201                ","72                  ","7                   ","P |01|AK5200||"
"7201                ","2","P |01|CT1200||72011021","P |01|CT1200||72011021","P |01|CT1200||72011021","P |01|CT1200||72011021","P |01|CT1200||72011021","P |01|CT1200||72011021","P |01|CT1200||72011021","P |01|CT1200||72011021","P |01|CT1200||7201","P |01|CT1200||72","P |01|CT1200||7","DL - GEISA CARLA BORGES                 ","DL - GEISA CARLA BORGES                 ","DL - GEISA CARLA BORGES                 ","DL - GEISA CARLA BORGES                 ","DL - GEISA CARLA BORGES                 ","DL - GEISA CARLA BORGES                 ","DL - GEISA CARLA BORGES                 ","DL - GEISA CARLA BORGES                 ","DISTRIBUICAO DE LUCROS                  ","DISTRIBUICAO DE LUCROS                  ","DISTRIBUICAO DE LUCROS                  ","72011021            ","72011021            ","72011021            ","72011021            ","72011021            ","72011021            ","72011021            ","72011021            ","7201                ","72                  ","7                   ","P |01|AK5200||"
"7201                ","2","P |01|CT1200||72011022","P |01|CT1200||72011022","P |01|CT1200||72011022","P |01|CT1200||72011022","P |01|CT1200||72011022","P |01|CT1200||72011022","P |01|CT1200||72011022","P |01|CT1200||72011022","P |01|CT1200||7201","P |01|CT1200||72","P |01|CT1200||7","DL - INATIVO                            ","DL - INATIVO                            ","DL - INATIVO                            ","DL - INATIVO                            ","DL - INATIVO                            ","DL - INATIVO                            ","DL - INATIVO                            ","DL - INATIVO                            ","DISTRIBUICAO DE LUCROS                  ","DISTRIBUICAO DE LUCROS                  ","DISTRIBUICAO DE LUCROS                  ","72011022            ","72011022            ","72011022            ","72011022            ","72011022            ","72011022            ","72011022            ","72011022            ","7201                ","72                  ","7                   ","P |01|AK5200||"
"7201                ","2","P |01|CT1200||72011090","P |01|CT1200||72011090","P |01|CT1200||72011090","P |01|CT1200||72011090","P |01|CT1200||72011090","P |01|CT1200||72011090","P |01|CT1200||72011090","P |01|CT1200||72011090","P |01|CT1200||7201","P |01|CT1200||72","P |01|CT1200||7","AQUISICAO JOBSX                         ","AQUISICAO JOBSX                         ","AQUISICAO JOBSX                         ","AQUISICAO JOBSX                         ","AQUISICAO JOBSX                         ","AQUISICAO JOBSX                         ","AQUISICAO JOBSX                         ","AQUISICAO JOBSX                         ","DISTRIBUICAO DE LUCROS                  ","DISTRIBUICAO DE LUCROS                  ","DISTRIBUICAO DE LUCROS                  ","72011090            ","72011090            ","72011090            ","72011090            ","72011090            ","72011090            ","72011090            ","72011090            ","7201                ","72                  ","7                   ","P |01|AK5200||"
"8                   ","1","P |01|CT1200||81","P |01|CT1200||81","P |01|CT1200||81","P |01|CT1200||81","P |01|CT1200||81","P |01|CT1200||81","P |01|CT1200||81","P |01|CT1200||81","P |01|CT1200||81","P |01|CT1200||81","P |01|CT1200||8","PROVISOES IMPOSTOS S/RESULTADO          ","PROVISOES IMPOSTOS S/RESULTADO          ","PROVISOES IMPOSTOS S/RESULTADO          ","PROVISOES IMPOSTOS S/RESULTADO          ","PROVISOES IMPOSTOS S/RESULTADO          ","PROVISOES IMPOSTOS S/RESULTADO          ","PROVISOES IMPOSTOS S/RESULTADO          ","PROVISOES IMPOSTOS S/RESULTADO          ","PROVISOES IMPOSTOS S/RESULTADO          ","PROVISOES IMPOSTOS S/RESULTADO          ","PROVISOES IMPOSTOS S/RESULTADO          ","81                  ","81                  ","81                  ","81                  ","81                  ","81                  ","81                  ","81                  ","81                  ","81                  ","8                   ","P |01|AK5200||"
"81                  ","1","P |01|CT1200||8101","P |01|CT1200||8101","P |01|CT1200||8101","P |01|CT1200||8101","P |01|CT1200||8101","P |01|CT1200||8101","P |01|CT1200||8101","P |01|CT1200||8101","P |01|CT1200||8101","P |01|CT1200||81","P |01|CT1200||8","PROVISAO IMPOSTOS S/RESULTADO           ","PROVISAO IMPOSTOS S/RESULTADO           ","PROVISAO IMPOSTOS S/RESULTADO           ","PROVISAO IMPOSTOS S/RESULTADO           ","PROVISAO IMPOSTOS S/RESULTADO           ","PROVISAO IMPOSTOS S/RESULTADO           ","PROVISAO IMPOSTOS S/RESULTADO           ","PROVISAO IMPOSTOS S/RESULTADO           ","PROVISAO IMPOSTOS S/RESULTADO           ","PROVISOES IMPOSTOS S/RESULTADO          ","PROVISOES IMPOSTOS S/RESULTADO          ","8101                ","8101                ","8101                ","8101                ","8101                ","8101                ","8101                ","8101                ","8101                ","81                  ","8                   ","P |01|AK5200||"
"8101                ","2","P |01|CT1200||81010001","P |01|CT1200||81010001","P |01|CT1200||81010001","P |01|CT1200||81010001","P |01|CT1200||81010001","P |01|CT1200||81010001","P |01|CT1200||81010001","P |01|CT1200||81010001","P |01|CT1200||8101","P |01|CT1200||81","P |01|CT1200||8","PROVISAO IRPJ                           ","PROVISAO IRPJ                           ","PROVISAO IRPJ                           ","PROVISAO IRPJ                           ","PROVISAO IRPJ                           ","PROVISAO IRPJ                           ","PROVISAO IRPJ                           ","PROVISAO IRPJ                           ","PROVISAO IMPOSTOS S/RESULTADO           ","PROVISOES IMPOSTOS S/RESULTADO          ","PROVISOES IMPOSTOS S/RESULTADO          ","81010001            ","81010001            ","81010001            ","81010001            ","81010001            ","81010001            ","81010001            ","81010001            ","8101                ","81                  ","8                   ","P |01|AK5200||"
"8101                ","2","P |01|CT1200||81010002","P |01|CT1200||81010002","P |01|CT1200||81010002","P |01|CT1200||81010002","P |01|CT1200||81010002","P |01|CT1200||81010002","P |01|CT1200||81010002","P |01|CT1200||81010002","P |01|CT1200||8101","P |01|CT1200||81","P |01|CT1200||8","PROVISAO CSLL                           ","PROVISAO CSLL                           ","PROVISAO CSLL                           ","PROVISAO CSLL                           ","PROVISAO CSLL                           ","PROVISAO CSLL                           ","PROVISAO CSLL                           ","PROVISAO CSLL                           ","PROVISAO IMPOSTOS S/RESULTADO           ","PROVISOES IMPOSTOS S/RESULTADO          ","PROVISOES IMPOSTOS S/RESULTADO          ","81010002            ","81010002            ","81010002            ","81010002            ","81010002            ","81010002            ","81010002            ","81010002            ","8101                ","81                  ","8                   ","P |01|AK5200||"
"8101                ","2","P |01|CT1200||8101001","P |01|CT1200||8101001","P |01|CT1200||8101001","P |01|CT1200||8101001","P |01|CT1200||8101001","P |01|CT1200||8101001","P |01|CT1200||8101001","P |01|CT1200||8101001","P |01|CT1200||8101","P |01|CT1200||81","P |01|CT1200||8","PROVISAO IRPJ S/ LUCRO                  ","PROVISAO IRPJ S/ LUCRO                  ","PROVISAO IRPJ S/ LUCRO                  ","PROVISAO IRPJ S/ LUCRO                  ","PROVISAO IRPJ S/ LUCRO                  ","PROVISAO IRPJ S/ LUCRO                  ","PROVISAO IRPJ S/ LUCRO                  ","PROVISAO IRPJ S/ LUCRO                  ","PROVISAO IMPOSTOS S/RESULTADO           ","PROVISOES IMPOSTOS S/RESULTADO          ","PROVISOES IMPOSTOS S/RESULTADO          ","8101001             ","8101001             ","8101001             ","8101001             ","8101001             ","8101001             ","8101001             ","8101001             ","8101                ","81                  ","8                   ","P |01|AK5200||"
"8101                ","2","P |01|CT1200||81010010","P |01|CT1200||81010010","P |01|CT1200||81010010","P |01|CT1200||81010010","P |01|CT1200||81010010","P |01|CT1200||81010010","P |01|CT1200||81010010","P |01|CT1200||81010010","P |01|CT1200||8101","P |01|CT1200||81","P |01|CT1200||8","IMPOSTO S/TRANSACAO FINANCEIRA- ITF     ","IMPOSTO S/TRANSACAO FINANCEIRA- ITF     ","IMPOSTO S/TRANSACAO FINANCEIRA- ITF     ","IMPOSTO S/TRANSACAO FINANCEIRA- ITF     ","IMPOSTO S/TRANSACAO FINANCEIRA- ITF     ","IMPOSTO S/TRANSACAO FINANCEIRA- ITF     ","IMPOSTO S/TRANSACAO FINANCEIRA- ITF     ","IMPOSTO S/TRANSACAO FINANCEIRA- ITF     ","PROVISAO IMPOSTOS S/RESULTADO           ","PROVISOES IMPOSTOS S/RESULTADO          ","PROVISOES IMPOSTOS S/RESULTADO          ","81010010            ","81010010            ","81010010            ","81010010            ","81010010            ","81010010            ","81010010            ","81010010            ","8101                ","81                  ","8                   ","P |01|AK5200||"
"8101                ","2","P |01|CT1200||81010011","P |01|CT1200||81010011","P |01|CT1200||81010011","P |01|CT1200||81010011","P |01|CT1200||81010011","P |01|CT1200||81010011","P |01|CT1200||81010011","P |01|CT1200||81010011","P |01|CT1200||8101","P |01|CT1200||81","P |01|CT1200||8","IMPOSTO S/TRANSACAO FINANCEIRA- IVA     ","IMPOSTO S/TRANSACAO FINANCEIRA- IVA     ","IMPOSTO S/TRANSACAO FINANCEIRA- IVA     ","IMPOSTO S/TRANSACAO FINANCEIRA- IVA     ","IMPOSTO S/TRANSACAO FINANCEIRA- IVA     ","IMPOSTO S/TRANSACAO FINANCEIRA- IVA     ","IMPOSTO S/TRANSACAO FINANCEIRA- IVA     ","IMPOSTO S/TRANSACAO FINANCEIRA- IVA     ","PROVISAO IMPOSTOS S/RESULTADO           ","PROVISOES IMPOSTOS S/RESULTADO          ","PROVISOES IMPOSTOS S/RESULTADO          ","81010011            ","81010011            ","81010011            ","81010011            ","81010011            ","81010011            ","81010011            ","81010011            ","8101                ","81                  ","8                   ","P |01|AK5200||"
"8101                ","2","P |01|CT1200||8101002","P |01|CT1200||8101002","P |01|CT1200||8101002","P |01|CT1200||8101002","P |01|CT1200||8101002","P |01|CT1200||8101002","P |01|CT1200||8101002","P |01|CT1200||8101002","P |01|CT1200||8101","P |01|CT1200||81","P |01|CT1200||8","PROVISAO CSLL S/LUCRO                   ","PROVISAO CSLL S/LUCRO                   ","PROVISAO CSLL S/LUCRO                   ","PROVISAO CSLL S/LUCRO                   ","PROVISAO CSLL S/LUCRO                   ","PROVISAO CSLL S/LUCRO                   ","PROVISAO CSLL S/LUCRO                   ","PROVISAO CSLL S/LUCRO                   ","PROVISAO IMPOSTOS S/RESULTADO           ","PROVISOES IMPOSTOS S/RESULTADO          ","PROVISOES IMPOSTOS S/RESULTADO          ","8101002             ","8101002             ","8101002             ","8101002             ","8101002             ","8101002             ","8101002             ","8101002             ","8101                ","81                  ","8                   ","P |01|AK5200||"
"8101                ","2","P |01|CT1200||8101010","P |01|CT1200||8101010","P |01|CT1200||8101010","P |01|CT1200||8101010","P |01|CT1200||8101010","P |01|CT1200||8101010","P |01|CT1200||8101010","P |01|CT1200||8101010","P |01|CT1200||8101","P |01|CT1200||81","P |01|CT1200||8","IMPOSTOS JOBS                           ","IMPOSTOS JOBS                           ","IMPOSTOS JOBS                           ","IMPOSTOS JOBS                           ","IMPOSTOS JOBS                           ","IMPOSTOS JOBS                           ","IMPOSTOS JOBS                           ","IMPOSTOS JOBS                           ","PROVISAO IMPOSTOS S/RESULTADO           ","PROVISOES IMPOSTOS S/RESULTADO          ","PROVISOES IMPOSTOS S/RESULTADO          ","8101010             ","8101010             ","8101010             ","8101010             ","8101010             ","8101010             ","8101010             ","8101010             ","8101                ","81                  ","8                   ","P |01|AK5200||"
"9                   ","1","P |01|CT1200||91","P |01|CT1200||91","P |01|CT1200||91","P |01|CT1200||91","P |01|CT1200||91","P |01|CT1200||91","P |01|CT1200||91","P |01|CT1200||91","P |01|CT1200||91","P |01|CT1200||91","P |01|CT1200||9","TRANSITORIO DE DISTR.LUCROS             ","TRANSITORIO DE DISTR.LUCROS             ","TRANSITORIO DE DISTR.LUCROS             ","TRANSITORIO DE DISTR.LUCROS             ","TRANSITORIO DE DISTR.LUCROS             ","TRANSITORIO DE DISTR.LUCROS             ","TRANSITORIO DE DISTR.LUCROS             ","TRANSITORIO DE DISTR.LUCROS             ","TRANSITORIO DE DISTR.LUCROS             ","TRANSITORIO DE DISTR.LUCROS             ","CONTAS TRANSITORIAS                     ","91                  ","91                  ","91                  ","91                  ","91                  ","91                  ","91                  ","91                  ","91                  ","91                  ","9                   ","P |01|AK5200||"
"9                   ","1","P |01|CT1200||92","P |01|CT1200||92","P |01|CT1200||92","P |01|CT1200||92","P |01|CT1200||92","P |01|CT1200||92","P |01|CT1200||92","P |01|CT1200||92","P |01|CT1200||92","P |01|CT1200||92","P |01|CT1200||9","TRANSITORIA DE IMPOSTOS                 ","TRANSITORIA DE IMPOSTOS                 ","TRANSITORIA DE IMPOSTOS                 ","TRANSITORIA DE IMPOSTOS                 ","TRANSITORIA DE IMPOSTOS                 ","TRANSITORIA DE IMPOSTOS                 ","TRANSITORIA DE IMPOSTOS                 ","TRANSITORIA DE IMPOSTOS                 ","TRANSITORIA DE IMPOSTOS                 ","TRANSITORIA DE IMPOSTOS                 ","CONTAS TRANSITORIAS                     ","92                  ","92                  ","92                  ","92                  ","92                  ","92                  ","92                  ","92                  ","92                  ","92                  ","9                   ","P |01|AK5200||"
"9                   ","1","P |01|CT1200||93","P |01|CT1200||93","P |01|CT1200||93","P |01|CT1200||93","P |01|CT1200||93","P |01|CT1200||93","P |01|CT1200||93","P |01|CT1200||93","P |01|CT1200||93","P |01|CT1200||93","P |01|CT1200||9","TRANSITORIAS                            ","TRANSITORIAS                            ","TRANSITORIAS                            ","TRANSITORIAS                            ","TRANSITORIAS                            ","TRANSITORIAS                            ","TRANSITORIAS                            ","TRANSITORIAS                            ","TRANSITORIAS                            ","TRANSITORIAS                            ","CONTAS TRANSITORIAS                     ","93                  ","93                  ","93                  ","93                  ","93                  ","93                  ","93                  ","93                  ","93                  ","93                  ","9                   ","P |01|AK5200||"
"9                   ","1","P |01|CT1200||94","P |01|CT1200||94","P |01|CT1200||94","P |01|CT1200||94","P |01|CT1200||94","P |01|CT1200||94","P |01|CT1200||94","P |01|CT1200||94","P |01|CT1200||94","P |01|CT1200||94","P |01|CT1200||9","TRANSITORIA RATEIOS INTERNOS            ","TRANSITORIA RATEIOS INTERNOS            ","TRANSITORIA RATEIOS INTERNOS            ","TRANSITORIA RATEIOS INTERNOS            ","TRANSITORIA RATEIOS INTERNOS            ","TRANSITORIA RATEIOS INTERNOS            ","TRANSITORIA RATEIOS INTERNOS            ","TRANSITORIA RATEIOS INTERNOS            ","TRANSITORIA RATEIOS INTERNOS            ","TRANSITORIA RATEIOS INTERNOS            ","CONTAS TRANSITORIAS                     ","94                  ","94                  ","94                  ","94                  ","94                  ","94                  ","94                  ","94                  ","94                  ","94                  ","9                   ","P |01|AK5200||"
"9                   ","1","P |01|CT1200||95","P |01|CT1200||95","P |01|CT1200||95","P |01|CT1200||95","P |01|CT1200||95","P |01|CT1200||95","P |01|CT1200||95","P |01|CT1200||95","P |01|CT1200||95","P |01|CT1200||95","P |01|CT1200||9","TRANSITORIA SOCIOS                      ","TRANSITORIA SOCIOS                      ","TRANSITORIA SOCIOS                      ","TRANSITORIA SOCIOS                      ","TRANSITORIA SOCIOS                      ","TRANSITORIA SOCIOS                      ","TRANSITORIA SOCIOS                      ","TRANSITORIA SOCIOS                      ","TRANSITORIA SOCIOS                      ","TRANSITORIA SOCIOS                      ","CONTAS TRANSITORIAS                     ","95                  ","95                  ","95                  ","95                  ","95                  ","95                  ","95                  ","95                  ","95                  ","95                  ","9                   ","P |01|AK5200||"
"91                  ","1","P |01|CT1200||910","P |01|CT1200||910","P |01|CT1200||910","P |01|CT1200||910","P |01|CT1200||910","P |01|CT1200||910","P |01|CT1200||910","P |01|CT1200||910","P |01|CT1200||910","P |01|CT1200||91","P |01|CT1200||9","DISTRIBUICAO LUCROS HOLDINGS            ","DISTRIBUICAO LUCROS HOLDINGS            ","DISTRIBUICAO LUCROS HOLDINGS            ","DISTRIBUICAO LUCROS HOLDINGS            ","DISTRIBUICAO LUCROS HOLDINGS            ","DISTRIBUICAO LUCROS HOLDINGS            ","DISTRIBUICAO LUCROS HOLDINGS            ","DISTRIBUICAO LUCROS HOLDINGS            ","DISTRIBUICAO LUCROS HOLDINGS            ","TRANSITORIO DE DISTR.LUCROS             ","CONTAS TRANSITORIAS                     ","910                 ","910                 ","910                 ","910                 ","910                 ","910                 ","910                 ","910                 ","910                 ","91                  ","9                   ","P |01|AK5200||"
"910                 ","2","P |01|CT1200||910001","P |01|CT1200||910001","P |01|CT1200||910001","P |01|CT1200||910001","P |01|CT1200||910001","P |01|CT1200||910001","P |01|CT1200||910001","P |01|CT1200||910001","P |01|CT1200||910","P |01|CT1200||91","P |01|CT1200||9","M.A. BELTRAME PARTICIPACOES             ","M.A. BELTRAME PARTICIPACOES             ","M.A. BELTRAME PARTICIPACOES             ","M.A. BELTRAME PARTICIPACOES             ","M.A. BELTRAME PARTICIPACOES             ","M.A. BELTRAME PARTICIPACOES             ","M.A. BELTRAME PARTICIPACOES             ","M.A. BELTRAME PARTICIPACOES             ","DISTRIBUICAO LUCROS HOLDINGS            ","TRANSITORIO DE DISTR.LUCROS             ","CONTAS TRANSITORIAS                     ","910001              ","910001              ","910001              ","910001              ","910001              ","910001              ","910001              ","910001              ","910                 ","91                  ","9                   ","P |01|AK5200||"
"910                 ","2","P |01|CT1200||910002","P |01|CT1200||910002","P |01|CT1200||910002","P |01|CT1200||910002","P |01|CT1200||910002","P |01|CT1200||910002","P |01|CT1200||910002","P |01|CT1200||910002","P |01|CT1200||910","P |01|CT1200||91","P |01|CT1200||9","CISNEIRO PARTICIPACOES                  ","CISNEIRO PARTICIPACOES                  ","CISNEIRO PARTICIPACOES                  ","CISNEIRO PARTICIPACOES                  ","CISNEIRO PARTICIPACOES                  ","CISNEIRO PARTICIPACOES                  ","CISNEIRO PARTICIPACOES                  ","CISNEIRO PARTICIPACOES                  ","DISTRIBUICAO LUCROS HOLDINGS            ","TRANSITORIO DE DISTR.LUCROS             ","CONTAS TRANSITORIAS                     ","910002              ","910002              ","910002              ","910002              ","910002              ","910002              ","910002              ","910002              ","910                 ","91                  ","9                   ","P |01|AK5200||"
"910                 ","2","P |01|CT1200||910003","P |01|CT1200||910003","P |01|CT1200||910003","P |01|CT1200||910003","P |01|CT1200||910003","P |01|CT1200||910003","P |01|CT1200||910003","P |01|CT1200||910003","P |01|CT1200||910","P |01|CT1200||91","P |01|CT1200||9","EE.WW. PARTICIPACOES                    ","EE.WW. PARTICIPACOES                    ","EE.WW. PARTICIPACOES                    ","EE.WW. PARTICIPACOES                    ","EE.WW. PARTICIPACOES                    ","EE.WW. PARTICIPACOES                    ","EE.WW. PARTICIPACOES                    ","EE.WW. PARTICIPACOES                    ","DISTRIBUICAO LUCROS HOLDINGS            ","TRANSITORIO DE DISTR.LUCROS             ","CONTAS TRANSITORIAS                     ","910003              ","910003              ","910003              ","910003              ","910003              ","910003              ","910003              ","910003              ","910                 ","91                  ","9                   ","P |01|AK5200||"
"910                 ","2","P |01|CT1200||910004","P |01|CT1200||910004","P |01|CT1200||910004","P |01|CT1200||910004","P |01|CT1200||910004","P |01|CT1200||910004","P |01|CT1200||910004","P |01|CT1200||910004","P |01|CT1200||910","P |01|CT1200||91","P |01|CT1200||9","BELTRAME E MOZARDO PARTICIPACOES        ","BELTRAME E MOZARDO PARTICIPACOES        ","BELTRAME E MOZARDO PARTICIPACOES        ","BELTRAME E MOZARDO PARTICIPACOES        ","BELTRAME E MOZARDO PARTICIPACOES        ","BELTRAME E MOZARDO PARTICIPACOES        ","BELTRAME E MOZARDO PARTICIPACOES        ","BELTRAME E MOZARDO PARTICIPACOES        ","DISTRIBUICAO LUCROS HOLDINGS            ","TRANSITORIO DE DISTR.LUCROS             ","CONTAS TRANSITORIAS                     ","910004              ","910004              ","910004              ","910004              ","910004              ","910004              ","910004              ","910004              ","910                 ","91                  ","9                   ","P |01|AK5200||"
"910                 ","2","P |01|CT1200||910005","P |01|CT1200||910005","P |01|CT1200||910005","P |01|CT1200||910005","P |01|CT1200||910005","P |01|CT1200||910005","P |01|CT1200||910005","P |01|CT1200||910005","P |01|CT1200||910","P |01|CT1200||91","P |01|CT1200||9","PR7 PARTICIPACOES                       ","PR7 PARTICIPACOES                       ","PR7 PARTICIPACOES                       ","PR7 PARTICIPACOES                       ","PR7 PARTICIPACOES                       ","PR7 PARTICIPACOES                       ","PR7 PARTICIPACOES                       ","PR7 PARTICIPACOES                       ","DISTRIBUICAO LUCROS HOLDINGS            ","TRANSITORIO DE DISTR.LUCROS             ","CONTAS TRANSITORIAS                     ","910005              ","910005              ","910005              ","910005              ","910005              ","910005              ","910005              ","910005              ","910                 ","91                  ","9                   ","P |01|AK5200||"
"910                 ","2","P |01|CT1200||910006","P |01|CT1200||910006","P |01|CT1200||910006","P |01|CT1200||910006","P |01|CT1200||910006","P |01|CT1200||910006","P |01|CT1200||910006","P |01|CT1200||910006","P |01|CT1200||910","P |01|CT1200||91","P |01|CT1200||9","RO INVESTIMENTOS E PARTICIPACOES        ","RO INVESTIMENTOS E PARTICIPACOES        ","RO INVESTIMENTOS E PARTICIPACOES        ","RO INVESTIMENTOS E PARTICIPACOES        ","RO INVESTIMENTOS E PARTICIPACOES        ","RO INVESTIMENTOS E PARTICIPACOES        ","RO INVESTIMENTOS E PARTICIPACOES        ","RO INVESTIMENTOS E PARTICIPACOES        ","DISTRIBUICAO LUCROS HOLDINGS            ","TRANSITORIO DE DISTR.LUCROS             ","CONTAS TRANSITORIAS                     ","910006              ","910006              ","910006              ","910006              ","910006              ","910006              ","910006              ","910006              ","910                 ","91                  ","9                   ","P |01|AK5200||"
"910                 ","2","P |01|CT1200||910007","P |01|CT1200||910007","P |01|CT1200||910007","P |01|CT1200||910007","P |01|CT1200||910007","P |01|CT1200||910007","P |01|CT1200||910007","P |01|CT1200||910007","P |01|CT1200||910","P |01|CT1200||91","P |01|CT1200||9","ARRUDA & BEVENUTO PARTICIPACOES         ","ARRUDA & BEVENUTO PARTICIPACOES         ","ARRUDA & BEVENUTO PARTICIPACOES         ","ARRUDA & BEVENUTO PARTICIPACOES         ","ARRUDA & BEVENUTO PARTICIPACOES         ","ARRUDA & BEVENUTO PARTICIPACOES         ","ARRUDA & BEVENUTO PARTICIPACOES         ","ARRUDA & BEVENUTO PARTICIPACOES         ","DISTRIBUICAO LUCROS HOLDINGS            ","TRANSITORIO DE DISTR.LUCROS             ","CONTAS TRANSITORIAS                     ","910007              ","910007              ","910007              ","910007              ","910007              ","910007              ","910007              ","910007              ","910                 ","91                  ","9                   ","P |01|AK5200||"
"910                 ","2","P |01|CT1200||910008","P |01|CT1200||910008","P |01|CT1200||910008","P |01|CT1200||910008","P |01|CT1200||910008","P |01|CT1200||910008","P |01|CT1200||910008","P |01|CT1200||910008","P |01|CT1200||910","P |01|CT1200||91","P |01|CT1200||9","NAPPI PARTICIPACOES                     ","NAPPI PARTICIPACOES                     ","NAPPI PARTICIPACOES                     ","NAPPI PARTICIPACOES                     ","NAPPI PARTICIPACOES                     ","NAPPI PARTICIPACOES                     ","NAPPI PARTICIPACOES                     ","NAPPI PARTICIPACOES                     ","DISTRIBUICAO LUCROS HOLDINGS            ","TRANSITORIO DE DISTR.LUCROS             ","CONTAS TRANSITORIAS                     ","910008              ","910008              ","910008              ","910008              ","910008              ","910008              ","910008              ","910008              ","910                 ","91                  ","9                   ","P |01|AK5200||"
"910                 ","2","P |01|CT1200||910100","P |01|CT1200||910100","P |01|CT1200||910100","P |01|CT1200||910100","P |01|CT1200||910100","P |01|CT1200||910100","P |01|CT1200||910100","P |01|CT1200||910100","P |01|CT1200||910","P |01|CT1200||91","P |01|CT1200||9","TRANSITORIA DIST.LUCRO-CONTRA PARTIDA   ","TRANSITORIA DIST.LUCRO-CONTRA PARTIDA   ","TRANSITORIA DIST.LUCRO-CONTRA PARTIDA   ","TRANSITORIA DIST.LUCRO-CONTRA PARTIDA   ","TRANSITORIA DIST.LUCRO-CONTRA PARTIDA   ","TRANSITORIA DIST.LUCRO-CONTRA PARTIDA   ","TRANSITORIA DIST.LUCRO-CONTRA PARTIDA   ","TRANSITORIA DIST.LUCRO-CONTRA PARTIDA   ","DISTRIBUICAO LUCROS HOLDINGS            ","TRANSITORIO DE DISTR.LUCROS             ","CONTAS TRANSITORIAS                     ","910100              ","910100              ","910100              ","910100              ","910100              ","910100              ","910100              ","910100              ","910                 ","91                  ","9                   ","P |01|AK5200||"
"92                  ","1","P |01|CT1200||920","P |01|CT1200||920","P |01|CT1200||920","P |01|CT1200||920","P |01|CT1200||920","P |01|CT1200||920","P |01|CT1200||920","P |01|CT1200||920","P |01|CT1200||920","P |01|CT1200||92","P |01|CT1200||9","TRANSITORIA DE IMPOSTOS                 ","TRANSITORIA DE IMPOSTOS                 ","TRANSITORIA DE IMPOSTOS                 ","TRANSITORIA DE IMPOSTOS                 ","TRANSITORIA DE IMPOSTOS                 ","TRANSITORIA DE IMPOSTOS                 ","TRANSITORIA DE IMPOSTOS                 ","TRANSITORIA DE IMPOSTOS                 ","TRANSITORIA DE IMPOSTOS                 ","TRANSITORIA DE IMPOSTOS                 ","CONTAS TRANSITORIAS                     ","920                 ","920                 ","920                 ","920                 ","920                 ","920                 ","920                 ","920                 ","920                 ","92                  ","9                   ","P |01|AK5200||"
"920                 ","2","P |01|CT1200||920001","P |01|CT1200||920001","P |01|CT1200||920001","P |01|CT1200||920001","P |01|CT1200||920001","P |01|CT1200||920001","P |01|CT1200||920001","P |01|CT1200||920001","P |01|CT1200||920","P |01|CT1200||92","P |01|CT1200||9","IMPOSTOS SOBRE FATURAMENTO              ","IMPOSTOS SOBRE FATURAMENTO              ","IMPOSTOS SOBRE FATURAMENTO              ","IMPOSTOS SOBRE FATURAMENTO              ","IMPOSTOS SOBRE FATURAMENTO              ","IMPOSTOS SOBRE FATURAMENTO              ","IMPOSTOS SOBRE FATURAMENTO              ","IMPOSTOS SOBRE FATURAMENTO              ","TRANSITORIA DE IMPOSTOS                 ","TRANSITORIA DE IMPOSTOS                 ","CONTAS TRANSITORIAS                     ","920001              ","920001              ","920001              ","920001              ","920001              ","920001              ","920001              ","920001              ","920                 ","92                  ","9                   ","P |01|AK5200||"
"920                 ","2","P |01|CT1200||920002","P |01|CT1200||920002","P |01|CT1200||920002","P |01|CT1200||920002","P |01|CT1200||920002","P |01|CT1200||920002","P |01|CT1200||920002","P |01|CT1200||920002","P |01|CT1200||920","P |01|CT1200||92","P |01|CT1200||9","PROVISAO IRPJ A PAGAR                   ","PROVISAO IRPJ A PAGAR                   ","PROVISAO IRPJ A PAGAR                   ","PROVISAO IRPJ A PAGAR                   ","PROVISAO IRPJ A PAGAR                   ","PROVISAO IRPJ A PAGAR                   ","PROVISAO IRPJ A PAGAR                   ","PROVISAO IRPJ A PAGAR                   ","TRANSITORIA DE IMPOSTOS                 ","TRANSITORIA DE IMPOSTOS                 ","CONTAS TRANSITORIAS                     ","920002              ","920002              ","920002              ","920002              ","920002              ","920002              ","920002              ","920002              ","920                 ","92                  ","9                   ","P |01|AK5200||"
"920                 ","2","P |01|CT1200||920003","P |01|CT1200||920003","P |01|CT1200||920003","P |01|CT1200||920003","P |01|CT1200||920003","P |01|CT1200||920003","P |01|CT1200||920003","P |01|CT1200||920003","P |01|CT1200||920","P |01|CT1200||92","P |01|CT1200||9","PROVISAO CSLL A PAGAR                   ","PROVISAO CSLL A PAGAR                   ","PROVISAO CSLL A PAGAR                   ","PROVISAO CSLL A PAGAR                   ","PROVISAO CSLL A PAGAR                   ","PROVISAO CSLL A PAGAR                   ","PROVISAO CSLL A PAGAR                   ","PROVISAO CSLL A PAGAR                   ","TRANSITORIA DE IMPOSTOS                 ","TRANSITORIA DE IMPOSTOS                 ","CONTAS TRANSITORIAS                     ","920003              ","920003              ","920003              ","920003              ","920003              ","920003              ","920003              ","920003              ","920                 ","92                  ","9                   ","P |01|AK5200||"
"920                 ","2","P |01|CT1200||920100","P |01|CT1200||920100","P |01|CT1200||920100","P |01|CT1200||920100","P |01|CT1200||920100","P |01|CT1200||920100","P |01|CT1200||920100","P |01|CT1200||920100","P |01|CT1200||920","P |01|CT1200||92","P |01|CT1200||9","TRANSITORIA DE IMPOSTOS - CONTRA PARTIDA","TRANSITORIA DE IMPOSTOS - CONTRA PARTIDA","TRANSITORIA DE IMPOSTOS - CONTRA PARTIDA","TRANSITORIA DE IMPOSTOS - CONTRA PARTIDA","TRANSITORIA DE IMPOSTOS - CONTRA PARTIDA","TRANSITORIA DE IMPOSTOS - CONTRA PARTIDA","TRANSITORIA DE IMPOSTOS - CONTRA PARTIDA","TRANSITORIA DE IMPOSTOS - CONTRA PARTIDA","TRANSITORIA DE IMPOSTOS                 ","TRANSITORIA DE IMPOSTOS                 ","CONTAS TRANSITORIAS                     ","920100              ","920100              ","920100              ","920100              ","920100              ","920100              ","920100              ","920100              ","920                 ","92                  ","9                   ","P |01|AK5200||"
"93                  ","1","P |01|CT1200||930","P |01|CT1200||930","P |01|CT1200||930","P |01|CT1200||930","P |01|CT1200||930","P |01|CT1200||930","P |01|CT1200||930","P |01|CT1200||930","P |01|CT1200||930","P |01|CT1200||93","P |01|CT1200||9","TRANSITORIA DE EMPRESTIMOS/INVESTIMENTOS","TRANSITORIA DE EMPRESTIMOS/INVESTIMENTOS","TRANSITORIA DE EMPRESTIMOS/INVESTIMENTOS","TRANSITORIA DE EMPRESTIMOS/INVESTIMENTOS","TRANSITORIA DE EMPRESTIMOS/INVESTIMENTOS","TRANSITORIA DE EMPRESTIMOS/INVESTIMENTOS","TRANSITORIA DE EMPRESTIMOS/INVESTIMENTOS","TRANSITORIA DE EMPRESTIMOS/INVESTIMENTOS","TRANSITORIA DE EMPRESTIMOS/INVESTIMENTOS","TRANSITORIAS                            ","CONTAS TRANSITORIAS                     ","930                 ","930                 ","930                 ","930                 ","930                 ","930                 ","930                 ","930                 ","930                 ","93                  ","9                   ","P |01|AK5200||"
"930                 ","2","P |01|CT1200||930001","P |01|CT1200||930001","P |01|CT1200||930001","P |01|CT1200||930001","P |01|CT1200||930001","P |01|CT1200||930001","P |01|CT1200||930001","P |01|CT1200||930001","P |01|CT1200||930","P |01|CT1200||93","P |01|CT1200||9","TRANSITORIA DE CONTRATOS CAP. GIRO      ","TRANSITORIA DE CONTRATOS CAP. GIRO      ","TRANSITORIA DE CONTRATOS CAP. GIRO      ","TRANSITORIA DE CONTRATOS CAP. GIRO      ","TRANSITORIA DE CONTRATOS CAP. GIRO      ","TRANSITORIA DE CONTRATOS CAP. GIRO      ","TRANSITORIA DE CONTRATOS CAP. GIRO      ","TRANSITORIA DE CONTRATOS CAP. GIRO      ","TRANSITORIA DE EMPRESTIMOS/INVESTIMENTOS","TRANSITORIAS                            ","CONTAS TRANSITORIAS                     ","930001              ","930001              ","930001              ","930001              ","930001              ","930001              ","930001              ","930001              ","930                 ","93                  ","9                   ","P |01|AK5200||"
"930                 ","2","P |01|CT1200||930002","P |01|CT1200||930002","P |01|CT1200||930002","P |01|CT1200||930002","P |01|CT1200||930002","P |01|CT1200||930002","P |01|CT1200||930002","P |01|CT1200||930002","P |01|CT1200||930","P |01|CT1200||93","P |01|CT1200||9","TRANSITORIA DE CONTRATOSS DE MUTUO      ","TRANSITORIA DE CONTRATOSS DE MUTUO      ","TRANSITORIA DE CONTRATOSS DE MUTUO      ","TRANSITORIA DE CONTRATOSS DE MUTUO      ","TRANSITORIA DE CONTRATOSS DE MUTUO      ","TRANSITORIA DE CONTRATOSS DE MUTUO      ","TRANSITORIA DE CONTRATOSS DE MUTUO      ","TRANSITORIA DE CONTRATOSS DE MUTUO      ","TRANSITORIA DE EMPRESTIMOS/INVESTIMENTOS","TRANSITORIAS                            ","CONTAS TRANSITORIAS                     ","930002              ","930002              ","930002              ","930002              ","930002              ","930002              ","930002              ","930002              ","930                 ","93                  ","9                   ","P |01|AK5200||"
"930                 ","2","P |01|CT1200||930003","P |01|CT1200||930003","P |01|CT1200||930003","P |01|CT1200||930003","P |01|CT1200||930003","P |01|CT1200||930003","P |01|CT1200||930003","P |01|CT1200||930003","P |01|CT1200||930","P |01|CT1200||93","P |01|CT1200||9","TRANSITORIA IMOB.COMPRA CARTEIRA-MUTUO  ","TRANSITORIA IMOB.COMPRA CARTEIRA-MUTUO  ","TRANSITORIA IMOB.COMPRA CARTEIRA-MUTUO  ","TRANSITORIA IMOB.COMPRA CARTEIRA-MUTUO  ","TRANSITORIA IMOB.COMPRA CARTEIRA-MUTUO  ","TRANSITORIA IMOB.COMPRA CARTEIRA-MUTUO  ","TRANSITORIA IMOB.COMPRA CARTEIRA-MUTUO  ","TRANSITORIA IMOB.COMPRA CARTEIRA-MUTUO  ","TRANSITORIA DE EMPRESTIMOS/INVESTIMENTOS","TRANSITORIAS                            ","CONTAS TRANSITORIAS                     ","930003              ","930003              ","930003              ","930003              ","930003              ","930003              ","930003              ","930003              ","930                 ","93                  ","9                   ","P |01|AK5200||"
"930                 ","2","P |01|CT1200||930004","P |01|CT1200||930004","P |01|CT1200||930004","P |01|CT1200||930004","P |01|CT1200||930004","P |01|CT1200||930004","P |01|CT1200||930004","P |01|CT1200||930004","P |01|CT1200||930","P |01|CT1200||93","P |01|CT1200||9","TRANSITORIA IMOB.-MOVEIS/EQUIPAMENTOS   ","TRANSITORIA IMOB.-MOVEIS/EQUIPAMENTOS   ","TRANSITORIA IMOB.-MOVEIS/EQUIPAMENTOS   ","TRANSITORIA IMOB.-MOVEIS/EQUIPAMENTOS   ","TRANSITORIA IMOB.-MOVEIS/EQUIPAMENTOS   ","TRANSITORIA IMOB.-MOVEIS/EQUIPAMENTOS   ","TRANSITORIA IMOB.-MOVEIS/EQUIPAMENTOS   ","TRANSITORIA IMOB.-MOVEIS/EQUIPAMENTOS   ","TRANSITORIA DE EMPRESTIMOS/INVESTIMENTOS","TRANSITORIAS                            ","CONTAS TRANSITORIAS                     ","930004              ","930004              ","930004              ","930004              ","930004              ","930004              ","930004              ","930004              ","930                 ","93                  ","9                   ","P |01|AK5200||"
"930                 ","2","P |01|CT1200||930005","P |01|CT1200||930005","P |01|CT1200||930005","P |01|CT1200||930005","P |01|CT1200||930005","P |01|CT1200||930005","P |01|CT1200||930005","P |01|CT1200||930005","P |01|CT1200||930","P |01|CT1200||93","P |01|CT1200||9","TRANSITORIA IMOB. VEICULOS              ","TRANSITORIA IMOB. VEICULOS              ","TRANSITORIA IMOB. VEICULOS              ","TRANSITORIA IMOB. VEICULOS              ","TRANSITORIA IMOB. VEICULOS              ","TRANSITORIA IMOB. VEICULOS              ","TRANSITORIA IMOB. VEICULOS              ","TRANSITORIA IMOB. VEICULOS              ","TRANSITORIA DE EMPRESTIMOS/INVESTIMENTOS","TRANSITORIAS                            ","CONTAS TRANSITORIAS                     ","930005              ","930005              ","930005              ","930005              ","930005              ","930005              ","930005              ","930005              ","930                 ","93                  ","9                   ","P |01|AK5200||"
"930                 ","2","P |01|CT1200||930006","P |01|CT1200||930006","P |01|CT1200||930006","P |01|CT1200||930006","P |01|CT1200||930006","P |01|CT1200||930006","P |01|CT1200||930006","P |01|CT1200||930006","P |01|CT1200||930","P |01|CT1200||93","P |01|CT1200||9","TRANSITORIA IMOB. CONSORCIOS            ","TRANSITORIA IMOB. CONSORCIOS            ","TRANSITORIA IMOB. CONSORCIOS            ","TRANSITORIA IMOB. CONSORCIOS            ","TRANSITORIA IMOB. CONSORCIOS            ","TRANSITORIA IMOB. CONSORCIOS            ","TRANSITORIA IMOB. CONSORCIOS            ","TRANSITORIA IMOB. CONSORCIOS            ","TRANSITORIA DE EMPRESTIMOS/INVESTIMENTOS","TRANSITORIAS                            ","CONTAS TRANSITORIAS                     ","930006              ","930006              ","930006              ","930006              ","930006              ","930006              ","930006              ","930006              ","930                 ","93                  ","9                   ","P |01|AK5200||"
"930                 ","2","P |01|CT1200||930007","P |01|CT1200||930007","P |01|CT1200||930007","P |01|CT1200||930007","P |01|CT1200||930007","P |01|CT1200||930007","P |01|CT1200||930007","P |01|CT1200||930007","P |01|CT1200||930","P |01|CT1200||93","P |01|CT1200||9","LIQUIDACAO IMPOSTOS EXERC. ANTERIORES   ","LIQUIDACAO IMPOSTOS EXERC. ANTERIORES   ","LIQUIDACAO IMPOSTOS EXERC. ANTERIORES   ","LIQUIDACAO IMPOSTOS EXERC. ANTERIORES   ","LIQUIDACAO IMPOSTOS EXERC. ANTERIORES   ","LIQUIDACAO IMPOSTOS EXERC. ANTERIORES   ","LIQUIDACAO IMPOSTOS EXERC. ANTERIORES   ","LIQUIDACAO IMPOSTOS EXERC. ANTERIORES   ","TRANSITORIA DE EMPRESTIMOS/INVESTIMENTOS","TRANSITORIAS                            ","CONTAS TRANSITORIAS                     ","930007              ","930007              ","930007              ","930007              ","930007              ","930007              ","930007              ","930007              ","930                 ","93                  ","9                   ","P |01|AK5200||"
"930                 ","2","P |01|CT1200||930008","P |01|CT1200||930008","P |01|CT1200||930008","P |01|CT1200||930008","P |01|CT1200||930008","P |01|CT1200||930008","P |01|CT1200||930008","P |01|CT1200||930008","P |01|CT1200||930","P |01|CT1200||93","P |01|CT1200||9","RECEITA VENDAS CARTEIRA CLIENTES        ","RECEITA VENDAS CARTEIRA CLIENTES        ","RECEITA VENDAS CARTEIRA CLIENTES        ","RECEITA VENDAS CARTEIRA CLIENTES        ","RECEITA VENDAS CARTEIRA CLIENTES        ","RECEITA VENDAS CARTEIRA CLIENTES        ","RECEITA VENDAS CARTEIRA CLIENTES        ","RECEITA VENDAS CARTEIRA CLIENTES        ","TRANSITORIA DE EMPRESTIMOS/INVESTIMENTOS","TRANSITORIAS                            ","CONTAS TRANSITORIAS                     ","930008              ","930008              ","930008              ","930008              ","930008              ","930008              ","930008              ","930008              ","930                 ","93                  ","9                   ","P |01|AK5200||"
"930                 ","2","P |01|CT1200||930009","P |01|CT1200||930009","P |01|CT1200||930009","P |01|CT1200||930009","P |01|CT1200||930009","P |01|CT1200||930009","P |01|CT1200||930009","P |01|CT1200||930009","P |01|CT1200||930","P |01|CT1200||93","P |01|CT1200||9","COMPRA COTAS EMPRESA AVIAO              ","COMPRA COTAS EMPRESA AVIAO              ","COMPRA COTAS EMPRESA AVIAO              ","COMPRA COTAS EMPRESA AVIAO              ","COMPRA COTAS EMPRESA AVIAO              ","COMPRA COTAS EMPRESA AVIAO              ","COMPRA COTAS EMPRESA AVIAO              ","COMPRA COTAS EMPRESA AVIAO              ","TRANSITORIA DE EMPRESTIMOS/INVESTIMENTOS","TRANSITORIAS                            ","CONTAS TRANSITORIAS                     ","930009              ","930009              ","930009              ","930009              ","930009              ","930009              ","930009              ","930009              ","930                 ","93                  ","9                   ","P |01|AK5200||"
"930                 ","2","P |01|CT1200||930010","P |01|CT1200||930010","P |01|CT1200||930010","P |01|CT1200||930010","P |01|CT1200||930010","P |01|CT1200||930010","P |01|CT1200||930010","P |01|CT1200||930010","P |01|CT1200||930","P |01|CT1200||93","P |01|CT1200||9","TRANSITORIA CUSTO NOVA SEDE             ","TRANSITORIA CUSTO NOVA SEDE             ","TRANSITORIA CUSTO NOVA SEDE             ","TRANSITORIA CUSTO NOVA SEDE             ","TRANSITORIA CUSTO NOVA SEDE             ","TRANSITORIA CUSTO NOVA SEDE             ","TRANSITORIA CUSTO NOVA SEDE             ","TRANSITORIA CUSTO NOVA SEDE             ","TRANSITORIA DE EMPRESTIMOS/INVESTIMENTOS","TRANSITORIAS                            ","CONTAS TRANSITORIAS                     ","930010              ","930010              ","930010              ","930010              ","930010              ","930010              ","930010              ","930010              ","930                 ","93                  ","9                   ","P |01|AK5200||"
"930                 ","2","P |01|CT1200||930011","P |01|CT1200||930011","P |01|CT1200||930011","P |01|CT1200||930011","P |01|CT1200||930011","P |01|CT1200||930011","P |01|CT1200||930011","P |01|CT1200||930011","P |01|CT1200||930","P |01|CT1200||93","P |01|CT1200||9","LIQUIDACAO EMPRESTIMOS SOCIOS           ","LIQUIDACAO EMPRESTIMOS SOCIOS           ","LIQUIDACAO EMPRESTIMOS SOCIOS           ","LIQUIDACAO EMPRESTIMOS SOCIOS           ","LIQUIDACAO EMPRESTIMOS SOCIOS           ","LIQUIDACAO EMPRESTIMOS SOCIOS           ","LIQUIDACAO EMPRESTIMOS SOCIOS           ","LIQUIDACAO EMPRESTIMOS SOCIOS           ","TRANSITORIA DE EMPRESTIMOS/INVESTIMENTOS","TRANSITORIAS                            ","CONTAS TRANSITORIAS                     ","930011              ","930011              ","930011              ","930011              ","930011              ","930011              ","930011              ","930011              ","930                 ","93                  ","9                   ","P |01|AK5200||"
"930                 ","2","P |01|CT1200||930012","P |01|CT1200||930012","P |01|CT1200||930012","P |01|CT1200||930012","P |01|CT1200||930012","P |01|CT1200||930012","P |01|CT1200||930012","P |01|CT1200||930012","P |01|CT1200||930","P |01|CT1200||93","P |01|CT1200||9","DESPESAS COM FRANQUIADORA-OUTRAS        ","DESPESAS COM FRANQUIADORA-OUTRAS        ","DESPESAS COM FRANQUIADORA-OUTRAS        ","DESPESAS COM FRANQUIADORA-OUTRAS        ","DESPESAS COM FRANQUIADORA-OUTRAS        ","DESPESAS COM FRANQUIADORA-OUTRAS        ","DESPESAS COM FRANQUIADORA-OUTRAS        ","DESPESAS COM FRANQUIADORA-OUTRAS        ","TRANSITORIA DE EMPRESTIMOS/INVESTIMENTOS","TRANSITORIAS                            ","CONTAS TRANSITORIAS                     ","930012              ","930012              ","930012              ","930012              ","930012              ","930012              ","930012              ","930012              ","930                 ","93                  ","9                   ","P |01|AK5200||"
"930                 ","2","P |01|CT1200||930013","P |01|CT1200||930013","P |01|CT1200||930013","P |01|CT1200||930013","P |01|CT1200||930013","P |01|CT1200||930013","P |01|CT1200||930013","P |01|CT1200||930013","P |01|CT1200||930","P |01|CT1200||93","P |01|CT1200||9","COMPRA COTAS/ACOES EMPRESAS             ","COMPRA COTAS/ACOES EMPRESAS             ","COMPRA COTAS/ACOES EMPRESAS             ","COMPRA COTAS/ACOES EMPRESAS             ","COMPRA COTAS/ACOES EMPRESAS             ","COMPRA COTAS/ACOES EMPRESAS             ","COMPRA COTAS/ACOES EMPRESAS             ","COMPRA COTAS/ACOES EMPRESAS             ","TRANSITORIA DE EMPRESTIMOS/INVESTIMENTOS","TRANSITORIAS                            ","CONTAS TRANSITORIAS                     ","930013              ","930013              ","930013              ","930013              ","930013              ","930013              ","930013              ","930013              ","930                 ","93                  ","9                   ","P |01|AK5200||"
"930                 ","2","P |01|CT1200||930014","P |01|CT1200||930014","P |01|CT1200||930014","P |01|CT1200||930014","P |01|CT1200||930014","P |01|CT1200||930014","P |01|CT1200||930014","P |01|CT1200||930014","P |01|CT1200||930","P |01|CT1200||93","P |01|CT1200||9","ENCONTRO CONTAS PARAGUAI X BOLIVIA      ","ENCONTRO CONTAS PARAGUAI X BOLIVIA      ","ENCONTRO CONTAS PARAGUAI X BOLIVIA      ","ENCONTRO CONTAS PARAGUAI X BOLIVIA      ","ENCONTRO CONTAS PARAGUAI X BOLIVIA      ","ENCONTRO CONTAS PARAGUAI X BOLIVIA      ","ENCONTRO CONTAS PARAGUAI X BOLIVIA      ","ENCONTRO CONTAS PARAGUAI X BOLIVIA      ","TRANSITORIA DE EMPRESTIMOS/INVESTIMENTOS","TRANSITORIAS                            ","CONTAS TRANSITORIAS                     ","930014              ","930014              ","930014              ","930014              ","930014              ","930014              ","930014              ","930014              ","930                 ","93                  ","9                   ","P |01|AK5200||19902"
"930                 ","2","P |01|CT1200||930019","P |01|CT1200||930019","P |01|CT1200||930019","P |01|CT1200||930019","P |01|CT1200||930019","P |01|CT1200||930019","P |01|CT1200||930019","P |01|CT1200||930019","P |01|CT1200||930","P |01|CT1200||93","P |01|CT1200||9","REPASSE CUSTO RECURSOS OUTRAS UNIDADES  ","REPASSE CUSTO RECURSOS OUTRAS UNIDADES  ","REPASSE CUSTO RECURSOS OUTRAS UNIDADES  ","REPASSE CUSTO RECURSOS OUTRAS UNIDADES  ","REPASSE CUSTO RECURSOS OUTRAS UNIDADES  ","REPASSE CUSTO RECURSOS OUTRAS UNIDADES  ","REPASSE CUSTO RECURSOS OUTRAS UNIDADES  ","REPASSE CUSTO RECURSOS OUTRAS UNIDADES  ","TRANSITORIA DE EMPRESTIMOS/INVESTIMENTOS","TRANSITORIAS                            ","CONTAS TRANSITORIAS                     ","930019              ","930019              ","930019              ","930019              ","930019              ","930019              ","930019              ","930019              ","930                 ","93                  ","9                   ","P |01|AK5200||20301"
"930                 ","2","P |01|CT1200||930100","P |01|CT1200||930100","P |01|CT1200||930100","P |01|CT1200||930100","P |01|CT1200||930100","P |01|CT1200||930100","P |01|CT1200||930100","P |01|CT1200||930100","P |01|CT1200||930","P |01|CT1200||93","P |01|CT1200||9","TRANSITORIA EMPRESTIMO/INVESTIMENTO- CRE","TRANSITORIA EMPRESTIMO/INVESTIMENTO- CRE","TRANSITORIA EMPRESTIMO/INVESTIMENTO- CRE","TRANSITORIA EMPRESTIMO/INVESTIMENTO- CRE","TRANSITORIA EMPRESTIMO/INVESTIMENTO- CRE","TRANSITORIA EMPRESTIMO/INVESTIMENTO- CRE","TRANSITORIA EMPRESTIMO/INVESTIMENTO- CRE","TRANSITORIA EMPRESTIMO/INVESTIMENTO- CRE","TRANSITORIA DE EMPRESTIMOS/INVESTIMENTOS","TRANSITORIAS                            ","CONTAS TRANSITORIAS                     ","930100              ","930100              ","930100              ","930100              ","930100              ","930100              ","930100              ","930100              ","930                 ","93                  ","9                   ","P |01|AK5200||"
"94                  ","1","P |01|CT1200||940","P |01|CT1200||940","P |01|CT1200||940","P |01|CT1200||940","P |01|CT1200||940","P |01|CT1200||940","P |01|CT1200||940","P |01|CT1200||940","P |01|CT1200||940","P |01|CT1200||94","P |01|CT1200||9","TRANSITORIA RATEIOS INTERNOS            ","TRANSITORIA RATEIOS INTERNOS            ","TRANSITORIA RATEIOS INTERNOS            ","TRANSITORIA RATEIOS INTERNOS            ","TRANSITORIA RATEIOS INTERNOS            ","TRANSITORIA RATEIOS INTERNOS            ","TRANSITORIA RATEIOS INTERNOS            ","TRANSITORIA RATEIOS INTERNOS            ","TRANSITORIA RATEIOS INTERNOS            ","TRANSITORIA RATEIOS INTERNOS            ","CONTAS TRANSITORIAS                     ","940                 ","940                 ","940                 ","940                 ","940                 ","940                 ","940                 ","940                 ","940                 ","94                  ","9                   ","P |01|AK5200||"
"940                 ","2","P |01|CT1200||940001","P |01|CT1200||940001","P |01|CT1200||940001","P |01|CT1200||940001","P |01|CT1200||940001","P |01|CT1200||940001","P |01|CT1200||940001","P |01|CT1200||940001","P |01|CT1200||940","P |01|CT1200||94","P |01|CT1200||9","RATEIOS INTERNOS RECEITA                ","RATEIOS INTERNOS RECEITA                ","RATEIOS INTERNOS RECEITA                ","RATEIOS INTERNOS RECEITA                ","RATEIOS INTERNOS RECEITA                ","RATEIOS INTERNOS RECEITA                ","RATEIOS INTERNOS RECEITA                ","RATEIOS INTERNOS RECEITA                ","TRANSITORIA RATEIOS INTERNOS            ","TRANSITORIA RATEIOS INTERNOS            ","CONTAS TRANSITORIAS                     ","940001              ","940001              ","940001              ","940001              ","940001              ","940001              ","940001              ","940001              ","940                 ","94                  ","9                   ","P |01|AK5200||29901"
"940                 ","2","P |01|CT1200||940002","P |01|CT1200||940002","P |01|CT1200||940002","P |01|CT1200||940002","P |01|CT1200||940002","P |01|CT1200||940002","P |01|CT1200||940002","P |01|CT1200||940002","P |01|CT1200||940","P |01|CT1200||94","P |01|CT1200||9","RATEIOS INTERNOS DESPESAS               ","RATEIOS INTERNOS DESPESAS               ","RATEIOS INTERNOS DESPESAS               ","RATEIOS INTERNOS DESPESAS               ","RATEIOS INTERNOS DESPESAS               ","RATEIOS INTERNOS DESPESAS               ","RATEIOS INTERNOS DESPESAS               ","RATEIOS INTERNOS DESPESAS               ","TRANSITORIA RATEIOS INTERNOS            ","TRANSITORIA RATEIOS INTERNOS            ","CONTAS TRANSITORIAS                     ","940002              ","940002              ","940002              ","940002              ","940002              ","940002              ","940002              ","940002              ","940                 ","94                  ","9                   ","P |01|AK5200||29901"
"940                 ","2","P |01|CT1200||940003","P |01|CT1200||940003","P |01|CT1200||940003","P |01|CT1200||940003","P |01|CT1200||940003","P |01|CT1200||940003","P |01|CT1200||940003","P |01|CT1200||940003","P |01|CT1200||940","P |01|CT1200||94","P |01|CT1200||9","REPASSE RECEITAS ENTRE UNIDADES         ","REPASSE RECEITAS ENTRE UNIDADES         ","REPASSE RECEITAS ENTRE UNIDADES         ","REPASSE RECEITAS ENTRE UNIDADES         ","REPASSE RECEITAS ENTRE UNIDADES         ","REPASSE RECEITAS ENTRE UNIDADES         ","REPASSE RECEITAS ENTRE UNIDADES         ","REPASSE RECEITAS ENTRE UNIDADES         ","TRANSITORIA RATEIOS INTERNOS            ","TRANSITORIA RATEIOS INTERNOS            ","CONTAS TRANSITORIAS                     ","940003              ","940003              ","940003              ","940003              ","940003              ","940003              ","940003              ","940003              ","940                 ","94                  ","9                   ","P |01|AK5200||19901"
"940                 ","2","P |01|CT1200||940100","P |01|CT1200||940100","P |01|CT1200||940100","P |01|CT1200||940100","P |01|CT1200||940100","P |01|CT1200||940100","P |01|CT1200||940100","P |01|CT1200||940100","P |01|CT1200||940","P |01|CT1200||94","P |01|CT1200||9","TRANSITORIA RATEIOS INTERNOS-CONTRAP    ","TRANSITORIA RATEIOS INTERNOS-CONTRAP    ","TRANSITORIA RATEIOS INTERNOS-CONTRAP    ","TRANSITORIA RATEIOS INTERNOS-CONTRAP    ","TRANSITORIA RATEIOS INTERNOS-CONTRAP    ","TRANSITORIA RATEIOS INTERNOS-CONTRAP    ","TRANSITORIA RATEIOS INTERNOS-CONTRAP    ","TRANSITORIA RATEIOS INTERNOS-CONTRAP    ","TRANSITORIA RATEIOS INTERNOS            ","TRANSITORIA RATEIOS INTERNOS            ","CONTAS TRANSITORIAS                     ","940100              ","940100              ","940100              ","940100              ","940100              ","940100              ","940100              ","940100              ","940                 ","94                  ","9                   ","P |01|AK5200||"
"95                  ","1","P |01|CT1200||950","P |01|CT1200||950","P |01|CT1200||950","P |01|CT1200||950","P |01|CT1200||950","P |01|CT1200||950","P |01|CT1200||950","P |01|CT1200||950","P |01|CT1200||950","P |01|CT1200||95","P |01|CT1200||9","DL-SOCIOS                               ","DL-SOCIOS                               ","DL-SOCIOS                               ","DL-SOCIOS                               ","DL-SOCIOS                               ","DL-SOCIOS                               ","DL-SOCIOS                               ","DL-SOCIOS                               ","DL-SOCIOS                               ","TRANSITORIA SOCIOS                      ","CONTAS TRANSITORIAS                     ","950                 ","950                 ","950                 ","950                 ","950                 ","950                 ","950                 ","950                 ","950                 ","95                  ","9                   ","P |01|AK5200||"
"950                 ","2","P |01|CT1200||950001","P |01|CT1200||950001","P |01|CT1200||950001","P |01|CT1200||950001","P |01|CT1200||950001","P |01|CT1200||950001","P |01|CT1200||950001","P |01|CT1200||950001","P |01|CT1200||950","P |01|CT1200||95","P |01|CT1200||9","DL MENSAL                               ","DL MENSAL                               ","DL MENSAL                               ","DL MENSAL                               ","DL MENSAL                               ","DL MENSAL                               ","DL MENSAL                               ","DL MENSAL                               ","DL-SOCIOS                               ","TRANSITORIA SOCIOS                      ","CONTAS TRANSITORIAS                     ","950001              ","950001              ","950001              ","950001              ","950001              ","950001              ","950001              ","950001              ","950                 ","95                  ","9                   ","P |01|AK5200||20301"
"950                 ","2","P |01|CT1200||950100","P |01|CT1200||950100","P |01|CT1200||950100","P |01|CT1200||950100","P |01|CT1200||950100","P |01|CT1200||950100","P |01|CT1200||950100","P |01|CT1200||950100","P |01|CT1200||950","P |01|CT1200||95","P |01|CT1200||9","TRANSITORIA SOCIOS-CONTRAPARTIDA        ","TRANSITORIA SOCIOS-CONTRAPARTIDA        ","TRANSITORIA SOCIOS-CONTRAPARTIDA        ","TRANSITORIA SOCIOS-CONTRAPARTIDA        ","TRANSITORIA SOCIOS-CONTRAPARTIDA        ","TRANSITORIA SOCIOS-CONTRAPARTIDA        ","TRANSITORIA SOCIOS-CONTRAPARTIDA        ","TRANSITORIA SOCIOS-CONTRAPARTIDA        ","DL-SOCIOS                               ","TRANSITORIA SOCIOS                      ","CONTAS TRANSITORIAS                     ","950100              ","950100              ","950100              ","950100              ","950100              ","950100              ","950100              ","950100              ","950                 ","95                  ","9                   ","P |01|AK5200||"
